"key_fangraphs","key_bbref"
13166,"bradlje01"
1000605,"barrima01"
1008165,"martifr01"
1001500,"brownby01"
1002986,"darinro01"
1001836,"caligfr01"
1116,"hernali01"
1007111,"korchst01"
1012254,"snydepo01"
1012667,"suckto01"
1007065,"knudsma01"
11209,"sadleca02"
1005611,"helfha01"
788,"ohkato01"
1011683,"scottja01"
1007666,"littlla01"
24655,"milleow01"
1007585,"lewisma01"
586,"asencmi01"
19470,"edmanto01"
1012982,"thomaki01"
2221,"vasqujo01"
1001329,"bradyne01"
1011012,"roachjo01"
29891,"meekeja01"
19906,"castidi02"
1006793,"kellybi02"
1001352,"brannmi01"
1000878,"bergmal01"
1005748,"hessege01"
1009059,"montaed01"
1012964,"thomabi01"
1000461,"bakerje02"
1002888,"currepe01"
1012901,"tebeapu01"
1004225,"fordto01"
1012096,"smithbi04"
1012823,"tannele01"
1002393,"coffmsl01"
1001992,"carrido01"
1011356,"saboal01"
1014267,"woulfji01"
1005053,"griffto01"
1008547,"mcgresl01"
1003463,"doyleje02"
1008214,"maskrle01"
1012042,"skopejo01"
1012120,"smithda05"
13345,"cessalu01"
1001808,"cacekcr01"
1003256,"dewalch01"
1013656,"washihe01"
1013312,"valdeju01"
1008743,"meledu01"
4573,"penato03"
1013541,"walkuji02"
1013984,"willida03"
1006398,"jenseja01"
15094,"zastrro01"
1006936,"kingly01"
1014240,"woodske01"
1003462,"doyleje01"
1011787,"shanagr01"
1012414,"stanljo02"
5768,"mastnto01"
23565,"schneda03"
1010550,"pruesea01"
489,"pettyad01"
8001,"ramirha01"
1011448,"santred01"
1010956,"riggejo01"
1000452,"bakerfl01"
1007792,"lowfl01"
1011321,"russere01"
12490,"smithty01"
1006365,"jarviro01"
1001938,"cardele01"
1009602,"nippeal01"
1007963,"mageebi01"
1005728,"herrihe01"
1004849,"goochle01"
8280,"sippto01"
1629,"valener01"
1001361,"brashki01"
1002509,"conlojo01"
1007732,"longje01"
1008864,"mileymi01"
1007998,"mailsdu01"
1480,"snellch02"
1202,"creekdo01"
1006494,"johnsra03"
1009003,"mitchjo02"
2628,"repkoja01"
1805,"durritr01"
1014225,"woodjo03"
2858,"moskoda01"
1010612,"quinnto01"
1009013,"mittera01"
1011875,"sherled01"
3719,"taylogr01"
1011,"vogelry01"
1006859,"kepshku01"
6026,"spearna01"
29646,"durbica01"
20589,"colined01"
627,"sadledo01"
1009061,"montara01"
1014320,"yankoge01"
1011597,"schnepe01"
12963,"gomezro01"
1012193,"smithpo01"
1013792,"wertsjo01"
1007009,"klingjo02"
1002385,"cockmji01"
1005967,"hollyed01"
1007968,"maglisa01"
1000504,"bandoch01"
1010297,"phillre01"
29542,"granian01"
1012191,"smithpe02"
1012791,"swiglad01"
10534,"petrija01"
1008500,"mcganam01"
18076,"hallma02"
1004287,"foytapa01"
1002103,"cepedor01"
1002267,"clarkbo02"
14710,"diazed04"
2324,"boscajc01"
1009838,"o'roufr01"
19339,"lopezni01"
1012332,"spencve01"
1000262,"andrewa01"
1003953,"farrst01"
1009221,"morrimi01"
1005028,"gremmed01"
1010724,"rayfofl01"
13877,"mejiaal01"
1003609,"dwyerjo01"
1008566,"mcilrva01"
1005787,"higgibo01"
1007378,"lattibi01"
1003157,"delahji01"
15570,"scribtr01"
1005207,"haighed01"
1010133,"pellaed01"
18882,"lowebr01"
1011685,"scottji02"
1010843,"rescixa01"
1014269,"wrighal01"
1011578,"schmicr01"
10529,"kiekhde01"
1013700,"weaveji02"
1011748,"sentest01"
1003927,"fanweha01"
13619,"junisja01"
11804,"nerishe01"
1000707,"beamal01"
1433,"ramoswi01"
5559,"reyesjo03"
21366,"ottogl01"
1005228,"haliced01"
2677,"pachejo01"
6788,"satinjo01"
457,"zeileto01"
1011568,"schlibi01"
8580,"milleju02"
5448,"chaveje01"
1006072,"howarch01"
1002074,"castlro01"
1002269,"clarkbo04"
1003224,"derripa01"
4293,"hayesbr01"
1175,"pearcjo01"
29715,"goodmhu01"
1007516,"lemkema01"
1005429,"harriri01"
1008797,"merulma01"
1006881,"ketchfr01"
1007214,"kurosry01"
1011272,"rozekdi01"
1002640,"corrifr01"
1009597,"nilanto01"
1005547,"healyjo01"
1001985,"carrch01"
1010767,"reedhu01"
15474,"giolilu01"
1011812,"shaugsh01"
19698,"olivaed02"
1001370,"brazifr01"
1001433,"brillfr01"
1003356,"dohened01"
1000847,"bennesh01"
1004633,"gerkege01"
25629,"freemco01"
1002929,"dailejo01"
15124,"locasti01"
1000544,"barkean01"
4505,"zimmejo02"
1011421,"sandero02"
20205,"beaslje01"
1001923,"cantwto01"
1008958,"millsja01"
29958,"fordha01"
1007260,"lakeed01"
16618,"birdky01"
1013876,"whitegu01"
1008007,"makosfr01"
1000521,"baptitr01"
1007937,"macwhke01"
7759,"herreyo01"
1006874,"kerrjo01"
1002279,"clarked01"
1005568,"heatone01"
7487,"egberja01"
1010792,"reidbi01"
1049,"nevinph01"
1013879,"whiteja02"
1002423,"colemje01"
1007381,"laudnti01"
1012453,"steelji01"
7385,"oteroda01"
1008105,"margojo01"
21741,"assadja01"
1002170,"cheadda01"
733,"johnsad01"
13807,"plaweke01"
1012116,"smithda01"
1000619,"barrysh01"
1006750,"keenaji02"
1960,"holbeaa01"
1007202,"kuheljo01"
1007062,"knoxcl01"
1002972,"danieja02"
2786,"depauju01"
28806,"chourja01"
1006070,"hovlijo01"
1012071,"slusajo01"
948,"bottari01"
22707,"campegu01"
1008863,"milesji01"
2832,"ynoara01"
1000448,"bakerde01"
1002219,"chrismi01"
16017,"despaod01"
1002049,"cassaha01"
1010651,"raglafr01"
1009000,"mitchda01"
1009336,"murakma01"
1014265,"wortmch01"
1008493,"mcfarho01"
1010979,"ripleal01"
1006131,"hudlere01"
8066,"carrobr01"
1007572,"lewalde01"
1004036,"figuebi01"
1009999,"parkecl01"
2368,"jacobbu02"
1005371,"harmobo01"
1002840,"cruzhe02"
5450,"navada01"
1012822,"tanneje01"
1252,"greerru01"
956,"glanvdo01"
1008944,"millijo01"
10029,"schuspa01"
1006908,"killied01"
1694,"turnbde01"
9959,"hassaal01"
1002173,"cheekha01"
1008607,"mclauba01"
15492,"gonsast01"
1002459,"collior02"
1001970,"carmich01"
1209,"grievbe01"
24586,"bradiky01"
1004861,"goodwar01"
1013550,"wallaje01"
1003251,"devliji03"
1010181,"perezge01"
1001504,"browncl01"
1014138,"winnge01"
1009453,"narroje01"
1005032,"greyre01"
1013577,"walshjo03"
1002191,"chilepe01"
21707,"cabreos01"
1006187,"humphmi01"
1000084,"agostju01"
789,"o'leatr01"
1014391,"youngru01"
1012276,"sommepe01"
1012531,"stidhph01"
1620,"roberna01"
7250,"cowgico01"
1007861,"lynchda01"
1014278,"wrighge02"
1001171,"bonneba01"
1001152,"boltoce01"
1007144,"krausja01"
27459,"tsutsyo01"
1011595,"schneje01"
1007751,"lopezal01"
1002945,"daleype01"
1244,"davisdo02"
1005346,"hardilo02"
1005735,"herrnjo01"
1000064,"adamssp02"
1011613,"schrepa01"
1013582,"waltebe01"
1000827,"bendech01"
1004403,"fultobi01"
27583,"actonga01"
773,"downssc01"
9494,"buentja01"
7705,"roberco01"
1012303,"spansbi01"
1008548,"mcgrima01"
1002250,"clackbo01"
1004956,"grassmi01"
1002759,"cregape01"
1001257,"bowieji01"
629,"barnebr02"
1008575,"mcivoot01"
1001233,"bouchme01"
1005531,"hayesvo01"
1013556,"wallere01"
1004790,"goarjo01"
1007292,"landera01"
2388,"alfarja01"
1010180,"perezda01"
1013704,"weavero01"
774,"eischjo01"
1006281,"irwinwa01"
1013083,"tisinja01"
1009307,"mullijo02"
25764,"wittbo02"
4418,"lowrije01"
1004975,"graymi01"
1003032,"davieje01"
1007314,"langdo01"
52,"counscr01"
14593,"boteda01"
1003471,"dozied.01"
10500,"claibpr01"
1009400,"murrato02"
24388,"rodrijo09"
1013980,"willich01"
1005741,"hershor01"
1006118,"hriniwa01"
1008663,"mcnaugo01"
1008777,"mercema01"
16207,"turnbsp01"
1012371,"squirmi01"
1012460,"stegmda01"
1001994,"carrle01"
1010121,"pedrial01"
1011865,"shepara01"
9261,"denniry01"
1007940,"maddefr01"
1000630,"bartobo01"
1010945,"riddldo01"
828,"johnsni01"
1003306,"dillopa01"
9187,"danksjo02"
1006820,"kelsobi01"
1012359,"sprigge01"
1008205,"martyjo01"
13590,"winkeje01"
1014417,"zannido01"
8278,"melilke01"
1006726,"keaglgr01"
9393,"adamsma01"
2184,"grossga01"
3184,"priceda01"
1014422,"zauchno01"
1007755,"lopezhe01"
1003087,"daviswi01"
387,"gutieri01"
1003034,"davisbi01"
1329,"woodwch01"
1005612,"helfrty01"
1009359,"murphdw01"
22092,"tylerky01"
1005401,"harribo02"
13602,"wisdopa01"
3658,"hudsoky01"
1003162,"delanar01"
10053,"greengr01"
132,"cordoma01"
1008104,"marenle01"
1011112,"rodriro02"
1005927,"hoggbi01"
25867,"kreidry01"
19192,"sittibr01"
1012190,"smithpe01"
952,"cormirh01"
1010163,"pennywi01"
1001562,"brownto01"
1001138,"bolaned01"
21896,"marqubr01"
1011503,"schacal01"
3219,"stinsjo01"
1003570,"dunnemi01"
1002244,"ciprifr01"
1001732,"burrojo01"
1002771,"criscda01"
3369,"morilju01"
1007357,"larosjo01"
27463,"crochga01"
1003579,"dunnto01"
8651,"martelu01"
12384,"taylobe11"
2081,"brazecr01"
12240,"tracyma01"
1005271,"hamilda01"
6601,"montzlu01"
6282,"burkegr01"
1004381,"frymawo01"
12143,"garcija03"
1010401,"plympje01"
17237,"briceau01"
15524,"tsengje01"
1001519,"brownge01"
1827,"depaujo01"
1008161,"martide01"
7226,"davidma02"
1001875,"campbbr01"
1008872,"millebi03"
1009722,"o'deake01"
31676,"whiseca01"
1009437,"nagleju01"
6398,"maytr01"
22210,"estraje01"
1009842,"o'roumi01"
1004312,"fredrsc01"
8760,"pegueca01"
1010574,"purneos01"
9651,"ortegjo01"
9112,"daviskh01"
1013672,"watkipa01"
1004914,"gracemi01"
1013113,"tompkch01"
1008094,"mapescl01"
1011861,"sheltsk01"
1013220,"turbege01"
1008079,"manseto01"
1005023,"gregofr01"
1011009,"rizzojo01"
2790,"marmoca01"
1007988,"mahleri01"
1568,"sadleca01"
11467,"coleaj01"
13325,"marrede01"
25550,"waldrma01"
1001574,"brucelo01"
1010534,"priesed01"
1008485,"mcfadgu01"
10951,"garcigr01"
1013578,"walshjo04"
1000665,"batiske01"
1009237,"moschro01"
1003485,"draubja01"
1086,"martied01"
72,"reynoar02"
1011202,"rosebze01"
33644,"campbkr01"
13164,"rodried05"
1012949,"theobro01"
163,"richach01"
1012839,"tatest01"
4661,"bankswe01"
1014235,"woodscl01"
1012732,"suskope01"
1004856,"goodmbi01"
20353,"wilsost02"
1005866,"hoakdo01"
1001697,"burnehe01"
1002559,"conweed01"
1004064,"firovda01"
1001555,"brownpi01"
1011238,"rothbr01"
1000422,"bailefr01"
1688,"foppeje01"
16309,"williau01"
1004865,"goodwi01"
2187,"abercre01"
1007944,"maddemi01"
1876,"taverwi01"
14916,"grayjo02"
1011556,"schesdu01"
13821,"parmlia01"
658,"jordabr01"
17737,"lestejo02"
1010343,"piezsa01"
1013074,"tinglro01"
1005680,"henslch01"
1008881,"millech03"
13360,"bedroca01"
5842,"billich01"
1012318,"spencbe01"
1008880,"millech02"
1008418,"mccormi01"
1012528,"stewasa01"
1004220,"fordge02"
1014365,"youngch01"
1012458,"steevmo01"
173,"cousisc01"
799,"trubych01"
1001114,"boehlge01"
1007888,"lyonste02"
1681,"lakerti01"
26288,"rutscad01"
1001894,"campeca01"
5666,"mesorde01"
9952,"thomptr01"
1001168,"bonilbo01"
1008052,"mandaca01"
1003205,"denmabr01"
1009765,"o'leach01"
1010083,"paulsgi01"
12214,"munoda01"
1279,"seaneru01"
1005426,"harrine01"
1002154,"chappha01"
1005365,"harknsp01"
973,"silvaca01"
1013002,"thompbo01"
13649,"holmecl01"
1003680,"edmonpa01"
1013109,"tomerge01"
1008291,"mayca01"
1013948,"wilhesp01"
1011228,"rossejo01"
1008030,"malloju01"
1443,"ellisma01"
1014428,"zeidero01"
7216,"puellce01"
1013096,"toddja01"
1013263,"uhaltfr01"
1003641,"eastepa01"
1008704,"meadojo01"
29794,"manzaky01"
1005049,"griffpa01"
1008018,"malinto01"
1001534,"brownke02"
1006649,"jumonge01"
1010168,"peplohe01"
25071,"ramsela02"
1000361,"auderi01"
1012871,"taylofr01"
15640,"judgeaa01"
1006864,"kerlior01"
1004822,"gomezle02"
1004702,"gilesbr01"
1013248,"twombge01"
1012733,"sutclbu01"
1007257,"lahtije01"
1012878,"tayloja01"
4721,"storemi01"
1012248,"snydeja01"
50,"cintral01"
1007691,"lockero01"
1005348,"hardyal01"
19482,"vasquan02"
1322,"stewash01"
1006202,"huntehe01"
1013867,"whiteed01"
1009620,"nolesdi01"
1120,"martira03"
1011445,"santone01"
1000330,"arundha01"
1011868,"sheppjo01"
1009760,"oldfida01"
1007712,"lolicmi01"
1009080,"moodyer01"
1007612,"lindavi01"
6893,"cuetojo01"
1001049,"blankho01"
1020,"boydja02"
1572,"crispco01"
1011601,"schofdi01"
1014362,"youngan01"
1068,"bordepa01"
9920,"malonma02"
1004001,"fernasi01"
1001092,"bluejji01"
1160,"josepke01"
9817,"romose01"
1001446,"britoti01"
5496,"peguefr01"
1001942,"carewro01"
1004004,"ferrabi01"
2126,"thompde01"
1006747,"keelewi01"
1012069,"slocuhe01"
1001855,"calvoja01"
1002060,"castica02"
1000532,"barbetu01"
1003361,"dolanco02"
1013323,"valenbo01"
1013284,"unroeti01"
13723,"stallja01"
25459,"burdipe01"
1005613,"helli01"
7872,"rossty01"
1012770,"sweenbi01"
1002469,"colluja01"
1006891,"kiefejo01"
1012764,"swartbu01"
17968,"burkebr01"
20198,"bowdebe01"
21454,"nootbla01"
10796,"edginjo01"
1011581,"schmida02"
24602,"romdr01"
9874,"lemahdj01"
1007048,"knollpu01"
1010454,"porteja01"
1012357,"spragho01"
15487,"reyesvi01"
1014181,"wojcist01"
7851,"schwich01"
1793,"greggke01"
1013654,"washicl01"
3752,"mendead01"
9205,"morrilo01"
1002998,"dascedo01"
1009803,"o'neask01"
19727,"dunanjo01"
1013068,"tillmru01"
29574,"leech02"
1009371,"murphmi01"
1006507,"johnsto01"
1007939,"maddecl01"
1007933,"macphha01"
1001022,"blackti01"
1007250,"lafited01"
1008732,"meinewa01"
1002865,"culloni02"
1000170,"allismi01"
1004351,"friedbo01"
1013761,"welchtu01"
1010764,"reedeic01"
152,"matoslu01"
1003181,"delosra01"
1009928,"oyleran01"
2411,"tabatjo01"
18356,"barrija01"
1003904,"faircra01"
1014220,"woodja01"
1008080,"mansklo01"
1007918,"mackego01"
1008184,"martimo01"
1011882,"sherrfr01"
1010866,"reynoch02"
2240,"penato02"
1003324,"dishmgl01"
1004862,"goodwcl01"
1013495,"waittch01"
1008491,"mcfared01"
17276,"jacksal02"
1000465,"bakerph01"
1007495,"leighjo01"
1008545,"mcgratu01"
1009283,"muellra01"
4064,"duensbr01"
1013364,"vanzadi01"
1012027,"sizemte01"
1011416,"sandejo01"
1013396,"velasgu01"
1012707,"sullimi01"
1014250,"woodwwo01"
3501,"lillibr01"
1006973,"kirrejo01"
1009875,"osinsda01"
1014104,"wilsosq01"
1004925,"grahabi01"
9368,"longoev01"
21894,"santogr01"
1000989,"bishobi02"
1009563,"nichode01"
5329,"hambuma01"
618,"mullesc01"
1007562,"leutz01"
1010469,"pottedy01"
1006565,"jonesja03"
1005332,"hanskdo01"
1009331,"munozpe01"
1012455,"steenke01"
1002875,"cummist01"
1002221,"chrisne01"
1002784,"croftha01"
20617,"mejiaje02"
1007411,"laxtobi01"
1004894,"gossari01"
1008064,"mannier01"
1749,"riverca01"
22541,"valerge01"
33333,"langfwy01"
1010874,"reynoro02"
493,"rivermi02"
1007148,"kravida01"
1013539,"walkewe01"
1000770,"beechma01"
13152,"polanjo01"
1009219,"morrijo06"
24604,"coxau01"
27407,"munozro02"
1005965,"holloji01"
7870,"lucrojo01"
1006616,"jordari03"
16980,"mengdda01"
7773,"kellesh01"
1007112,"koresar01"
14860,"martiky01"
42,"wisema01"
1689,"snydeky01"
1289,"borbope02"
1006404,"jestevi01"
22581,"kirkal01"
1005537,"haywora01"
1007709,"lohrmbi01"
1008836,"michaca01"
1005921,"hoganha01"
19276,"garcied01"
1001277,"boydga01"
1011843,"sheckji01"
13770,"refsnro01"
1003832,"espyce01"
1003504,"driscde02"
1013115,"tomsto01"
1000015,"abbotod01"
25777,"battepe01"
1005184,"haddiha01"
18792,"delpomi01"
1009829,"oranto01"
31562,"dezenza01"
10030,"owingch01"
175,"baergca01"
1009125,"moorera02"
1000625,"barthle01"
1013909,"whitnpi01"
1003182,"delsaga01"
1008113,"marklge01"
10346,"murphjr01"
23223,"mercami01"
1009298,"mullemo01"
1001683,"burkeji01"
951,"coggida01"
1002573,"cookmi01"
1074,"davisbe01"
1008801,"messebu01"
2213,"fortuba01"
1007719,"lombalo01"
1011077,"robinva01"
33174,"barcohu01"
1013133,"torrejo01"
1005751,"hestela01"
1010350,"pilledu01"
1785,"mannida01"
4699,"zumayjo01"
35323,"sasakro01"
11050,"rearich01"
1012009,"singlel01"
26374,"misneka01"
20321,"faircst01"
1006847,"kennera01"
26108,"pallaan01"
1006552,"jonesdo01"
9627,"gomesya01"
15203,"bashlty01"
545,"wilsopr01"
1006036,"hortori01"
1005061,"grimebu01"
1013511,"walkedi01"
1008708,"meadsda01"
26117,"castabl01"
1013576,"walshjo02"
1005973,"holmash01"
1008760,"mendoma01"
1012325,"spencji01"
29928,"dodddy01"
27815,"westbjo01"
1000562,"barneep01"
1013067,"tillmjo01"
1012431,"starrbi01"
1012144,"smithge02"
1004148,"flenehu01"
1006289,"jacksbi01"
1001351,"brandro01"
2199,"ochoaiv01"
1739,"mouncto01"
5,"pattesc01"
1006803,"kellyjo02"
1014015,"willile01"
1000067,"adcocjo01"
1009230,"mortoca01"
1012320,"spencch01"
1006003,"hoopemi01"
1000110,"alcalsa01"
1012424,"staplda02"
1013958,"wilkile01"
1001102,"boardfr01"
19814,"mckayda02"
1001449,"brittja01"
1004760,"glavelu01"
9033,"gomezje01"
5744,"depaujo02"
1012599,"stransa01"
16561,"gombeau01"
9096,"chapmja02"
4664,"lecursa01"
1005349,"hardyca01"
1004832,"gonzafe01"
1010537,"primra01"
1011280,"ruckejo01"
1732,"manonju01"
1005897,"hoeyja01"
1003009,"daughja01"
1003981,"fenneho01"
1005667,"henrybu01"
1002961,"d'amije02"
1008328,"mcandji01"
18217,"sullibr01"
1012043,"skowrbi01"
12399,"motteta01"
1009934,"pacheal01"
1012650,"stumpge01"
1007318,"langefr01"
1012082,"smazajo01"
17682,"garzara01"
1003169,"deleolu01"
1013887,"whitemi01"
1006341,"jamesbe01"
1005414,"harrige01"
1010173,"peppela01"
12316,"hancoju01"
1012117,"smithda02"
1006357,"janowvi01"
1009151,"moranmi01"
1009510,"nelsoro01"
1009637,"norrimi01"
1012202,"smithro01"
1012375,"staffbi01"
555,"doteloc01"
1012483,"stenhmi01"
19456,"funkhky01"
1012343,"spilmha01"
1005778,"hicksbu01"
1008764,"menento01"
1006942,"kingsa01"
1013437,"virdobi01"
1005199,"haguebi01"
896,"stranpa02"
19318,"thaisma01"
6441,"millela02"
1005109,"grunwal01"
1005822,"hillhe02"
9886,"dejesiv02"
1005807,"hillbe01"
1012006,"sinerho01"
1004387,"fuhros01"
1004329,"freezja01"
614,"maynebr01"
1010473,"pottne01"
1003823,"escoban01"
13401,"alvarrj01"
7060,"moseldu01"
1007825,"lukacro01"
19766,"elledse01"
1009724,"o'delbi01"
1001456,"brockjo01"
1011370,"sagerpo01"
1002538,"connoto01"
1000616,"barryja01"
8369,"atkinmi01"
1009226,"morriwa01"
1001215,"bosmadi01"
1005415,"harrigr01"
15764,"tanakma01"
1000115,"aldresc01"
776,"figuelu01"
22250,"gilbelo01"
1008979,"minneda01"
1002504,"conlajo01"
1005464,"hartsto01"
4849,"blantjo01"
219,"wakefti01"
761,"armasto02"
1001325,"bradycl01"
1007290,"landdo01"
1009881,"osterbi01"
1008857,"milanho01"
1000518,"bannoji01"
1007764,"loucksc01"
17128,"laurera01"
1005685,"herbero01"
1000543,"barkeal01"
1011961,"sigaffr01"
6640,"nunezjh01"
1001809,"cacered01"
1007029,"kneisru01"
1006890,"kieckda01"
1003217,"dephito01"
1006230,"hustaca01"
1003724,"elderhe01"
1014358,"yostgu01"
2510,"belljo01"
1004968,"graydo01"
1011795,"shannfr01"
26253,"nelsory01"
1008109,"mariore01"
1005130,"guisele01"
1013719,"webstmi01"
1009109,"moorege02"
1328,"wilsoto02"
8298,"penafr01"
106,"millwke01"
1005970,"holmabr02"
1011439,"santama01"
1007800,"lubrast01"
1006073,"howarch02"
1010837,"rensato01"
1010678,"ramosed01"
1008769,"menzete01"
1008520,"mcgiljo01"
1006439,"johnsda01"
1002985,"darincl01"
1009413,"myattge01"
1009921,"owensja01"
1007753,"lopezau01"
1005345,"hardilo01"
25663,"mooremc01"
1006514,"johnsyo01"
1003777,"engeljo01"
1007855,"luzingr01"
31184,"guerrlu01"
1005419,"harrijo01"
21163,"felipan01"
1007139,"krameto01"
1013185,"trimbjo01"
1008101,"marbewa01"
1014183,"wojnaed01"
12325,"peterja01"
1004273,"foxbi01"
1004749,"givenbr01"
1001707,"burnsfa01"
1009998,"parkech01"
2506,"monasca01"
1004898,"gottji01"
18674,"woodfja01"
1006431,"johnsbo04"
11506,"ferreje01"
1004416,"gablega02"
21863,"soriage01"
1010571,"purdypi01"
19360,"erceglu01"
11342,"aguilje01"
15301,"somsela01"
1010094,"payneha01"
1001189,"boonera01"
1007773,"lovelva01"
1011374,"saipemi01"
11294,"nealza01"
1004432,"gainede01"
1008722,"meekda01"
1005799,"higuete01"
27698,"yanger01"
17838,"calhowi01"
1009717,"o'conjo02"
1006492,"johnsra01"
1011798,"shannow01"
1004681,"gielpa01"
26952,"molinan01"
17169,"castijo03"
263,"mccutda01"
1000339,"ashlebi01"
20122,"contrma01"
1013277,"umbriji01"
1003403,"doomsha01"
1012729,"surkoma01"
1008569,"mcinnst01"
1009458,"nashji01"
1013853,"whitebi01"
968,"prattto02"
1013608,"warddi01"
1008609,"mclauby01"
1002651,"cosgrmi01"
1004364,"friscfr01"
8047,"lambech01"
1006736,"keatlgr01"
1001621,"buckldi01"
5429,"blairca01"
1004757,"glassja01"
592,"britoju01"
14515,"martelu02"
1005202,"hahndo01"
1012298,"spadebo01"
1004903,"gouzzcl01"
1006583,"jonesre01"
1002881,"cunnijo01"
31792,"kempot01"
580,"zaungr01"
23191,"plassmi01"
1834,"sojolu01"
1004352,"friedcy01"
2965,"mccleza01"
1000640,"baskeji01"
1001982,"carpifr01"
1010174,"peppera01"
7570,"wadeco01"
1013211,"tuckeol01"
1007017,"klugmjo01"
1013959,"wilkima01"
1003423,"dosteda01"
1013837,"wheelha01"
1014414,"zambred01"
7955,"ortizjo05"
7392,"glennbr01"
1011620,"schroke01"
14016,"gartory01"
1012639,"stuardi01"
1013767,"wellsgr01"
10498,"medinyo01"
24606,"windejo01"
1003291,"dietzdu01"
21859,"speasal01"
1001889,"campbpa01"
1005008,"greenpa01"
1009054,"monroed01"
1004177,"floydbo01"
1009457,"nashco01"
1008398,"mccloji01"
1004302,"frankmi02"
1010861,"reynoar01"
1009021,"moellda01"
12730,"martini01"
1011395,"sampebi01"
16459,"harvejo01"
1008471,"mcdougi01"
1006181,"humphal01"
1012256,"snyderu01"
1000763,"bedgoph01"
1011115,"rodrito01"
1007213,"kunzea01"
1001593,"brunero01"
7432,"jacksja01"
1012989,"thomapi01"
1011152,"rojasco01"
1014114,"wilsoze01"
1006822,"keltyjo01"
1012941,"tewksbo01"
1008811,"metzgbu01"
1791,"gobblji01"
22358,"ridinst01"
1006006,"hoovebu01"
8079,"hartke01"
1001738,"burtsmo01"
1010359,"pinnaed01"
1008377,"mccarro01"
1006645,"judniwa01"
1013351,"vandufr01"
1008476,"mcdowsa01"
1986,"rayke01"
856,"whitero02"
2036,"kershcl01"
1011893,"shielto01"
2102,"wilsojo03"
15684,"castrmi01"
1006347,"jamesch02"
1013033,"thondi01"
1002125,"chambro01"
1000221,"andercr01"
1000248,"andreed01"
1005443,"hartefr01"
1000966,"bilkost01"
1000757,"beckri01"
26323,"steersp01"
1004286,"foyjo01"
4878,"maurebr01"
1006619,"jordati01"
1005198,"hagerri01"
1007438,"learyti01"
1009259,"motama01"
1189,"vinafe01"
1010743,"reardph01"
1005678,"henshro01"
1013316,"valdera01"
1006011,"hopejo01"
1000378,"averiea01"
1003868,"evansre01"
1007757,"lopezma01"
1004571,"gatesjo01"
1013173,"trekeha01"
1007193,"kubskgi01"
897,"stricsc02"
15028,"alcanvi01"
1005279,"hamlike01"
1006425,"johnsbi02"
1005241,"halldi01"
13443,"rendato01"
1006415,"jodiebr01"
1012604,"straujo01"
1006417,"johnsab02"
1009806,"o'neied01"
889,"ordonre01"
1004946,"granted01"
1010536,"prietar01"
1002059,"castica01"
1001471,"brookha01"
1060,"walkeke02"
1008890,"milleed01"
1005523,"hayesbe01"
19330,"festama01"
1012772,"sweenbi03"
1010419,"polhema01"
1007665,"littljo01"
1009635,"norriji01"
1009242,"mosesje01"
1011302,"rungepa01"
1000325,"arochre01"
3533,"costami01"
1001863,"caminke01"
1011560,"schilch01"
1002749,"crawfst01"
1009660,"nunnajo01"
1009408,"mussepa01"
1012933,"terwidi01"
1011586,"schmimi01"
1005473,"hasendo01"
1867,"mcdonda02"
1008955,"millsdi01"
7474,"webbry01"
1007414,"laydege01"
1012253,"snydejo02"
1013740,"weingel01"
1012022,"sistisi01"
1013123,"torboje01"
1123,"nenro01"
12983,"tilsoch01"
1002290,"clarkji01"
10185,"turneja01"
1003445,"dowiejo01"
1012136,"smither01"
2391,"rondohe01"
4930,"lestejo01"
1000621,"bartedi01"
1002134,"chaneda01"
1011008,"rixeyep01"
1009380,"murraam01"
1013195,"troupqu01"
1013722,"weckbpe01"
1005581,"heflira01"
1000109,"alburvi01"
1004074,"fishbsa01"
1001129,"bohnejo01"
414,"wohlema01"
1003213,"dented01"
1432,"alvarju01"
1009767,"olinfr01"
1011728,"seiboso01"
1001845,"callale01"
1008564,"mchenau01"
13757,"tayloch03"
1009710,"o'conda01"
1002680,"couside01"
1001164,"bongini01"
1000863,"berblje01"
720,"buchabr01"
1011555,"scherha01"
3390,"maybejo02"
208,"pickeca01"
5751,"perezhe01"
1009656,"noyeswi01"
246,"loftoke01"
41,"weberbe01"
1192,"abernbr01"
1000851,"bentlcy01"
1005655,"hennele01"
1013996,"willied01"
1000381,"avilera01"
6589,"rodrise01"
12110,"washida01"
1013320,"valdese01"
1013622,"wardpi01"
19785,"lemoija01"
3053,"smithma04"
15817,"mejiaer01"
1000595,"barrefr01"
1557,"garcire01"
24458,"duranca01"
1003589,"durhaed01"
15440,"boydma01"
1004595,"geerbi01"
1010371,"pitkoal01"
1007289,"lanceri01"
1014455,"ziskri01"
1008397,"mcclobi01"
7011,"rodrigu01"
1003191,"demerjo01"
1002202,"choatdo01"
6533,"duranlu01"
1006704,"karnsbi01"
29995,"lileda01"
1009198,"morrebi01"
1003899,"faheyho01"
1006511,"johnswa01"
11471,"beeleda01"
12825,"delacjo01"
1003052,"davisgl01"
338,"beavabl01"
1007929,"mackto01"
1012774,"sweench01"
1007174,"krsniro01"
1003381,"donnebl01"
1012725,"sundigo01"
1002398,"cogswed01"
1013534,"walketi01"
1009497,"nelsobi01"
1525,"rosarsa02"
1003897,"faheybi01"
1001645,"bullibu01"
1001046,"blankcl01"
1013544,"wallade01"
3862,"delarru01"
1014207,"woodada01"
1009636,"norrile01"
1011257,"rowelba01"
1012382,"stahlja01"
1009418,"myersbi01"
7471,"toregwy01"
20041,"bolanro01"
1007220,"kusnyar01"
1007340,"laporfr01"
17689,"krameke01"
3720,"hennebr01"
1006178,"hulveha01"
824,"hitchst01"
1002417,"colembo01"
1000998,"bithohi01"
1011478,"sawyewi01"
4603,"gorecre01"
1013684,"watted01"
25855,"gorskma01"
1008976,"minerra01"
1014390,"youngro01"
4599,"swishni01"
2186,"hanrajo01"
1009532,"newelto01"
1006406,"jetersh01"
10839,"ravelra01"
2263,"shortri01"
1012451,"steelel01"
1407,"ledeeri01"
1005093,"groteje02"
1000882,"berkefr01"
1001834,"calhoja01"
1002895,"curryst01"
1001214,"bosleth01"
1674,"fordma01"
1013850,"whitcbo01"
1395,"willige02"
1003607,"dwyerfr01"
1005880,"hodesch01"
18006,"bormajo01"
1012310,"speckcl01"
1001945,"careypa01"
5222,"uptonju01"
15285,"reiniza01"
1006305,"jackslo01"
1010041,"pashnla01"
1504,"hernaad01"
1000627,"bartlbi01"
1013774,"weltedi01"
1006501,"johnsro05"
1001973,"carneed01"
7608,"milonto01"
1012513,"steveto01"
1000363,"augusda01"
124,"batisto01"
432,"heltoto01"
1003207,"dennido01"
1004744,"giordto01"
27590,"ederja01"
16400,"lopezre01"
25543,"leeko01"
1002143,"chapmed01"
1006014,"hopkido01"
18114,"taylobe10"
1003745,"ellisba01"
1007521,"lemonma01"
24878,"hernahe01"
1008736,"meistjo01"
1005071,"grimsro02"
1009016,"mizerjo01"
1002977,"dannebu01"
1009723,"o'deapa01"
18548,"hentgsa01"
4338,"chatwty01"
19958,"kieboca01"
14986,"gallegi01"
1001430,"brighha01"
1009002,"mitchjo01"
1002313,"clarkto01"
1011632,"schulfr02"
1006544,"jonesda01"
1003871,"evansto01"
1003538,"dugasgu01"
1002511,"connafr01"
1005884,"hodgego01"
16408,"gonzavi02"
1005810,"hillda01"
2413,"rasmuco02"
7161,"withrch01"
1278,"romanja01"
1004640,"gertelo01"
1003642,"eastero01"
1011460,"saundde01"
1003412,"dormach01"
1011223,"rossbu01"
31680,"youngco01"
16496,"wallfo01"
1006428,"johnsbo01"
1012687,"sullida01"
9955,"hugherh01"
1005846,"hinklgo01"
1003069,"davismi01"
1000257,"andreki01"
1012500,"stephri01"
1007010,"klingru01"
1005865,"hoagmy01"
33826,"matsuyu01"
1008058,"mangupe01"
1001763,"butchma01"
1001989,"carrema01"
3243,"castran01"
1012083,"smilebi01"
1004168,"floredo01"
1004539,"garmami01"
1180,"rodrijo04"
1009215,"morrijo02"
1000900,"berroge01"
1008549,"mcgrite01"
1010509,"prallwi01"
17821,"mujicjo01"
1008045,"malonse01"
1008412,"mccordo01"
1012133,"smithed05"
1004410,"fussech01"
1002141,"chapmbe01"
1014161,"wistete01"
1005572,"hechimi01"
1009864,"ortonjo01"
1013056,"tidrodi01"
1005146,"gunklfr01"
1005814,"hillefr01"
1227,"smithja05"
1485,"suzukma01"
3553,"schroch01"
2962,"thomach01"
198,"worthda01"
1481,"snydeea01"
1012808,"taborji01"
1012182,"smithmi04"
1009935,"pacilpa01"
4773,"mainejo01"
1008523,"mcginda01"
4898,"hughelu01"
1004955,"grasmlo01"
20599,"herreiv01"
1010311,"pickech01"
1008945,"millijo02"
5409,"sandopa01"
21189,"kriskbr01"
1004377,"fryech01"
24597,"orneljo01"
1007891,"lystobi01"
1266,"palmera01"
1002453,"colliha01"
1585,"rodriri03"
2224,"chavean02"
1007459,"leema01"
1010547,"prothdo01"
1010996,"rittwji01"
1011928,"shorera01"
1002523,"connobu01"
1006491,"johnspe01"
1006979,"kissibi01"
1004586,"gearyhu01"
5576,"maclaev01"
1010016,"parmero01"
1002769,"crimija01"
1381,"mabryjo01"
1000901,"berrych01"
1010510,"pramejo01"
1001767,"butlabi01"
1005462,"hartsje01"
20778,"sanchcr01"
1011784,"shaffta01"
1009769,"olivaed01"
1014304,"wyattwh01"
1005889,"hodgspa01"
1013562,"wallmu01"
1005497,"haugear01"
1000270,"ankenpa01"
1012713,"sullite01"
17684,"machivi01"
1006476,"johnske01"
1012734,"sutclri01"
1010092,"paynefr01"
20160,"pearsna01"
1000344,"assenpa01"
1009706,"ockeywa01"
1002996,"darwida01"
145,"hentgpa01"
1004314,"freedro01"
17722,"megiltr01"
12719,"thomadi01"
1003334,"dixonst01"
673,"thursjo01"
1005222,"halege01"
1009107,"moorega01"
1006362,"janzema01"
1000648,"bassra01"
12956,"garciwi01"
1005251,"hallir01"
1006121,"hubbami01"
1001307,"bradlge01"
1001212,"bosioch01"
1005710,"hernara01"
1012917,"tepedfr01"
1001008,"blackch01"
1010431,"pondeel01"
1013206,"trumbed01"
1004440,"galanau01"
1007975,"magripe01"
1008731,"meinehe01"
1001423,"briefbu01"
11247,"blashja01"
1009630,"normabi01"
1001649,"bumbral01"
9939,"kintzbr01"
1012367,"sprowbo01"
1001667,"burgjo01"
1000102,"alberbu01"
14272,"johnsbr02"
1000841,"bennefr02"
17035,"palumjo01"
1909,"harikti01"
1002308,"clarksp01"
14808,"eadesry01"
1001810,"cadargr01"
1005999,"hookja01"
1000087,"aguirha01"
7490,"fieldjo02"
11769,"jayemy01"
1002845,"cruzvi01"
1003775,"endertr01"
1007393,"lawinga01"
1004568,"gastowe01"
1011098,"rodgebu01"
1903,"benneje01"
1012968,"thomaca01"
1009455,"narumbu01"
1007848,"luskech01"
3473,"rizzoan01"
1009047,"monahsh01"
1005950,"holladu01"
700,"ochoaal01"
1007244,"laddhi01"
1000323,"arnsbbr01"
3543,"buchhcl01"
19609,"barkelu01"
551,"brocado01"
759,"valenja01"
5653,"roberry01"
538,"redmomi01"
1009019,"moateda01"
1006285,"izquiha01"
128,"bigbila01"
1004767,"gleasha01"
1009809,"o'neiha01"
1012909,"templga01"
1007931,"maclilo01"
1013272,"ullrisa01"
684,"foxch02"
1002748,"crawfsa01"
16434,"arroych01"
1013352,"vandybe01"
9682,"rosalad01"
1003649,"eatoncr01"
1002570,"cookest01"
25714,"crimbl01"
22248,"campbpa02"
1000517,"banniji01"
21367,"strzepe01"
18607,"walshja01"
1006292,"jacksch02"
1000118,"aldrivi01"
1013900,"whitied01"
1008655,"mcnalda01"
1010395,"plewshe01"
2714,"jonesga02"
1008404,"mccolal01"
550,"blumge01"
1006096,"howele01"
1007025,"knackbr01"
1004415,"gablega01"
1005901,"hoffmbi01"
1006278,"irwinch01"
1162,"karnuja01"
1009910,"overaor01"
21865,"naylobo01"
1001544,"brownma04"
1006217,"hurdto01"
1012993,"thomaro02"
9346,"morrobr01"
1061,"abbotpa01"
1006258,"infanal01"
1010007,"parkero01"
7859,"blackch02"
1012166,"smithjo03"
27684,"massemi02"
1012020,"sisledi01"
1002851,"cuellbo01"
1006955,"kinzyha01"
13780,"stumpda01"
15937,"diazal02"
17748,"koernbr01"
101,"lombage01"
1000129,"alexawa01"
1012794,"swingpa01"
1013818,"wetzesh01"
1001568,"brownwi01"
1009046,"monahri01"
1004492,"garbebo01"
1003426,"dottega01"
1008238,"mathehe01"
1819,"garcida03"
16904,"wilkeaa01"
1003793,"enyarte01"
1000140,"allenfr01"
23395,"wagamer01"
1009410,"mussiba01"
1013601,"wapnist01"
1011121,"roeniro01"
1007827,"lukenal01"
1007879,"lyonscu01"
1007614,"lindbpa01"
1005488,"hatchmi01"
16885,"fuentjo01"
14274,"hanigmi01"
1013444,"vittos01"
1005806,"hilgeto01"
1011025,"roberch01"
1011204,"rosedo01"
1006752,"keenbi01"
1000253,"andreiv01"
1010223,"peterbu01"
455,"walkela01"
1000014,"abbotky01"
1009640,"northja01"
1013239,"tutwiel01"
1003838,"esteldi01"
1008314,"maysema01"
1014465,"zuvelpa01"
1005506,"hautzch01"
1006588,"jonesru01"
1070,"camermi01"
20126,"carlsdy01"
31781,"hollija01"
19964,"rosareg01"
9225,"kawakke01"
1001936,"cardejo01"
1005155,"gutiece01"
1004105,"fitzbch01"
8007,"gurkaja01"
1006188,"humphte01"
13119,"jungmta01"
1001414,"brickfr01"
1021,"burrose01"
441,"neaglde01"
1001204,"borkobo01"
1007272,"lamaswa01"
3773,"brodebr01"
8887,"reynoma02"
17133,"moralos01"
1010462,"posedbi01"
1003801,"erardgr01"
1002263,"clarkal01"
25822,"lipcian01"
19287,"garciad02"
924,"kochbi01"
1010502,"powermi01"
6911,"gamboed01"
1005118,"guerrma01"
21711,"cruzon01"
24400,"vavrate01"
1000968,"billidi01"
1009606,"nixonal01"
1014173,"wittijo01"
25007,"vesiaal01"
1994,"novaiv01"
1010768,"reedja01"
11624,"parkeja03"
1010549,"prudhau01"
1014431,"zeppbi01"
9111,"handbr01"
12090,"perezye01"
13527,"brennbr01"
5053,"abreuto01"
1013604,"wardch01"
19277,"reyesje01"
3605,"duffych01"
1012590,"strahdi01"
7731,"nicasju01"
7254,"inglejo01"
10131,"strasst01"
3409,"vanevjo01"
1003336,"doakbi01"
1012262,"sodowcl01"
1000893,"bernhwa01"
12990,"castier01"
1000073,"adkindi01"
1006508,"johnsto02"
33828,"uwasana01"
1004164,"flohrmo01"
1003964,"fearve01"
1012112,"smithch04"
1006789,"kellona01"
1003072,"davisot01"
18568,"arraelu01"
1000925,"bestka01"
1001173,"bonnebo01"
1008835,"micelmi01"
259,"wunscke01"
11137,"bolsimi01"
3143,"bazaryo01"
1000089,"ahearpa01"
1007094,"koniedo01"
1011910,"shirlba01"
1006090,"howarth01"
30142,"nikhado01"
1002575,"cookro01"
1007156,"kremera01"
2335,"calzana01"
1007716,"lomando01"
1003099,"deaglre01"
9241,"martest01"
1445,"fitzgbr01"
279,"fasseje01"
1004867,"goodwma01"
1012264,"sofieri01"
1007547,"leppedo01"
19736,"boushca01"
1002863,"cullobu01"
1000590,"barre01"
1011384,"salkero01"
1013916,"wickebo01"
1012176,"smithlo01"
1010623,"raabebr01"
1012527,"stewane01"
2355,"mcconsa02"
19642,"jimened01"
2465,"watkito01"
1006587,"jonesro02"
1006622,"jorgemi01"
11850,"austity01"
2761,"ruizra01"
1006360,"jantzhe01"
6141,"gwynnto02"
1001373,"breamsi01"
1003936,"farmeho01"
1009889,"otanewi01"
1002548,"contrna01"
4062,"fowlede01"
1011413,"sandebe01"
18496,"fernaju01"
1013079,"tipplda01"
1002061,"castiji01"
1008821,"meyerbo01"
1008780,"merensp01"
1005829,"hillmda01"
6617,"halmagr01"
639,"beltrad01"
1010406,"podrejo01"
1001914,"canneri01"
1008143,"marshma01"
10337,"escobed02"
1011437,"santaan01"
8725,"acostma01"
5203,"pelfrmi01"
1010077,"pattoha01"
1003448,"downere01"
1011400,"samueju01"
1009233,"mortogu02"
17714,"stewach02"
1005605,"heistal01"
1008758,"melvibo01"
1006243,"hutsoro01"
1002429,"colemmi01"
1010460,"portuma01"
29530,"ellarfr01"
16094,"thompza01"
1468,"nealbl01"
1011797,"shannmi01"
7996,"martijo08"
1008490,"mcfarda01"
1004963,"gravesi01"
1010735,"raziaba01"
1002052,"cassijo01"
1009337,"murast01"
1002179,"chesbja01"
1002515,"connebi01"
1001385,"brenesa01"
1010080,"paulege01"
4235,"weaveje02"
1006366,"jaspehi01"
30153,"hameldo01"
19867,"cannigr01"
1009165,"morenju01"
1301,"filebo01"
1005990,"holzema01"
1007020,"kluszte01"
1001088,"blowemi01"
1000004,"abadijo01"
1007961,"magadda01"
1579,"condrcl01"
1006132,"hudliwi01"
1013964,"willbo01"
1013809,"westma02"
1005772,"hickemi01"
9080,"putnaza01"
830,"keislra01"
1001972,"carnebi01"
21479,"hoernni01"
1011126,"roetzed01"
8793,"clarkma02"
12833,"meyeral01"
1012702,"sullijo06"
1000402,"bacsimi01"
1003516,"drysddo01"
1003401,"dooinre01"
1013606,"wardco01"
1004723,"gillija01"
1009802,"o'neara01"
1002246,"ciscoga01"
1003554,"duncama01"
1011674,"scottdi01"
1007068,"kochal01"
1007141,"krappge01"
9953,"schimry01"
21546,"hagenju01"
1007486,"lehmake01"
1003540,"dugeyos01"
1003376,"donalat01"
1003515,"drumrke01"
1012066,"sloanbr01"
1011670,"sconida01"
1012867,"taylodu01"
1013350,"vandejo01"
642,"brownke01"
1473,"pickfke01"
1005273,"hamilea01"
403,"rodrine01"
1003154,"dela_to01"
1003472,"dozieto01"
630,"shousbr01"
1012223,"smyrecl01"
1001226,"botteke01"
1005467,"hartzpa01"
1011132,"rogerja01"
1004434,"gainejo01"
1011389,"salvegu01"
1490,"voylebr01"
30084,"seymoca01"
22052,"fletcaa01"
1654,"villaos01"
30107,"scottch01"
1003377,"donaled01"
1011267,"royje01"
1941,"duboija01"
1687,"ohmeke01"
1006387,"jeltzst01"
7419,"nickemi01"
1007674,"livinja01"
33824,"leeju01"
8574,"escaled01"
1701,"capuach01"
1000507,"baneydi01"
1012412,"stanlji01"
1004959,"gratema01"
1009603,"nippeme01"
1837,"belisma01"
1013389,"veachpe01"
428,"estalbo02"
1001769,"butlear01"
1012668,"sudakbi01"
1007211,"kunkeje01"
1002197,"chismto01"
1008866,"miljujo01"
1013870,"whiteel02"
1012890,"taylote01"
1010875,"reynoto01"
1008902,"milleja01"
1001311,"bradlja01"
559,"ambrihe01"
1005044,"griffke01"
1013357,"vanhage01"
1000709,"beamoch01"
1002965,"daneyar01"
19566,"lowena01"
1008192,"martira01"
1880,"daiglca01"
1005490,"hatfigi01"
1913,"saenzch01"
4635,"bushda01"
6444,"larocan01"
1002752,"creebi01"
270,"choihe01"
1007045,"knodemi01"
13862,"travide01"
29514,"ryanri01"
7119,"antoldu01"
1002791,"cronera01"
1002987,"darkal01"
1005308,"hanfoch01"
1004468,"galvilo01"
1000489,"balesle01"
15905,"torrelu01"
1000890,"bernavi01"
1243,"cordefr01"
1007673,"livenwe01"
1013706,"webbbi01"
1003136,"deerijo01"
1009499,"nelsoda01"
1005972,"holmasc01"
1004565,"gastoal01"
1001781,"butleki02"
1002062,"castijo01"
1006532,"jonesbr01"
1012539,"stimacr01"
5766,"rondobr01"
375,"colonba01"
3357,"ramosce01"
1001394,"brently01"
1009265,"moultal01"
1012759,"swansbi01"
5669,"alvarhe01"
1014322,"yarnaed01"
1014071,"wilsodo01"
19278,"gutievl01"
24914,"estrala01"
1007287,"lancale01"
1001712,"burnsji01"
1002919,"d'acqjo01"
1013291,"uprigdi01"
6380,"wasseeh01"
1005664,"henrito01"
1010827,"remseja01"
1014345,"yinglch01"
29630,"loperjo01"
1013060,"tiernbi01"
1004530,"gardnra01"
1012961,"thoendi01"
1006024,"horansh01"
1009943,"paddeto01"
1001097,"blumecl01"
1001291,"boyleji01"
1003831,"espossa01"
1000498,"ballowi01"
1003709,"ehrharu01"
10586,"reedad01"
1002526,"connoed02"
319,"dunnad01"
1008888,"milledu02"
1011628,"schulda01"
513,"castilu01"
1001820,"cainbo01"
1011702,"seamaki01"
1006039,"hoseydw01"
1009795,"olsonma01"
1011622,"schuero01"
1005624,"hemphch01"
1001584,"brumldu01"
1009667,"nyeri01"
1001338,"brameer01"
1012299,"spahnwa01"
3387,"gabinar01"
1001070,"blessik01"
1004621,"georgle01"
1693,"sandeda01"
5595,"leonar01"
1005766,"hibbsji01"
1007625,"lindsax01"
1001404,"brewebi01"
1005958,"hollica01"
13546,"quinnro01"
1010292,"phillja01"
7548,"macrima01"
1001733,"burrote01"
1011788,"shandji01"
1006349,"jamesdi01"
14221,"solerjo01"
1011732,"selkige01"
1013111,"tomlira01"
9557,"waltepj01"
1010876,"rhawnbo01"
1037,"jarvike01"
1005553,"hearned01"
1005898,"hoffre01"
1008089,"manushe01"
1786,"switzjo01"
1002165,"chathbu01"
7293,"zieglbr01"
3273,"carmofa01"
1588,"andresh01"
4316,"murphda08"
1009108,"moorege01"
1013458,"vossbi01"
1004648,"getzgu01"
1008616,"mclauki01"
18615,"harriho02"
1003415,"dorrbe01"
1006241,"hutchjo02"
1404,"bocachi01"
1010907,"richage01"
1002952,"daltomi01"
268,"brownro02"
2033,"nunezfr01"
12718,"housead01"
160,"parrijo01"
1001978,"carpecr01"
1005676,"henryro01"
1003928,"fanzoca01"
1010920,"richato01"
1013308,"vailbo01"
6582,"freimna01"
1013139,"tostlo01"
1005517,"hawlepi01"
1013977,"willibo01"
1003341,"dobenra01"
1005755,"heubege01"
1013883,"whiteki01"
1014372,"youngde02"
1003998,"fernajo01"
849,"stantmi02"
27649,"phillco01"
1002431,"colemra01"
1011106,"rodrifr02"
1100,"soriara01"
1006394,"jennibi01"
1011262,"rowlari01"
1008347,"mccabbi01"
1011490,"scanldo01"
1008153,"martiba02"
1013884,"whitela01"
1000172,"almadme01"
1006018,"hopkipa01"
1775,"jonesja04"
1003220,"dernibo01"
1008530,"mcginti01"
1006776,"kellejo01"
1001160,"bonege01"
1004494,"garboal01"
1007973,"magrajo01"
2080,"bellhe01"
9794,"brothre01"
1003059,"davisjo01"
1009668,"nyery01"
1008274,"mauldma01"
1014208,"woodala01"
1011222,"rossbo01"
25493,"ortizjo06"
27765,"zulueyo01"
960,"mercahe01"
1002442,"collaal01"
1007271,"lamarbi01"
1007437,"learyjo01"
1000418,"bailebi01"
1013693,"weavear01"
1007188,"kubekto01"
1005006,"greenmi01"
2933,"selfto01"
1006909,"killija01"
19403,"pocheco01"
1003950,"farretu01"
24605,"helmami01"
13143,"owenshe02"
5665,"navarya01"
1004046,"filsope01"
6453,"dirksan01"
5498,"vizcaar01"
1001916,"cannojo01"
1009708,"o'conan01"
1008275,"maunedi01"
15214,"dixonbr01"
1001784,"buttefr01"
232,"garlajo01"
1013496,"wakamdo01"
1008400,"mcclubo01"
8051,"mangima01"
10324,"ozunama01"
1007781,"lovitjo01"
1004404,"fultzda01"
6236,"littlwe01"
19574,"romerjo01"
10585,"noelri02"
1006661,"kadinja01"
1896,"takatsh01"
1006576,"jonesmi01"
1002758,"creelke01"
1000861,"berarjo01"
2852,"marrech01"
1013241,"twinear01"
1011835,"sheana01"
1010490,"powelje01"
22184,"vientma01"
19454,"ruckemi01"
1012134,"smithel01"
16535,"janseda01"
1003990,"fergujo01"
1247,"ottavad01"
1006665,"kahlege01"
1012951,"theseju01"
29949,"blackty01"
1000079,"afenitr01"
1000141,"allenga01"
1007192,"kubisja01"
1014164,"withech01"
1001977,"carpebu01"
1012790,"swigaoa01"
1012529,"stewast01"
1011089,"rochelo01"
1004006,"ferrami01"
1010841,"repozro01"
1007722,"lombavi01"
10148,"barrema03"
1002579,"cooledu01"
1014232,"woodrpe01"
1005342,"hardibu01"
19178,"nanceto01"
11287,"holadbr01"
1006865,"kernajo01"
1007746,"loospe01"
1009395,"murrapa01"
1009739,"oestero01"
1008810,"metroch01"
1003416,"dorsebr01"
1006112,"hoylete01"
1006440,"johnsda02"
11472,"machadi01"
1010231,"peterji01"
1004866,"goodwji01"
1007242,"lacyke01"
1005014,"greenty01"
1001915,"cannich01"
1007109,"koppme01"
1005803,"hildege01"
1003735,"elliocl01"
19981,"walkeje02"
1011378,"salazlu01"
1008845,"midkidi01"
1001053,"blankma01"
1009554,"nichobi01"
1013034,"thoneja01"
7515,"solanjh01"
1680,"coneda01"
1008968,"milstge01"
1011029,"roberda03"
1170,"matthmi01"
1001252,"bowerbr01"
1004194,"foileha01"
9423,"mcguich01"
1009700,"o'bripe03"
1005179,"hackeme01"
1014178,"woerljo01"
1002001,"carroed01"
1001802,"bystrma01"
1006907,"killere01"
12799,"anderco01"
203,"nelsobr01"
1007356,"larosha01"
1005027,"greifbi01"
1005788,"higgide01"
4704,"murphdo01"
1006135,"hudsoha01"
1006446,"johnsdo01"
14957,"torrejo02"
1011295,"ruffijo01"
18323,"sborzjo01"
17109,"vilorme01"
1013610,"wardejo01"
674,"willije02"
1012962,"thomaan01"
19646,"hartky01"
1012520,"stewafr01"
1009776,"olivefr01"
1009880,"ostenfr01"
1009297,"mullejo01"
1004779,"glenned02"
525,"leede02"
1002812,"crottjo01"
14388,"guzmaro01"
9981,"saundmi01"
2365,"brackan01"
1012869,"tayloed01"
1007119,"kosloke01"
1000913,"bertedi01"
1009927,"oxleyhe01"
719,"blakeca01"
1010577,"putnapa01"
1004071,"fischru01"
1010615,"quinore01"
1013355,"vangiel01"
1007326,"lanieri01"
7836,"strichu01"
1004389,"fulghjo01"
1002205,"chouife01"
1008175,"martijo01"
1009621,"nolteer01"
15878,"andujmi01"
1010675,"ramosbo01"
2384,"dillojo02"
1000006,"abbeybe01"
1009566,"nichopa01"
1010011,"parkji01"
4727,"ellsbja01"
1008144,"marshmi01"
1013878,"whiteja01"
1006689,"kaneje01"
1006203,"hunteji01"
4524,"chicktr01"
3366,"hernaan01"
1003679,"edmonge01"
1001406,"breweji01"
8607,"petagro01"
5618,"rosalle01"
1005370,"harmabi01"
31812,"anthoro01"
412,"westbja01"
1006884,"keupphe01"
1005102,"grubbha01"
1003748,"ellisge01"
25425,"shentau01"
1002118,"chambbi02"
1005811,"hilldo01"
1011458,"sauered01"
1008980,"minnepa01"
27500,"ceccosl01"
1009680,"o'bermi01"
1001188,"boonelu01"
1001904,"canatwi01"
13688,"merriry01"
1002886,"currasa01"
1007235,"lachere01"
1004013,"ferriho01"
16106,"sneedcy01"
1001860,"camildo01"
1002446,"collibi02"
1013004,"thompdo01"
1007426,"leachri01"
1003967,"fehridu01"
1004295,"frankch01"
1005775,"hickmje01"
11388,"barneda02"
12447,"lugose01"
2163,"lehrju01"
7303,"guilmpr01"
1004460,"gallibe01"
1006502,"johnssi01"
10174,"olmosed01"
1002595,"coopega01"
1007329,"lannire01"
1008544,"mcgrato01"
1006767,"kelleal01"
1001887,"campbmi01"
1004057,"finneha01"
2105,"cabrefe01"
1011364,"sadowed01"
1001730,"burrohe01"
1009469,"nayloea01"
1010254,"pettipa01"
1003280,"dicksjo01"
410,"trabebi01"
1010862,"reynobi01"
7541,"harrelu01"
35324,"ogasash01"
1011763,"sewared01"
13866,"maxwebr01"
1008753,"meltest01"
1003594,"durnige01"
1219,"martito02"
1013873,"whitefu01"
1013212,"tucketh01"
5106,"moscogu01"
1008436,"mcculla01"
1002015,"cartega01"
9587,"mcclemi01"
1000759,"beckzi01"
390,"lawtoma02"
12183,"allenco01"
1003158,"delahjo01"
1014013,"willike02"
1011472,"saviddo01"
609,"knoblch01"
2886,"nunezle01"
8728,"handdo01"
1003404,"dopsojo01"
1009468,"navasa01"
1012142,"smithfr06"
1007006,"klingbi01"
23557,"rollech01"
1006652,"jurewmi01"
1002053,"cassijo02"
7989,"quirogu01"
1005045,"griffle01"
1006337,"jahnar01"
1012522,"stewaji01"
13427,"lightpa01"
1006206,"hunteri01"
1000050,"adamsdo01"
1008658,"mcnamdi01"
29976,"lawlajo01"
14366,"menesjo01"
16411,"urenari01"
1002531,"connojo03"
1000094,"aitonge01"
1009541,"newmach01"
13595,"arteahu01"
1010344,"pignajo01"
1014378,"younghe01"
1011671,"scorehe01"
1013592,"waltoda01"
1014344,"yeweled01"
1002350,"clibust02"
1000246,"anderwi01"
27608,"criswje01"
1001149,"bollimi01"
1012089,"smithal03"
59,"johnsjo08"
1007312,"lanfrwa01"
1010224,"peterca01"
1000924,"besti01"
1007165,"kriegbi01"
1005947,"hollaal01"
1003455,"dowseto01"
19345,"jeffeda01"
1007422,"lazzeto01"
1008555,"mcguijo01"
1002098,"cecilre01"
15106,"wilesco01"
14968,"caratvi01"
1004259,"fosteru01"
1002468,"collizi01"
1006234,"hustowa01"
1001002,"bivinji01"
1010304,"piattdo01"
4611,"pridija01"
1002792,"cronibi01"
1003817,"erwinte01"
8678,"maholpa01"
1007587,"lewisri01"
4793,"ishiktr01"
1000785,"bejmaol01"
1008470,"mcdoude01"
1008615,"mclauju01"
1008196,"martisi01"
744,"mohrdu01"
1011496,"scarbra01"
1003461,"doyleja01"
1005652,"henlewe01"
26438,"canzodo01"
5398,"grateju01"
1004282,"foxpa01"
5227,"jayjo02"
1007785,"lowdelo01"
1008724,"meekijo01"
1007684,"loberha01"
1011120,"roeniga01"
1008521,"mcgilra01"
1006377,"jeffcha01"
7755,"perezfe01"
1005637,"hendlbo01"
1008508,"mcgeeco01"
16446,"fargajo01"
741,"mientdo01"
1002859,"culleja01"
1003282,"dicksmu01"
1012645,"studlse01"
1007706,"lohmape01"
1001474,"brookje01"
11147,"medicto01"
1009714,"o'conja02"
1013106,"tomandi01"
24975,"criswco01"
348,"reitsch01"
1004327,"freesge01"
1008365,"mccarar01"
1008920,"milleox01"
1008750,"mellobi01"
14843,"lorenmi01"
1011201,"rosebr01"
1003773,"encaran01"
18123,"lukesna01"
1008853,"mikloha01"
1012641,"stuarlu01"
1000346,"atchlju01"
1009216,"morrijo03"
1009392,"murrala01"
1012104,"smithbr01"
1002705,"coxle01"
18905,"diazyu01"
1008072,"mannke01"
1010217,"pertibi01"
11397,"burawda01"
1008026,"mallobo01"
1995,"byrdati01"
1008229,"mastewa01"
11609,"contrwi01"
1001737,"burtoji01"
1013440,"virtuja01"
1009896,"o'toode01"
31757,"millema03"
6632,"carraca01"
1005098,"grovech01"
1000899,"berrera01"
1003848,"ettenni01"
1011304,"runneto01"
1000250,"andreer01"
1007696,"lockwsk01"
4751,"johnsel02"
1006596,"joneste02"
1012777,"sweenha01"
1008593,"mckenli01"
18186,"naileja01"
1008557,"mcguito01"
1000384,"ayalabo01"
1009794,"olsonka01"
1003195,"demilha01"
1009426,"myersly01"
24614,"vodnivi01"
9063,"amarial01"
1002710,"coyneto01"
1010248,"pettibo01"
1010188,"perezto01"
1002572,"cookji01"
903,"wilsova01"
25482,"hopkitj01"
1001227,"bottira01"
1005399,"harribi04"
1010062,"patteha01"
30163,"prietce01"
1004602,"geisbi01"
1003672,"edgebu01"
1013951,"wilkecu01"
1013505,"waldrir01"
1007028,"knausfr01"
1005658,"henniph01"
1007661,"littldi01"
1720,"whitema03"
1005798,"highhu01"
1008016,"maldoca02"
623,"randajo01"
1012506,"stevebo01"
166,"roberbr01"
19350,"kremede01"
1009735,"odwelfr01"
1006190,"hunglbe01"
16086,"ramosed02"
1012002,"simspe01"
1002120,"chambcl01"
1014035,"williri03"
1003163,"delanbi01"
1002050,"cassied01"
5715,"milleja04"
1008301,"mayja01"
1002208,"chrisbo01"
7423,"petersh01"
1003859,"evansba01"
1004005,"ferrado01"
1003239,"deutsme01"
4180,"zinkch01"
1006659,"juulhe02"
1000868,"bergebo01"
1004181,"flynncl01"
1005143,"gumpera01"
20054,"madribl01"
1012390,"stallge01"
1012575,"stoopji01"
367,"baezda01"
1003984,"fergual01"
1005344,"hardiji01"
23789,"alexabl01"
1012232,"snipero01"
1000602,"barreto01"
3265,"gutieju01"
12775,"millebr02"
1009715,"o'conji01"
1006127,"hucklea01"
4519,"adamsru01"
1013546,"wallado02"
17780,"alvarjo03"
1010613,"quinnwi01"
7555,"vinceni01"
20540,"deverjo01"
5277,"gosewtu01"
25512,"fishena01"
30074,"silsech01"
1013965,"willeca01"
235,"graffto01"
1011387,"salmoro01"
566,"mannji01"
1000931,"bettela01"
17281,"pannoth01"
1002172,"checoro01"
1002171,"chechch01"
1009306,"mullijo01"
1010135,"peltida01"
1013266,"uhlege01"
18655,"minteaj01"
25928,"vinesda01"
1000649,"bastich01"
4142,"diazjo02"
1011914,"shirlte01"
1001799,"byrneji01"
17085,"lopezpa01"
1000501,"bambeha01"
1001298,"bradfbi01"
1012252,"snydejo01"
1005991,"honanma01"
1011128,"rogelbi01"
1010855,"reverda01"
1007690,"lockema01"
19274,"webbja01"
15429,"bryankr01"
1012998,"thomawa01"
1005552,"hearnbu02"
18690,"plummni01"
1006449,"johnsdo04"
1002660,"cotteed01"
18318,"wagueja01"
1006304,"jacksla01"
1003204,"denehbi01"
12791,"kellymi03"
1001268,"bowmaer01"
1007264,"lakest01"
15823,"litteza01"
1008559,"mcgwima01"
21987,"castrro01"
1005116,"gudatma01"
1002,"ramirar01"
29858,"clarkde02"
4583,"mccoymi01"
5517,"higasky01"
5279,"tillmch01"
1033,"gonzawi01"
20325,"kirilal01"
1006755,"keenejo01"
1013456,"vosmijo01"
1005789,"higgied01"
1014437,"ziemst01"
1011052,"robinaa01"
17313,"gonzame01"
1007679,"llenawi01"
1010415,"polanhu01"
1000802,"belleal01"
1010860,"reynoal01"
1005534,"haynejo01"
1009644,"northsc01"
1000695,"baxesji01"
1001201,"borgmgl01"
1011210,"rosenha01"
1013205,"trujimi01"
1004972,"grayji01"
4770,"rasneda01"
1013749,"welajjo01"
7348,"towlejr01"
1004406,"funkfr01"
18694,"allarko01"
33908,"fermijo02"
3262,"perezmi02"
1011600,"schoere01"
1001969,"carmedu01"
1004661,"gibrast01"
1005633,"hendejo01"
12101,"vargake01"
1010668,"ramiral02"
1005522,"haydele01"
1009919,"owenmi01"
1003407,"doranjo01"
6987,"jonesbr02"
1014458,"zoldasa01"
19309,"richatr01"
1003092,"dawsojo01"
1011297,"ruhleve01"
1012844,"tatumto01"
1410,"nunezjo02"
1010470,"pottemi01"
1007136,"kralyst01"
1012141,"smithfr05"
1007756,"lopezlu01"
1007035,"kniceal01"
1013776,"wendele01"
1010263,"pfefffr01"
1011491,"scanlfr01"
1010951,"riebeha01"
1001447,"brittgi01"
1004572,"gatesmi01"
10619,"freitda01"
18289,"anderbr06"
1003263,"diazca02"
1004563,"gastato01"
1002912,"cuthbne01"
1012394,"stanaos01"
1014317,"yaikhe01"
1009435,"nagello01"
1003692,"edwarra01"
1005452,"hartmbo01"
1012583,"stovada01"
1005314,"hanlone01"
1006252,"iburgha01"
1008177,"martijo03"
1006185,"humphjo01"
22267,"skubata01"
1005054,"griffto02"
20186,"mckaybr01"
1008303,"mayle01"
1752,"matrada01"
13050,"desclan01"
11861,"adamja01"
1013558,"wallho01"
1011330,"ruthvdi01"
29622,"frelisa01"
1009940,"packfr01"
1001829,"caldwea01"
24598,"bargead01"
1004689,"gilbeha01"
1003214,"dentesa01"
12244,"stassbr01"
1002900,"curtier01"
1010567,"pulliha01"
26260,"jamesdr01"
1012556,"stoddti01"
1010568,"pumpesp01"
1000708,"beamer01"
1000765,"bednaan01"
1005747,"heskejo01"
1012965,"thomabl01"
1001980,"carpele01"
24590,"roonejo01"
5070,"fieldjo03"
12360,"quackke01"
1010971,"rineeje01"
1003309,"dilonmi01"
1009670,"nymanje01"
1005708,"hernama01"
1006168,"hugheve01"
1000433,"bailobo01"
697,"arencjp01"
1001865,"camniha01"
1004369,"fritzla01"
1003118,"deberha01"
1187,"timlimi01"
1009439,"nagymi01"
1012740,"suthele01"
3503,"collawi01"
1007909,"machami01"
19806,"delayja01"
4361,"demarch01"
1012612,"stricbi01"
1007219,"kusiccr01"
1002100,"cedence01"
2180,"pintore01"
1003165,"dela_fr01"
20666,"bautife01"
1014080,"wilsoge01"
2495,"alvarpe01"
14733,"fernajo04"
1000229,"anderha01"
1004324,"freemla01"
1004871,"gorbogl01"
1001571,"brubabi01"
19588,"zuniggu01"
27498,"stridsp01"
1011481,"saxst01"
1003974,"felixju01"
12988,"chafian01"
24589,"palacri01"
4146,"hernago01"
1010552,"pruetji01"
13288,"obriepe01"
1004835,"gonzajo01"
27770,"veenza01"
1009281,"muellhe02"
18769,"poteeco01"
1000644,"bassjo01"
10710,"pattere02"
1007950,"maddoni01"
27504,"yorkeni01"
7489,"elbersc01"
6475,"jepseke01"
1,"amezaal01"
1003824,"escobjo01"
1004993,"greenfr01"
1000598,"barrema01"
12804,"wislema01"
1002860,"cullejo01"
313,"broweji01"
1003226,"desajo01"
1011743,"seminfr01"
1010192,"perkich01"
6577,"vasquan01"
13699,"fariaja01"
1011902,"shinnra01"
1012969,"thomacl01"
1005915,"hofmabo01"
1009258,"motajo01"
1002236,"cicoted01"
1006513,"johnswa03"
1002307,"clarkru01"
1007656,"listepe01"
1012821,"tannech01"
1011836,"sheanda01"
1008115,"marniha01"
1004218,"forded01"
1004802,"gogolbi01"
1009836,"o'rou01"
1007143,"krausha01"
3245,"rowlary01"
7752,"coopeda01"
19956,"moniami01"
12181,"duffyma02"
1012312,"speedho01"
4682,"neshepa01"
1005302,"handrve01"
1825,"dejesda01"
1690,"goodan01"
1006578,"jonesni01"
6315,"raych01"
9246,"lallibl01"
1004616,"gentrru01"
1006919,"kimmiwa01"
1002543,"conroti01"
1012891,"tayloto01"
1004714,"gillepa01"
5354,"mitchdj01"
18722,"leeda02"
16556,"albieoz01"
1000942,"biancbu01"
1002259,"clappjo01"
1659,"matsuhi01"
1555,"scutama01"
15015,"reyesal02"
1000038,"adairje01"
1004115,"fitzgmi03"
1013321,"valdijo01"
1010525,"prestwa01"
1004370,"froatbi01"
1013161,"travebi01"
1004161,"flinnjo01"
1014194,"wolfgme01"
7077,"jimenaj01"
15215,"mcgowke01"
1005702,"hernafe01"
2304,"horgajo01"
7511,"moncrca01"
1003185,"delucri01"
1004889,"gorniha01"
1008473,"mcdowja01"
1008032,"mallosh01"
7613,"meredcl01"
1441,"donnebr01"
1009180,"morgake01"
1001405,"breweja01"
1003367,"dollar01"
27531,"hamilda03"
1008668,"mcneino01"
1004284,"foxte01"
1719,"crometr01"
1011722,"sefcike01"
1002480,"combspa01"
1004664,"gibsoch01"
14196,"velazan01"
1011794,"shannda01"
1007097,"konopbr01"
1006807,"kellyki02"
1002029,"casalje01"
1003718,"eisenja01"
1665,"phelpto01"
1002460,"collipa01"
1172,"morrima01"
1004815,"goldypu01"
5980,"buenofr01"
1004732,"gilmofr01"
1003432,"douglas01"
22471,"sotoli01"
1003701,"eganri01"
1008862,"milesdo01"
7995,"chambad01"
19267,"craigwi01"
1001801,"byrneto01"
1014026,"willimu01"
1000088,"ahearch01"
27467,"soderty01"
1002214,"chrisjo02"
1010261,"pfannbi01"
1013234,"turnete02"
1007424,"leachfr01"
1000502,"banckst01"
1053,"reedst01"
16609,"abreubr01"
1002968,"daniebe02"
1004442,"galatmi01"
1010606,"quinnjo01"
18036,"croneja01"
1009987,"pappaer01"
8992,"caminar01"
3276,"kobayma01"
1005648,"heniola01"
1012360,"sprinbr01"
1005410,"harrido01"
1009778,"olivejo01"
5199,"teagata01"
1004303,"frankmo01"
1011819,"shawbo01"
8653,"stokebr01"
1012194,"smithpo02"
5890,"bonined01"
1003702,"eganto01"
1012197,"smithre02"
1004833,"gonzaga02"
1002516,"connege01"
10304,"cosarja01"
16537,"knighdu01"
8364,"hurleer01"
1010438,"poormto01"
20633,"kikucyu01"
5177,"leech01"
1010348,"piktuge01"
1001749,"bushdo01"
1004235,"forstsc01"
1005176,"habyajo01"
1006601,"joneswi01"
1001762,"butchjo01"
1000612,"barrsc01"
1010038,"pascuca01"
1001859,"camerja01"
1004613,"gentisa01"
1003862,"evansbi02"
1009433,"naehrti01"
2636,"guyerbr01"
1009101,"moorede01"
2797,"reyesjo02"
1001850,"callawe01"
1000761,"bedelho01"
1011369,"sagera.01"
2642,"atchisc01"
4177,"iribahe01"
9434,"keuchda01"
1000398,"babitsh01"
1005136,"gullibi01"
19269,"zeuchtj01"
1005212,"hairssa01"
3707,"sotoge01"
1008228,"mastepa01"
18519,"bickfph01"
19795,"thompke02"
574,"reynosh01"
1012537,"stillro01"
1003879,"ewellge01"
10528,"hayesdr01"
15101,"farrelu01"
1004348,"fricama01"
1008088,"manusfr01"
19518,"tullyta01"
546,"ausmubr01"
1009405,"musiast01"
1007508,"lejohdo01"
1013063,"tietjle01"
1168,"martiti02"
1005171,"haased01"
1010553,"pruiete01"
9802,"rhymewi01"
1005851,"hinsopa01"
1002131,"chancfr01"
1010353,"pilnean01"
1004101,"fiskca01"
1012851,"taveral01"
1005768,"hickeed01"
1007487,"lehnepa01"
1007285,"lampehe01"
1006671,"kaisebo01"
1006077,"howardo01"
1008854,"miksied01"
1007226,"kuzavbo01"
4626,"beresja01"
1006889,"kibblja01"
8700,"verlaju01"
10847,"simmoan01"
1014079,"wilsoga03"
19459,"alcaljo01"
19883,"langeal01"
1008379,"mccarto01"
1011837,"sheare01"
1011701,"sealejo01"
5278,"ciriape01"
13707,"krehbjo01"
1009146,"moranch01"
1012561,"stonede01"
1010367,"pirklgr01"
1010230,"peterje01"
9533,"carpean01"
1008781,"merewar01"
1011142,"rogodmi01"
9266,"corcida01"
1010466,"postle01"
1011845,"sheehja01"
7266,"birkiku01"
1002684,"covinch01"
23899,"bellova01"
1009771,"olivaom01"
27681,"waldike01"
3500,"lowerde01"
1005500,"haugsph01"
1004367,"fritzch01"
1010014,"parksde01"
1008987,"mintzst01"
1004414,"gablefr01"
1005393,"harrian02"
1012415,"stanlmi01"
4170,"sanchro01"
1005362,"hargrpi01"
24719,"vasqura02"
1010328,"piercgr01"
14867,"rumbeni01"
1011596,"schneka01"
1008767,"menosmi01"
12858,"goodwbr01"
19680,"sanchsi01"
1008337,"mcbeaal01"
1008288,"maxweja01"
1624,"sanchfr01"
1013054,"tiantlu01"
4972,"hamelco01"
1003209,"dennyje01"
1488,"torrean02"
1003475,"dragodi01"
1009422,"myershe01"
1013861,"whitede02"
1007177,"kruegot01"
3001,"greense01"
27490,"gonzani01"
1001535,"brownke03"
1385,"mordemi01"
1005166,"gwynnto01"
1001880,"campbma02"
1006009,"hoovejo01"
1008261,"mattido01"
15166,"goharlu01"
1137,"willije01"
31312,"gordoco01"
20218,"diazye01"
17734,"phillev01"
7571,"chiselo01"
5942,"sucreje01"
14551,"santaan02"
1009942,"paddedi01"
1013819,"weverst01"
1011804,"shantbo01"
816,"coomero01"
12874,"hultzda01"
1011337,"ryanja01"
1009665,"nuxhajo01"
1006707,"karpry01"
1011942,"shultto01"
1000058,"adamsmi01"
15490,"williju02"
1003487,"dreesbi01"
1011515,"schalbi01"
1003004,"daubeha01"
3299,"hatchch02"
1013407,"verbajo01"
7645,"lerouch01"
3397,"diazju03"
1002390,"coffiiv01"
1868,"johnsmi03"
1005446,"harthu01"
1006643,"judenje01"
2172,"gimenhe01"
1007442,"laclage01"
1004550,"garrifo01"
1005055,"griggar01"
1005177,"hachir01"
1009632,"normafr01"
1006691,"kanejo01"
15808,"godoyjo01"
1002846,"cubbami01"
1011281,"ruckena01"
1008410,"mccorba01"
1078,"gipsoch01"
31508,"danaca01"
791,"phillbr01"
1011110,"rodriri01"
192,"haneych01"
4259,"hernada01"
1009032,"mohleki01"
1013006,"thompfr01"
1760,"rossco01"
1012213,"smithvi01"
1009766,"o'leada01"
23552,"seaglch01"
1000657,"batesde01"
851,"tessmja01"
1002213,"chrisjo01"
1011188,"rootch01"
1009976,"palmmi01"
1006869,"kernsru01"
1000596,"barreji01"
1014306,"wyliere01"
1002465,"colliri03"
1004140,"flateja01"
1009397,"murrare01"
1006332,"jacquth01"
1013178,"treshmi01"
1012699,"sullijo03"
27471,"deloaza01"
1725,"porteco01"
1005108,"grundke01"
1010087,"pavliro01"
1926,"hairssc01"
1008895,"milleel02"
1426,"vosbeed01"
1013448,"voisebi01"
1004224,"fordte01"
1004796,"goebeed01"
1010499,"powerji01"
1005213,"haislji01"
5188,"cherrro01"
1002734,"cranesa02"
1014296,"wrighta01"
7158,"younger03"
14288,"bardlu01"
92,"hammoch01"
1006232,"hustibe01"
23698,"mauriro01"
1010404,"podbibu01"
1005121,"guesewh01"
1006539,"jonesch05"
4779,"liriary01"
1003677,"edmonbr01"
15100,"hellebe01"
1009071,"montgje01"
1013040,"thornot01"
1714,"nortoph01"
1004905,"gowella01"
15688,"herrero01"
1003129,"deckest01"
1009154,"moransa01"
871,"d'amije01"
1006390,"jenkijo01"
1000906,"berryjo02"
17452,"sirijo01"
1920,"dallibr01"
14457,"conlead01"
1007157,"kremmji01"
1006068,"hovlest01"
16687,"deetzde01"
15958,"demertr01"
19665,"wrighky01"
1012588,"stowech01"
1013692,"weathro01"
1012826,"tappeel01"
1003583,"duranmi01"
505,"youngdm01"
1010950,"ridzist01"
29615,"backhky01"
1004567,"gastomi01"
1004165,"floodcu01"
1012400,"stangle01"
1009755,"ojalaki01"
1002930,"dailesa01"
1009785,"olmstal01"
857,"willibe02"
1012767,"swartmo01"
15444,"weissza01"
1655,"randost01"
1000684,"baumapa01"
1011803,"shantbi01"
1009364,"murphho01"
15968,"feiglbr01"
1006126,"huberot01"
1010219,"peskyjo01"
4693,"lewisfr02"
23499,"winnke01"
1000240,"anderri01"
5312,"harmabr01"
22458,"wallsta01"
18482,"gittech01"
17295,"valdefr01"
1008160,"martida01"
1003753,"ellissa01"
1007169,"krockgu01"
1007577,"lewisbi01"
964,"padilvi01"
3404,"johnsty01"
19828,"thomaco01"
1008408,"mcconsa01"
29770,"montgma01"
1538,"gloadro01"
1001245,"bowdeti01"
1013877,"whiteha01"
1006048,"houckby01"
1007718,"lombaer01"
1013050,"thurmbo01"
1011454,"satrito01"
1008359,"mccalwi01"
30063,"petertr01"
1003396,"donovfr01"
1013924,"wiedech01"
1010073,"pattiji01"
3817,"ariasjo01"
1011772,"sextofr01"
1012879,"tayloja02"
1009289,"mulcahu01"
1010368,"pirtlge01"
1013387,"veachal01"
1004118,"fitzkpa01"
1012170,"smithke02"
14844,"dermoma01"
1002688,"cowanbi01"
1012346,"splitpa01"
1009772,"olivato01"
6485,"wilsobr01"
1396,"donnech01"
1008552,"mcguibi01"
1000839,"benneer01"
1004620,"georggr01"
1001182,"boolere01"
1011639,"schuljo03"
1005756,"heussed01"
1012712,"sullisu01"
1006368,"jatapa01"
1012673,"suggsge01"
1009414,"myattgl01"
1711,"gonzaje01"
1001665,"burgesm01"
157,"morame01"
1007168,"krivdri01"
1091,"moyerja01"
1012159,"smithja02"
1001739,"burttde01"
1002095,"cavetpu01"
1004020,"fewstch01"
3007,"rabejo01"
1000445,"bakerch01"
730,"hockide01"
1004393,"fulleha01"
979,"beimejo01"
1005391,"harresl01"
2223,"knoedju01"
10058,"matzety01"
1251,"gonzaju03"
1013045,"thrasbu01"
1013014,"thompja01"
1002090,"causere01"
31827,"matthze01"
1000287,"aragoja01"
16291,"ciuffni01"
1002962,"dammabi01"
1006960,"kirbycl01"
17929,"mullice01"
1003546,"dulibbo01"
1010036,"paschbe01"
13677,"oswalco01"
860,"alomaro01"
1007247,"ladewst01"
1011253,"rowedo01"
27899,"keithco01"
1002272,"clarkca01"
23363,"garciro04"
1013077,"tinslle01"
1001450,"brittji01"
1003066,"davisle01"
1004230,"foremha01"
1011381,"salisbi01"
1008435,"mcculcl01"
1002473,"colpadi01"
7410,"happja01"
6736,"putkolu01"
1004104,"fittepa01"
1013748,"weisswa01"
13182,"crickky01"
1002111,"chadwra01"
1012835,"tatehu01"
1007328,"lannijo01"
8645,"jenksbo01"
1007001,"klimkro01"
1003241,"devench01"
1001110,"bockura01"
1003197,"demoldo01"
1001006,"blackbu01"
1002301,"clarkpe01"
1004499,"garcida02"
5432,"herreel01"
1007427,"leachte01"
1710,"gilfija01"
1011949,"siebeno01"
1003253,"devoral01"
1006815,"kellyro01"
1009903,"otterbi01"
1004383,"fuentmi01"
1001467,"bronkhe01"
1008543,"mcgrajo02"
1005103,"grubbjo01"
1004338,"frencla01"
12808,"clevimi01"
6329,"danksjo01"
1001672,"burkach01"
1011065,"robinfr01"
1008560,"mchalbo01"
1012864,"tayloch02"
1905,"seibeph01"
1000100,"albagi01"
1004810,"goldsha01"
1006682,"kammebo01"
9514,"cardead01"
1000315,"arndtha01"
26215,"rutleja01"
1003057,"davisja01"
1005476,"hasnepe01"
1011506,"schaege01"
1010829,"renfeer01"
1002873,"cummija01"
31382,"rushida01"
1013095,"toddfr01"
11,"erstada01"
1013144,"townsge01"
1000892,"bernhju01"
12321,"schlogu01"
1008468,"mcdonte01"
7335,"mockga01"
1002528,"connoji01"
1012936,"tesreje01"
1009496,"nelsoan01"
1013124,"torgeea01"
1010264,"pfeffje01"
1013318,"valdero01"
1002959,"damasja01"
18881,"terrycu01"
1004733,"gilmogr01"
1000930,"betteje01"
2717,"porceri01"
1013031,"thompwi01"
1009817,"o'neimi02"
2845,"bensojo01"
1012694,"sullija01"
3867,"shoppke01"
1003271,"dickebi01"
1009539,"newmaal01"
1005959,"holliho01"
1010896,"riceha02"
8011,"stulter01"
1011488,"scalzsk01"
1012967,"thomabu02"
1004590,"gedeoel01"
1001939,"cardico01"
12801,"reedch01"
1010627,"rachust01"
1000672,"battijo01"
1009543,"newmaje01"
1011870,"sheri01"
1012055,"slattja01"
4810,"mccanbr01"
1003741,"ellioju01"
1007103,"koosmje01"
1011024,"roberbo01"
1003711,"eicheju01"
1008661,"mcnamti01"
1013691,"weafeke01"
1000271,"annisbi01"
3775,"woodti01"
1516,"saarlki01"
1002864,"culloni01"
1004183,"flynned01"
1011092,"rockepa01"
1011782,"shaffjo01"
1004433,"gaineja01"
1005323,"hansean01"
9121,"housetj01"
1001843,"callajo01"
1009690,"o'bried01"
1010658,"rajsida01"
21537,"lynchda02"
1004576,"gaulemi01"
1011479,"saxda01"
1000256,"andrejo02"
1004027,"fieldge01"
1007224,"kutynma01"
1010056,"patteca01"
1004477,"gandybo01"
1006804,"kellyjo03"
12056,"mcgousc01"
22690,"olougja01"
1012485,"stenzja01"
1008121,"marquji01"
1002492,"comstra01"
1000983,"birmijo01"
1009093,"moorebi03"
1394,"harrile01"
1009277,"muellbi01"
1004156,"fletcto01"
1415,"michach01"
30170,"pettych02"
27789,"whitcsh01"
1012442,"st.cleb01"
1001572,"brubabr01"
858,"wilsoen01"
1002702,"coxje01"
1012488,"stephbr01"
562,"huntebr02"
14553,"mazarno01"
1000871,"bergejo01"
6870,"rodried04"
1108,"bellda01"
1890,"moorema02"
1009376,"murphto02"
1186,"tagucso01"
1006730,"kearnto01"
1010061,"pattegi01"
1012746,"suttoez01"
1007394,"lawleto01"
1000834,"benitya01"
487,"pearste01"
1005543,"headra01"
1007866,"lynchmi01"
1003319,"dipiebo01"
1013962,"wilkste01"
1006633,"joycebi01"
1011247,"roushed01"
1004649,"getzich01"
1000406,"badgrre01"
1009421,"myersha01"
1014120,"winchsc01"
1011136,"rogerle01"
2020,"emausbr01"
12434,"pillake01"
17216,"harrimo01"
1012661,"stynene01"
19755,"ohtansh01"
1013724,"weedebe01"
19967,"aguilry01"
1008384,"mccaual01"
6908,"robincl01"
1002094,"cavenik01"
1008381,"mccarto03"
1003168,"deleojo01"
1008270,"matuzha01"
1000520,"bantaja01"
1004564,"gastfed01"
1007765,"loudear01"
1000074,"adkindo01"
25816,"langesh01"
23313,"buttojo01"
2656,"gieseda01"
1013417,"versazo01"
1011944,"shumaha01"
1007772,"lovelto01"
1009600,"nillra01"
199,"lowede01"
1008475,"mcdowro01"
1011903,"shinnti01"
1000540,"bargagr01"
1010148,"penajo01"
1004652,"gharrpa01"
1007784,"lowdegr01"
1011334,"ryanbu01"
1011626,"schulbo01"
1005420,"harrijo02"
1010963,"rikarcu01"
1009565,"nichoov01"
1007592,"lezcaca01"
1013780,"wentzst01"
10481,"tollesh01"
1011064,"robinfl01"
1011898,"shinagi01"
1009858,"ortizba01"
1007526,"lennoed02"
1012970,"thomada01"
1003442,"dowdsn01"
10339,"gennesc01"
13254,"wilsoja04"
1005909,"hoffmje01"
1009821,"o'neiti01"
1816,"cordech01"
1001058,"blassst01"
1009355,"murphda05"
1014357,"yosted01"
1006380,"jeffeje01"
1000112,"alcocsc01"
3104,"milleja03"
30031,"aguiaju01"
1002903,"curtiha01"
1012972,"thomaer01"
4845,"mccleky01"
1005384,"harrato01"
1005454,"hartmfr01"
1012596,"strando01"
3402,"crowetr01"
1005951,"hollamu01"
1006274,"irvined01"
1000019,"abernte01"
1006984,"klaerhu01"
1012426,"stargwi01"
1005825,"hillima01"
15463,"deleojo03"
1013260,"tysonty01"
1010300,"phillto02"
1001191,"bootham01"
8779,"mileywa01"
1006956,"kippebo01"
965,"perezto03"
12499,"rucindr01"
1014370,"youngda01"
976,"wolfra02"
1831,"gregoto01"
1012114,"smithch07"
1003821,"escheji01"
2369,"zawadla01"
1004881,"gorinch01"
1004143,"fleitan01"
1013535,"walketo01"
1012286,"sosaju01"
1005272,"hamilda02"
11145,"colonch01"
1002782,"crockda01"
1007588,"lewissc01"
1030,"embreal01"
1008585,"mckeeji02"
1632,"dawlejo01"
1008130,"marrobu01"
1000153,"allenmy01"
10166,"frankni01"
1008136,"marshda01"
20541,"sandeph01"
18439,"youngda02"
528,"maireos01"
9189,"clarkza01"
1004333,"freisda01"
1550,"riverru01"
1001924,"cantzba01"
22713,"hernaca04"
1011083,"robsoto01"
8350,"ramosaj01"
1011752,"serenbi01"
3474,"waddeja01"
1001764,"butchmi01"
1011418,"sandera01"
1001540,"brownll01"
1008630,"mcmahja01"
1000740,"beckebe01"
1000355,"attredi01"
14739,"blackpa01"
1008659,"mcnamge01"
1011032,"roberda06"
1012463,"steinbi02"
1011659,"schwami01"
10983,"rowenbe01"
1002614,"corbira01"
3180,"delcama01"
1010869,"reynodo01"
8273,"dlugabr01"
1011544,"schelda01"
7108,"vendipa01"
1003349,"doddro01"
1007846,"lusher01"
1004772,"gleatje01"
1013041,"thornwa01"
1001193,"bootyjo01"
22557,"sianimi01"
1009535,"newhoha01"
11602,"sanchca01"
746,"pierza.01"
1000106,"albosed01"
4712,"reverbe01"
1011890,"shielch01"
1010228,"peterga01"
1009128,"moorete01"
1011109,"rodrili01"
1009978,"palysst01"
1002921,"dagenjo01"
30206,"montech01"
1000833,"beniqju01"
1006944,"kingst01"
1002258,"clappaa01"
35322,"kimhy02"
1147,"coolbmi01"
1008911,"milleke02"
1013154,"traffjo01"
17098,"fowledu01"
29628,"jacobal01"
1013611,"wardga01"
178,"brownke04"
1010753,"redmobi01"
1004958,"gratedo01"
1009848,"orrda01"
1010648,"rafteja01"
1002475,"coltola01"
1004629,"gerhajo01"
1009304,"mullihe01"
1011105,"rodrifr01"
1010505,"powerto01"
1003638,"eastehe01"
10466,"jordata01"
1010563,"puigri01"
1439,"coreybr01"
13185,"arciaor01"
1000133,"allenbo01"
1012765,"swartda01"
4652,"clemeje01"
1006882,"ketchgu01"
1008744,"melenfr01"
1010338,"piersda01"
1007203,"kuhnbu01"
1009438,"nagleto01"
2234,"johnske05"
3578,"mannich01"
11481,"ramoshe01"
1000911,"berryto01"
1011697,"scrivch01"
1013955,"wilkide01"
1004294,"frank01"
17423,"merceye01"
1001468,"bronkje01"
1009500,"nelsoem01"
19493,"jacksza02"
874,"francjo01"
1011093,"rockle01"
1008154,"martibi01"
1010364,"pippeco01"
1001322,"bradybi01"
1002920,"dadepa01"
1000607,"barrocu01"
1012118,"smithda03"
1014426,"zearfda01"
1003805,"erickdo01"
1006323,"jacobla01"
1000815,"bellle01"
3316,"castial02"
1634,"kozlobe01"
1001195,"borbope01"
1004639,"geronce01"
1000275,"antonbi01"
18306,"guilbta01"
1006754,"keeneje01"
1011277,"rubiojo01"
1011811,"sharrja01"
711,"cruzrh01"
26289,"hendegu01"
10657,"bellaan01"
563,"lidgebr01"
1011279,"ruckeda01"
31571,"gervapa01"
20084,"escarjc01"
1003144,"dehlmhe01"
19901,"sheetga01"
1012716,"sullito03"
1008454,"mcdonbe01"
1640,"prattan01"
1000414,"bahnsst01"
1001878,"campbgi01"
1005930,"hogsech01"
1013061,"tiernco01"
1008868,"millafr01"
1012201,"smithre06"
13418,"beckch02"
1007843,"luquedo01"
14151,"mazzach01"
1007179,"krugeab01"
1001676,"burkebo01"
5362,"aumonph01"
7988,"winkejo01"
1004304,"frascjo01"
1011087,"rochebe01"
27932,"seymoia01"
1001884,"campbjo01"
1161,"journji01"
1770,"wagnery01"
13329,"lambja01"
1011653,"schutca01"
1007037,"knickbi01"
1413,"durazer01"
7267,"masseni01"
1006490,"johnspa01"
1007542,"leonma01"
1008948,"milliwa01"
1004819,"golviwa01"
1013271,"ullgesc01"
9741,"paulsbe01"
1013457,"vossal01"
18029,"anderta01"
1008426,"mccrale01"
1008691,"mcshape01"
27501,"foscuju01"
1000198,"alvaros01"
10078,"thielca01"
1351,"hagadni01"
6898,"sappeda01"
19316,"lauerer01"
1002627,"corgach01"
1001213,"boskish01"
19942,"newsolj01"
7739,"darnatr01"
1003599,"duryeje01"
1008983,"minorry01"
2216,"kellydo01"
1014149,"wirtske01"
1004941,"grammal01"
1008423,"mccovwi01"
1010943,"riconha01"
1000185,"altampo01"
1000437,"bairdbo01"
1004394,"fulleji01"
1002104,"cermaed01"
14101,"klinebr01"
16478,"schwaky01"
1008830,"meyerle01"
1012782,"sweetri01"
1002024,"cartwed01"
1000788,"belchke01"
1014148,"wirthal01"
1011493,"scanlpa01"
1006214,"huntzwa01"
14771,"paganem01"
20000,"wellsty01"
1013348,"vandeed01"
2307,"heintch01"
1011286,"rudoldu01"
30279,"woobr01"
8155,"cabreev01"
1014279,"wrighge03"
1000124,"alexage01"
1010075,"pattobi01"
1004095,"fishera01"
1010871,"reynoke01"
1004261,"fothebo01"
1005731,"herritr01"
1007467,"leete01"
1007552,"leriawa01"
1004658,"gibbojo01"
1003585,"durbiki01"
1000771,"beechro01"
1013194,"trottsa01"
1006418,"johnsal01"
1009564,"nichoki01"
16852,"nogowjo01"
1000224,"anderdw01"
1001033,"blairwi01"
5491,"rominau01"
1005701,"hernaev01"
19800,"crowewi01"
1001861,"camildo02"
1000836,"bennech01"
1005224,"haleod01"
2991,"greenan01"
13658,"gorete01"
1003816,"erskica01"
1001909,"candejo01"
1004093,"fishema01"
1012995,"thomato01"
1005148,"gunnito01"
1008698,"mcweedo01"
1013091,"tobinjo02"
1000531,"barbest02"
17932,"stevean01"
25977,"priesqu01"
1000852,"bentlja01"
20476,"solompe01"
732,"jacksmi02"
6653,"hendeji01"
1013880,"whiteje01"
19586,"whitlfo01"
1011729,"seilhri01"
1007359,"larsedo01"
1012258,"sockach01"
1004086,"fishefr01"
1005336,"hanyzed01"
1007046,"knodera01"
577,"vizcajo01"
1010609,"quinnpa01"
17149,"germado01"
1001377,"bredebr01"
1008118,"marqubo01"
1001623,"buckljo01"
13414,"tolesan01"
1000496,"ballji01"
1005649,"henketo01"
1008518,"mcgilbi01"
1004788,"glynnbi01"
1013517,"walkefr01"
1010276,"phelped01"
1003667,"edelmjo01"
1004500,"garcifr01"
1009650,"nossejo01"
1004112,"fitzgma01"
1008842,"mickegl01"
11167,"rutlejo01"
2467,"coffeto01"
1004859,"goodra01"
6955,"pinoyo01"
1013922,"widnewi01"
31872,"hortoca01"
1000848,"bennhe01"
1013935,"wihtosa01"
1004855,"goodge01"
1012945,"thatcgr01"
1004626,"gerbege01"
1004650,"geyerru01"
1013003,"thompda01"
1014283,"wrighji02"
3499,"barnwch01"
1001223,"bosweke01"
1003110,"deanpa01"
637,"ashbyan01"
4755,"murphbi02"
1009981,"papaial01"
27685,"spierca01"
27483,"millebo06"
4929,"davidda01"
1006107,"howest01"
1001525,"brownje01"
23788,"adamsjo03"
1009349,"murphco01"
1007324,"lanieha01"
1009960,"pagnoto01"
1007032,"kneppch01"
1013032,"thomsbo01"
27662,"roach02"
31564,"rodenal01"
1013703,"weaveor01"
1003850,"eubanjo01"
1010918,"richapa01"
1461,"mateohe01"
1009608,"nixonot01"
1000726,"beaslle01"
1005048,"griffmi02"
1008515,"mcgehpa01"
1014153,"wisehu01"
1009701,"o'brira01"
1002415,"coleed01"
1009388,"murragl01"
1006826,"kemnedu01"
1012495,"stephji01"
1008023,"malliro01"
1006607,"jordadu01"
1001024,"bladtri01"
1563,"childma01"
1000430,"bailesc01"
3206,"hernalu01"
1009430,"myricbo01"
1003464,"doyleji01"
6895,"anderch01"
1013696,"weavefa01"
1008112,"marklcl01"
23250,"banueda01"
1010481,"powelbi01"
18365,"diazle01"
1004276,"foxer01"
1007215,"kurowwh01"
1011482,"sayji01"
1008670,"mcnicbr01"
1010202,"perribi01"
1013687,"waughji01"
1010802,"reillha01"
206,"oliveda02"
1013824,"wheatch01"
1013200,"troyda01"
1006530,"jonesbo01"
3909,"stavini01"
1810,"valenjo04"
1005980,"holmeto01"
1010099,"peakel01"
5361,"freemfr01"
1001270,"bowmaro01"
1010397,"plockwa01"
243,"leeca01"
1009531,"newelt.01"
1003288,"dierkla01"
1010890,"ribande01"
1004846,"gonzavi01"
1009485,"nehfar01"
1012311,"speecby01"
1010068,"pattemi01"
1004213,"forceda01"
1012377,"staffge01"
1008266,"mattocl01"
1005258,"hallmbi02"
1003815,"erricdi01"
10593,"terdojo01"
6950,"cassebo01"
659,"karroer01"
476,"maciajo01"
8110,"shawbr01"
7937,"schaflo01"
1000379,"averiea02"
1011107,"rodrihe01"
20018,"dunshpa01"
1006296,"jacksda03"
12831,"purkema01"
1012275,"sommejo01"
1002567,"cookea01"
1008360,"mccamra01"
1005746,"herzowh01"
1006436,"johnsch03"
1011268,"roylu01"
1011313,"russeja01"
1006706,"karpehe01"
27479,"winnma01"
3566,"houltdj01"
1010772,"reedmi01"
1003450,"downial01"
1010212,"perryha01"
1003792,"enwrich01"
1006083,"howarji01"
1008399,"mcclojo01"
1006667,"kahnow01"
1010620,"quirkar01"
19859,"pintore02"
1002565,"cookcl01"
1159,"rominan01"
1008932,"millero04"
1006344,"jamesbi02"
24094,"henriro01"
1002483,"comerwa01"
16159,"fryja01"
1005620,"hemmige01"
10347,"ohlmami01"
534,"owenser01"
6983,"storedr01"
4759,"broxtjo01"
1003408,"doranto01"
1000779,"begleji01"
1004528,"gardnla01"
1008686,"mcraebr01"
20153,"nelsoni01"
19820,"pelhacd01"
8591,"niemaje01"
1013064,"tiftra01"
1003023,"davidbi01"
1005101,"grovero01"
23875,"cruzom01"
15119,"pattejo03"
1514,"perezol01"
1006547,"jonesda04"
1011599,"schoeju01"
1014420,"zarilal01"
1008699,"mcwilbi01"
1012000,"simsdu01"
26463,"carrial01"
1012600,"stratas01"
1008696,"mcveyca01"
1010430,"pondar01"
1391,"hollida01"
13891,"millemi01"
1009007,"mitchmi01"
1006212,"huntro01"
1010093,"paynege01"
1014168,"withrfr01"
1006599,"jonesto01"
1004124,"flackma01"
1005046,"griffma01"
1011034,"roberdo01"
15055,"nunezdo01"
1008014,"malayjo01"
1001941,"cardwdo01"
33829,"imanash01"
1012105,"smithbr02"
1496,"dayza01"
1005066,"grimero01"
1009390,"murraji02"
1008660,"mcnamji01"
1498,"echevan01"
1001622,"bucklje01"
1002781,"crockcl01"
13946,"peterti01"
2128,"mcdouma01"
1001034,"blaisdi01"
1013782,"weraju01"
1008610,"mclaufr01"
1006765,"kelbge01"
1014016,"willile02"
1011401,"samuero01"
21693,"amayami01"
26143,"johnstr02"
17901,"beninan01"
1004892,"gosgeji01"
1004780,"glennha01"
1013615,"wardjo01"
1008840,"michara01"
599,"fieldna01"
15447,"healyry01"
1004003,"ferraal01"
1002971,"danieja01"
1005971,"holmaga01"
1013808,"westma01"
1001731,"burroje01"
1014403,"zachach01"
1008422,"mccosba01"
1010732,"raymocl01"
19535,"hendrry01"
1013904,"whitmdi01"
29606,"malloju02"
202,"mirabdo01"
1918,"thornma01"
1007809,"lucefr01"
15264,"middlke01"
1004126,"flagsir01"
1006983,"kittrma01"
1002894,"curryji01"
1000295,"ardizru01"
1008305,"maynabu01"
13606,"morimsh01"
1004893,"gosligo01"
1013341,"vancaal01"
1001221,"boswean01"
1010399,"plummbi01"
1012996,"thomato02"
1211,"harpetr01"
14371,"thompja03"
16164,"gosseda01"
1851,"kooncgr01"
1012846,"taubyfr01"
1010498,"powerik01"
4863,"clevlbr01"
1005002,"greenjo02"
1011245,"rothsla01"
30171,"blackma01"
715,"wrighja01"
1001263,"bowmaab01"
1005316,"hannaji01"
3959,"carpeda01"
1002804,"crosscl01"
1004475,"gandagu01"
1014215,"woodeha01"
27647,"volpean01"
1000530,"barbest01"
1004508,"garcipe01"
1000984,"birreba01"
1002138,"chapida01"
1002940,"dalesma01"
14706,"bandaan01"
31793,"thomarh01"
1001583,"brumfja01"
1011874,"sheriro01"
1003305,"dillojo01"
1000013,"abbotku01"
1003161,"delamro01"
33677,"skenepa01"
1012278,"songedo01"
1013097,"toddji01"
1008757,"meltoru01"
1013999,"willige03"
21527,"mcartja01"
1001750,"bushefr01"
11338,"sanchad01"
1013638,"warnoha01"
1275,"rodriiv01"
21304,"kolozma01"
4563,"youngde04"
1012584,"stovage01"
1008279,"maurira01"
25589,"peralsa01"
19388,"gonsoto01"
1000186,"altener01"
1007596,"librafr01"
1006753,"keeneha01"
1323,"swannpe01"
1010857,"rextewi01"
16933,"hernael01"
2491,"serraji01"
1000747,"beckema01"
514,"castrra01"
1013236,"turneto01"
1000783,"behneme01"
1001090,"bluegos01"
1008063,"mannga01"
1013802,"westeos01"
1008813,"metziwi01"
1002633,"cornema01"
1003794,"enzenja01"
1006549,"jonesde01"
10133,"boxbebr01"
605,"hernaro01"
1007737,"longmto01"
1012582,"stoutal01"
1013791,"werthde01"
8002,"rosarwi01"
1013524,"walkejo01"
1009495,"nekolbo01"
1008340,"mcbriba01"
1012058,"slaugba01"
1013991,"willidi02"
5198,"huch01"
1000453,"bakerfr01"
1014134,"winhala01"
907,"colanmi01"
6609,"galvifr01"
1006448,"johnsdo03"
1001917,"canojo01"
1004863,"goodwcu01"
1004252,"fostekr01"
1012862,"tayloca01"
1001867,"campaal01"
1009369,"murphla01"
1009313,"mulvejo01"
1002765,"crewsti01"
1010848,"rettiot01"
21504,"irvinja01"
1002373,"coangi01"
1005750,"hessto01"
15846,"plutkad01"
1010191,"perkice01"
1013811,"westomi01"
17695,"gloveko01"
1006717,"kaufmcu01"
1004527,"gardnji01"
1011375,"sakatle01"
1006095,"howeldi02"
1005303,"handsbi01"
1004915,"gracemi02"
9303,"axelrdy01"
1096,"relafde01"
3508,"gronkle01"
1001655,"burbrne01"
22165,"viladry01"
21850,"thompma02"
1000302,"arlicdo01"
1001437,"brinkch01"
1007905,"macfami01"
1003392,"donosli01"
1011124,"roettos01"
1004921,"graffmi01"
1001700,"burnewa01"
27543,"ellisdu01"
7451,"hulettu01"
1004083,"fishedo01"
1012187,"smithpa01"
12828,"kittran01"
1000601,"barreti01"
646,"daalom01"
8515,"wolfebr01"
1004188,"flynnmi01"
1003016,"davenda01"
1010040,"pasekjo01"
1001757,"buskejo01"
3532,"fulchje01"
19294,"solakni01"
129,"bordimi01"
1009797,"olwined01"
1001266,"bowmabo02"
12918,"bradlar01"
1014157,"wisesa01"
1001260,"bowlegr01"
1003179,"delocik01"
18064,"matonph01"
1007623,"lindjo01"
79,"younger02"
1008682,"mcquige01"
1002659,"cottedi01"
1007544,"leovijo01"
1003509,"drohato01"
5422,"lombast02"
4067,"garcich02"
792,"welkedu01"
225,"buehrma01"
1002117,"chambbi01"
1010130,"peguest01"
1000399,"backmle01"
1011686,"scottjo01"
1009736,"oelkebr01"
1009270,"mowera01"
1010988,"ritchja01"
1005821,"hillhe01"
2096,"castrbe01"
1011063,"robined01"
1001073,"blighne01"
1006639,"juddmi01"
1006400,"jensewo01"
12857,"armstsh01"
1009357,"murphdi01"
1000059,"adamsmi02"
1001659,"burchla01"
1006,"riosar01"
1001727,"burrila01"
1011233,"rossma01"
1007965,"mageesh01"
14764,"parsowe01"
19531,"foleyja01"
28022,"queroed01"
1002160,"charlno01"
1010407,"poeppmi01"
1010836,"rennabi01"
1004420,"gaddyjo01"
1008672,"mcnulbi01"
1008345,"mcbripe01"
1010060,"patteda03"
1002741,"crawfja01"
2450,"hoppeno01"
13490,"hernaos01"
13942,"suterbr01"
4741,"vealdo01"
1009770,"olivajo01"
1002148,"chapmja01"
1003006,"dauerri01"
9853,"haltose01"
1011808,"sharpbu01"
1008988,"minutgi01"
1010966,"rileyge01"
2807,"corpama01"
1005600,"heisecl01"
1004400,"fulmech01"
1009199,"morribi01"
1013088,"tobinja01"
1003934,"farmebi01"
1003925,"fanovfr01"
1011397,"sampsbe01"
3088,"pignaca01"
1001754,"bushjo01"
20020,"schrejo01"
2029,"watkist01"
1010229,"peterha01"
24933,"wantzan01"
1013485,"wagneho01"
1007456,"leekge01"
12782,"davista01"
1013609,"warddu01"
1014005,"williji01"
1008529,"mcginru01"
283,"hillbo01"
1012085,"smith01"
1001696,"burleri01"
1000047,"adamsbu01"
1004396,"fulleni01"
1914,"huismju01"
15971,"castiiv01"
1012524,"stewale01"
1000969,"billiha01"
261,"aloumo01"
1011380,"salesed01"
1005221,"haleda01"
1005960,"hollije01"
1005352,"hardyja02"
119,"torrest01"
1005608,"heldme01"
1007053,"knottja01"
31843,"rockeku01"
1006680,"kalliru01"
502,"walkeja01"
1002883,"cunnira01"
12160,"gamelbe01"
1007491,"leibone01"
1007024,"knabeot01"
10962,"buchaja01"
1013671,"watkige01"
1012107,"smithbu01"
1003292,"dietzro01"
1012697,"sullijo01"
1008671,"mcniced01"
1002329,"clearjo01"
1008648,"mcmulhu01"
1002039,"caseyhu01"
1008465,"mcdonjo01"
1000610,"barrore01"
1000585,"barondi01"
1014301,"wurmfr01"
1001560,"brownst01"
1009585,"nielsmi01"
7794,"igawake01"
1007685,"lochhha01"
3692,"hannaja01"
1008005,"maisege01"
7383,"newmajo01"
1005847,"hinridu01"
13881,"thomaia01"
1001536,"brownla01"
1820,"stronja01"
1007678,"lizotab01"
1004887,"gormato03"
1002736,"cravebi01"
1006104,"howelro02"
1010688,"ramseto01"
1012866,"taylodo01"
1009138,"moralje01"
1003991,"fermife01"
25890,"kingbr02"
1006948,"kinnumi01"
7740,"kellyty01"
362,"wittke01"
1014252,"wooteju01"
1007512,"lemasde01"
1010209,"perrycl01"
22273,"whiteow01"
1001773,"butlece01"
1011236,"rossyri01"
21267,"birdja01"
15541,"rogerty01"
1000718,"beardmi01"
2559,"colinal01"
3188,"cruzlu01"
1000801,"bellde01"
16727,"stewabr01"
1003574,"dunnji01"
12701,"burnsbi02"
1005830,"hillmer01"
1001680,"burkegl01"
1002121,"chambcr01"
1008474,"mcdowod01"
1011936,"shovljo01"
1005013,"greento01"
1013588,"walteke01"
1003086,"davistr01"
1010653,"raicher01"
1010637,"raderdo01"
1013628,"warhoja01"
1393,"merceor01"
1010468,"postwa01"
1008742,"mejiasa01"
1716,"mendeca01"
4016,"sandsje01"
1008970,"mimbsmi01"
1012686,"sullich02"
1013193,"trottbi01"
1008403,"mcclula01"
672,"sprinde01"
1013536,"walketo02"
3288,"fukumka01"
1008924,"millera03"
21093,"vespini01"
20040,"onajo01"
25665,"waiteco01"
954,"duckwbr01"
22871,"marcatu01"
1000234,"anderke01"
1006290,"jacksbo01"
1005406,"harrich01"
1000068,"addisbo01"
1004216,"fordda01"
1006954,"kinziwa01"
1001746,"buschdo01"
15170,"vanmejo01"
1005546,"healyfr02"
1001464,"brognri01"
439,"merckke01"
1011867,"shephro01"
1006594,"jonesst02"
1004166,"floodti01"
1004197,"foleyma01"
1011197,"rosarsa01"
1006291,"jacksch01"
1009350,"murphco02"
6883,"balesco01"
1004174,"flowedi01"
1013401,"venabma01"
25483,"sogarni01"
7949,"beckhti01"
7802,"rojasmi02"
1009077,"monzara01"
1005159,"guzmage01"
5109,"meekev01"
1012541,"stimsca01"
1000010,"abbotgl01"
1671,"lopezaq01"
18000,"mckentr01"
1006372,"javiest01"
1011046,"roberro01"
13051,"colabch01"
1007561,"letchto01"
1006213,"huntzst01"
1012225,"smythre01"
13300,"kiebosp01"
1002513,"connasa01"
30145,"smithdy01"
14699,"arojo01"
1423,"perisma01"
15998,"bellico01"
1007421,"lazorjo01"
1000584,"barojsa01"
4409,"mcanupa01"
1002396,"coggifr01"
1007710,"loisal01"
1009855,"ortegph01"
1005557,"hearrje01"
1013409,"verdeal01"
1000497,"ballne01"
1010436,"poolera01"
1013218,"tunnele01"
19480,"hartmry01"
1012307,"sparmjo01"
1010245,"petrori01"
1011075,"robinra01"
1005086,"grossgr01"
2265,"treanma01"
1010512,"prattde01"
1006900,"kilhupa01"
1009332,"munsojo01"
1009544,"newmara01"
1004278,"foxho01"
1002229,"churrjo01"
8048,"smithwi04"
1012874,"tayloha02"
1001513,"browned01"
2722,"duncach01"
9571,"gentrcr01"
1008051,"mancugu01"
1004506,"garcimi02"
1003729,"ellerho01"
1003547,"dumonge01"
1007408,"lawtoma01"
1009956,"pagesa01"
1001965,"carlycl01"
1013698,"weaveha01"
1007981,"mahafro01"
1001933,"carawpa01"
1798,"corteda01"
1010710,"ratlige01"
1012526,"stewama02"
1014270,"wrighbi01"
1005917,"hofmaso01"
465,"farnsje01"
1012832,"tasbywi01"
677,"belliro01"
1001005,"blackbo01"
1002353,"clinege01"
7044,"thompke01"
1014318,"yalead01"
1005173,"haasmu01"
1006403,"jestaga01"
1002346,"cleveel01"
1004196,"foleyjo01"
1009573,"nicolge01"
14077,"lazora01"
1009749,"o'hagha01"
1011174,"rommeed01"
22664,"morenga01"
1009192,"morlebi01"
1002077,"castrbi01"
1002880,"cunnige01"
1007580,"lewisfr01"
1006486,"johnsmi01"
1001316,"bradlto01"
1014445,"zimmeje01"
1003085,"davisto03"
1000464,"bakerno01"
1010935,"rickeda01"
1002432,"colemri01"
1013278,"umphlto01"
1009181,"morgapi01"
22533,"otanemi01"
1013690,"waynega01"
1011623,"schulal01"
1004065,"firthte01"
1002470,"collvbi01"
1014070,"wilsode01"
5238,"gallois01"
1013620,"wardlcu01"
14162,"correca01"
1002843,"cruzto01"
379,"dresery01"
1008738,"meixemo01"
3340,"garzama01"
1006045,"hostge01"
1014072,"wilsodu01"
1000806,"bellga01"
1009758,"okriele01"
1008498,"mcgafpa01"
10341,"minayju01"
1009429,"myersro02"
1003193,"demetdo01"
1012313,"speerfl01"
1002129,"chancbo01"
16686,"vosleja01"
1011807,"sharpbi01"
21662,"alvarel01"
1010385,"planked01"
1009520,"netzemi01"
1006462,"johnsho01"
4640,"bergmja01"
2024,"tracyan01"
1004842,"gonzaor01"
1005398,"harribi03"
1002027,"carych01"
1012653,"sturdgu01"
1003616,"dygerji01"
1002068,"castito01"
1004070,"fischmi01"
1004221,"fordho01"
31839,"fujinsh01"
20423,"walkery01"
6104,"hillaa01"
1012244,"snydeco02"
15048,"fieldjo04"
1013015,"thompja02"
1011171,"romered01"
1003920,"faneyri01"
12093,"pindebr01"
1009461,"natalro01"
25379,"longsa01"
151,"madurca01"
19357,"sedloco01"
1002982,"dappecl01"
1007610,"linarru01"
15518,"rosaram01"
1009062,"montawi01"
1007660,"littlde01"
1007886,"lyonsst01"
1010485,"powelgr01"
1014021,"willima03"
1010005,"parkepa01"
29490,"merrija01"
1002348,"clevete01"
144,"hairsje02"
15369,"hergeke01"
1013470,"wadega01"
1000459,"bakerja01"
1001216,"bosseme01"
1009747,"ogrodbr01"
1004605,"geishve01"
1008124,"marquro01"
16125,"ellisch01"
1005690,"hermaar01"
19884,"martico02"
5519,"tejadru01"
1012501,"stephve01"
1002400,"cohenan01"
1013408,"verblge01"
1004783,"glennjo03"
1004662,"gibsobo01"
1005744,"hertzst01"
1619,"roberje02"
6265,"ethiean01"
6435,"worleva01"
1013042,"thorpbo01"
1007914,"mackco01"
443,"pierrju01"
1005016,"greerbr01"
1000643,"bassech01"
7349,"kazmase01"
1002199,"chitrst01"
1001844,"callaji01"
1006046,"hotalpe01"
1011572,"schmara01"
1002878,"cunnibi02"
937,"saenzol01"
1012379,"staffjo01"
1778,"prietal01"
1007222,"kutchra01"
13696,"gsellro01"
1000576,"barnevi01"
1001374,"breazji01"
1011505,"schacsi01"
1004399,"fullich01"
12572,"treinbl01"
15189,"peterdu01"
1003754,"ellswdi01"
1010762,"reedda01"
20546,"andergr01"
1008391,"mcclebi01"
1014007,"williji03"
1004075,"fishe01"
1008415,"mccorje01"
11691,"guerrta01"
1010851,"reuscpa01"
1003535,"duganda01"
7983,"rodrihe04"
12803,"cappsca01"
1013048,"throoge01"
9918,"sloweke01"
1783,"gaudich01"
1014144,"wintecl01"
1937,"adamsmi03"
1010507,"powisca01"
20333,"raqueni01"
31807,"meltotr01"
1013414,"verhojo01"
1007892,"lytleda01"
1000249,"andreel01"
18,"felizne01"
1003606,"dwyerdo01"
1007759,"lordbr01"
1004453,"gallaji01"
1004987,"greench02"
1000824,"bemisha01"
1010551,"pruethu01"
1002416,"coleki01"
15488,"senzaan01"
1011565,"schlala01"
1007182,"krughe01"
1006391,"jenkijo02"
1010479,"powelab01"
1002797,"crookja01"
10149,"crowaa01"
1009850,"orsater01"
1009847,"orrbi01"
1002505,"conlebo01"
1003873,"everile01"
1009908,"outench01"
1014140,"winnji01"
1002735,"cravaga01"
595,"carusmi01"
346,"pinedlu01"
1004466,"galviji01"
1005319,"hannatr01"
1010154,"penceel01"
1000791,"belinbo01"
1011693,"scottro01"
10160,"weberry01"
1004384,"fuentmi02"
1004035,"figgefr01"
26244,"coronke01"
1008358,"mccalla01"
1013411,"verekto01"
1007760,"lordca01"
1002325,"claybi01"
1003970,"feldemi01"
1005172,"haasmo01"
460,"bernead01"
7558,"rodrife02"
1002757,"creelja01"
1008637,"mcmanma01"
7568,"freemju02"
1010391,"plattal01"
1006350,"jamesje01"
1007557,"leslebr01"
1010150,"penaor01"
1013995,"williea02"
1010294,"phillj.01"
27585,"kristza01"
20418,"flemijo01"
22176,"mcgeeea01"
26136,"popeau01"
1013418,"veryzto01"
1004008,"ferrese01"
1005823,"hillhu01"
1008700,"mcwilla01"
1005761,"heydomi01"
19789,"castran02"
399,"paronch01"
745,"ortizda01"
5546,"marshja01"
1014040,"willite01"
1006229,"husonje01"
23095,"wongja01"
1001332,"braggdi01"
1011607,"schotge01"
1011630,"schuler01"
1012356,"spraged02"
1006023,"horanjo01"
1484,"spoonti01"
1013806,"westlji01"
1011789,"shanewa01"
1006324,"jacobme01"
1009217,"morrijo04"
12095,"garciyi01"
1509,"matosju01"
1003596,"durocle01"
1010756,"redmoja01"
1010266,"pfiesja01"
1006459,"johnsfr03"
1001327,"bradyji01"
1699,"ramirer01"
1000443,"bakerbi01"
1012337,"spicebo01"
1012334,"sperbed01"
1005725,"herrewa01"
1003922,"fannija01"
6204,"marcush01"
13652,"scottta02"
1000451,"bakerer01"
1012492,"stephea01"
1007752,"lopezar01"
1008754,"meltobi01"
1011086,"rochear01"
1011935,"shoupjo01"
1001035,"blakeed01"
10982,"whitlch01"
531,"nunezab02"
1011125,"roettwa01"
1002402,"cohensy01"
1006186,"humphjo02"
1002664,"cottohe01"
1007863,"lynchhe01"
1001901,"campri01"
1008173,"martij.01"
1001016,"blackge02"
1004521,"gardnch01"
1011430,"sanfofr01"
1007568,"levisch01"
1011554,"scherfr01"
1005640,"hendred01"
1010064,"patteha03"
1005447,"hartjch01"
1003888,"faatzja01"
1011130,"rogerem01"
1088,"mclemma01"
1012435,"starrra01"
1917,"tadanka01"
11773,"rogerja02"
1002776,"cristbi01"
1013773,"welshji01"
1011679,"scottev01"
1006308,"jacksre01"
9149,"melviti01"
24491,"swaggtr01"
1019,"barkeke01"
1003602,"dustabo01"
3847,"schlitr01"
1000283,"applepe01"
1009194,"mormaru01"
1011920,"shoffmi01"
1001305,"bradlfo01"
26257,"estesjo01"
1012736,"suterha01"
1010879,"rhielbi01"
1007104,"kopacge01"
1006812,"kellypa03"
1002706,"coxre01"
13188,"mejiaad01"
2225,"bourgja01"
1447,"fyhrimi01"
1006155,"hugheji01"
1004245,"fossla01"
13284,"sweenda02"
1013019,"thompma01"
1013189,"troedri01"
20794,"rodrima01"
1000768,"beeched01"
289,"macharo01"
1008271,"mauchge01"
1011143,"rogovsa01"
1008245,"matiajo01"
1007534,"leonael01"
1013851,"whiteab01"
1013651,"washbli01"
1007911,"macheda01"
1009869,"osborfr02"
1000367,"auldsle01"
1000857,"bentoru01"
332,"kearnau01"
1011590,"schmuch01"
1007392,"lavinjo01"
1010467,"postsa01"
1531,"bukviry01"
1011243,"rothgcl01"
1008580,"mckayre01"
1014033,"williri01"
1584,"nancesh01"
1002112,"chagnle01"
8265,"canzlru01"
1235,"winnra01"
14655,"wadeko01"
1005759,"hewitja01"
31583,"coleza01"
1014002,"williha01"
1004989,"greenda02"
1008383,"mccatst01"
1003115,"deasljo01"
1001231,"bouchde01"
20501,"hurstsc01"
1000127,"alexani01"
1004906,"gozzoma01"
1000811,"bellira01"
1006053,"housech02"
1007635,"linhaca01"
4439,"reeder01"
18063,"garliky01"
1013281,"underto01"
19722,"narvaca01"
19514,"kniznan01"
1008740,"mejiaro01"
1008783,"merklfr01"
8823,"drakeol01"
1007085,"kolbed01"
15964,"mellake01"
1003384,"donnefr01"
1012040,"skizalo01"
1013619,"wardke01"
1005727,"herribi01"
12975,"cabrema01"
1006785,"kellnal01"
1002974,"daniela01"
1007472,"lefebbi01"
1005653,"henlibu01"
1006866,"kernbi01"
1008392,"mccleha01"
7435,"zobribe01"
1009672,"oakesre01"
9264,"herndda01"
1001952,"carleji01"
1000611,"barroto01"
1670,"roneyma01"
8782,"cashnan01"
1424,"morriwa02"
1009954,"pagemi02"
19940,"romerjh01"
1005994,"hooddo01"
1011939,"shrivha01"
1005521,"haydeja01"
1009512,"nelsoro03"
1008869,"millebe01"
1008267,"mattoji01"
1008785,"merribr01"
1009327,"munozjo01"
1003778,"engelst01"
1011962,"siglipa01"
1004055,"finlebi01"
32,"salmoti01"
1013426,"vidaljo01"
1001531,"brownjo03"
1012471,"steinra02"
11193,"riefecj01"
1010323,"piehcy01"
1001896,"campho01"
1005220,"halech01"
1518,"sanchdu01"
1007308,"lanehu01"
1011456,"saucifr01"
9256,"polloaj01"
1013820,"weyhigu01"
1002494,"conceda01"
19487,"smeltde01"
1003764,"embresl01"
1005363,"harkemi01"
9683,"zagurmi01"
1003459,"doyleda01"
1005382,"harpete01"
1000985,"birtsti01"
1008982,"minorbl01"
1009326,"munozbo01"
1004674,"gibsosa01"
1009626,"nordhwa01"
1004978,"grayte01"
14411,"concege01"
1512,"pearsja01"
1001918,"cansejo01"
1001765,"butersa01"
1000539,"barfocl01"
1011154,"rojasmi01"
1011001,"riverge01"
1007445,"ledwimi01"
1000130,"allanan01"
1011853,"shelbjo01"
27451,"marshal01"
1012215,"smithwi01"
1007991,"mahonch01"
3486,"barziph01"
483,"paniajo01"
9492,"norribu01"
1007363,"laryal01"
1005355,"haresh01"
24782,"villada01"
3821,"nelsobr02"
1000550,"barklje01"
1007249,"laffefl01"
1014086,"wilsoic01"
1004397,"fullesh01"
1007069,"kochba01"
2731,"johnsbe02"
1795,"putzjj01"
209,"richaan01"
1012490,"stephcl01"
1013739,"weinele01"
20582,"severan01"
1866,"castijo02"
1006411,"jimenho01"
17484,"jimenel02"
1012536,"stillku01"
1014292,"wrighri01"
22828,"thenju01"
1012475,"stellbi01"
1002127,"champbi01"
9684,"baislje01"
1002292,"clarkji03"
1008157,"martica01"
1005187,"hadleke01"
1013010,"thompgu01"
1012914,"tennato01"
1013670,"watkied01"
31838,"sengako01"
1002382,"cochrge01"
17759,"perdoan01"
1000991,"bishofr01"
11608,"cecchga01"
1001559,"brownsc01"
1014360,"yoterel01"
1002636,"corrapa01"
972,"santijo03"
1006559,"jonesha01"
8718,"barnesc01"
16285,"hermomi01"
1009980,"panthji01"
1002514,"connbe01"
1007801,"lubyha01"
2532,"padilju01"
1013202,"trubyha01"
22197,"melenmj01"
17312,"steelju01"
1014060,"wilsoar02"
1157,"hunteto02"
11378,"jenkity01"
5888,"gilleco01"
1002529,"connojo01"
1005487,"hatchch01"
1006032,"horseha01"
1004469,"galvipu01"
1011694,"scottti01"
1008904,"milleji01"
1001974,"carnejo01"
1014037,"willish01"
12225,"schebsc01"
1011149,"rohrmda01"
1012234,"snodgfr01"
1010703,"rasmude01"
1001609,"brydet.01"
1008216,"masonde01"
1013941,"wiley01"
197,"kimsu01"
3808,"speiery01"
20368,"rossora01"
1011376,"salasma01"
1142,"ankieri01"
1008233,"matchto01"
1003348,"doddon01"
19709,"tatisfe02"
1010444,"porraed01"
1012619,"strikja01"
5172,"mannbr01"
1011672,"scott01"
19361,"burneco01"
1013503,"waldbdo01"
1005507,"havenbr01"
1017,"wilsoja02"
17732,"crismna01"
1005501,"hausear01"
1014409,"zahnefr01"
1005619,"hemined01"
1002793,"cronida01"
1000226,"anderfr01"
1005681,"heplebi01"
2578,"bourjpe01"
3805,"toddje01"
4166,"floreje02"
1010032,"partero01"
1011071,"robinja03"
1011960,"siffefr01"
1009399,"murrato01"
14332,"payamjo01"
1008683,"mcquige02"
1009227,"morsebu01"
1013617,"wardjo03"
1006774,"kelleha02"
1002372,"coaklan01"
1007064,"knudsku01"
11346,"frankse01"
1010475,"pottsjo01"
148,"juliojo01"
21487,"kolekst01"
1009882,"osterch01"
13346,"milneho01"
1003548,"dumouda01"
1001121,"bogente01"
1009904,"ottme01"
1012837,"tatepo01"
6596,"jacksry02"
1009075,"montoch01"
1001094,"bluevi01"
1007566,"leverwa01"
1003491,"dressbo01"
1001254,"bowersh01"
19546,"duplajo01"
1011377,"salazan01"
1004799,"goetzjo01"
1921,"gracefr01"
1012461,"steinbe01"
1011118,"roebued01"
6336,"feierry01"
7450,"hugheph01"
1010533,"priddje01"
5924,"mccrobo01"
1003935,"farmeed01"
1002789,"crompne01"
1398,"clarkbr02"
1010598,"quillle01"
1005542,"headed01"
1012677,"sulargu01"
1005244,"halleto01"
14460,"ramsema01"
1003481,"drakesa01"
1005672,"henryge01"
1013510,"walkecu01"
1000134,"allenbo02"
1012363,"sprinjo01"
19452,"rogerja03"
1009156,"morehda01"
6499,"hardybl01"
17170,"speiega01"
1911,"proctsc01"
1813,"gearyge01"
14973,"greenza01"
1013219,"turanbr01"
1008599,"mckinri01"
1004345,"friasha01"
1008319,"mcadaja01"
1005767,"hickebr01"
266,"bereja01"
1002647,"corwial01"
1010887,"rhoderi01"
1011842,"sheast01"
1009037,"molefe01"
1007283,"lampake01"
1000247,"andrecl01"
1009545,"newnapa01"
1010160,"pennike01"
15849,"emanuke01"
1004268,"fowlear01"
1012542,"stineha01"
1000552,"barklsa01"
14556,"morofma01"
1013570,"walshed01"
31545,"gilbedr01"
13620,"kellyca02"
1010155,"penceru01"
1001642,"bullage01"
1353,"omogrbr01"
20739,"mejiahu01"
27756,"abelmi01"
18577,"hayeske01"
1000812,"bellje01"
1006985,"klagefr01"
1012204,"smithru01"
1009514,"nelsoto01"
7610,"marsolo01"
1003290,"dietzdi01"
1000986,"biscafr01"
1009132,"moorewi01"
1010374,"pittach01"
1012895,"tayloza01"
1788,"loopeaa01"
1003968,"feinbed01"
1012762,"swansre01"
1003233,"destror01"
1009702,"o'brisy01"
4229,"kendrho01"
12323,"barneja01"
5536,"hernafe03"
1012015,"sirotmi01"
1012221,"smoyehe01"
579,"wardda01"
1007258,"lajesdi01"
17581,"sanchri01"
1004372,"frocksa01"
26079,"briesbe01"
1004106,"fitzgde01"
1011180,"rondogi01"
1013008,"thompfr03"
1003050,"davisge02"
3548,"hendrli01"
1003761,"elybo01"
984,"boehrbr01"
1003675,"edlerda01"
12547,"hicksjo02"
2917,"burriem01"
1002779,"critcmo01"
25779,"tolbety01"
25830,"lindgje01"
1007207,"kuipedu01"
1011060,"robinde01"
1003483,"draketo01"
1004960,"graulle01"
3057,"napolmi01"
1004934,"graharo01"
1005566,"heathsp01"
1549,"phillja03"
1003951,"farrji01"
1003782,"engleri01"
15542,"girodch01"
1007851,"lutzjo01"
615,"mcdondo01"
7048,"cruzfe01"
1009254,"mossra01"
17030,"juradar01"
1007205,"kuhnsch01"
1002884,"cuppyni01"
1006518,"jollesm01"
1006294,"jacksda01"
5038,"donaljo02"
1009572,"nichotr01"
1009974,"palmelo01"
1012771,"sweenbi02"
1005388,"harrejo01"
1006872,"kerrdo01"
943,"venafmi01"
1933,"francfr01"
1002239,"cihoced01"
643,"carragi01"
1608,"hodgetr01"
13905,"mejiase01"
13836,"duffyma01"
1006988,"klawial01"
690,"jenkige01"
1968,"tremich01"
1000515,"bannial01"
1008846,"midkiez01"
1009865,"orwolos01"
1005567,"heathto01"
1000049,"adamsdi01"
1005586,"heideja01"
16814,"hillti01"
1011256,"roweke01"
1014143,"winstha01"
20517,"sandlni01"
353,"sardida01"
24609,"fishebr02"
1008282,"mavisbo01"
11204,"cardust01"
1006150,"hughebi02"
2140,"youngde03"
19924,"hudsobr01"
1007901,"macdoha01"
1003430,"doughpa01"
1003380,"donlimi01"
1004872,"gordira01"
1002312,"clarkte01"
1139,"worreti01"
1013255,"tyrivda01"
6316,"phelpda01"
1011035,"roberge01"
1001116,"boehmle01"
1224,"sandbja01"
1000060,"adamsre01"
1046,"lundqda01"
1006571,"jonesjo02"
19717,"hallda02"
1581,"doolise01"
1001744,"busbypa01"
1653,"eldreca01"
1004485,"ganzech01"
2,"anderga01"
1002953,"dalybe01"
1002253,"clancbi01"
1003467,"doylela01"
18373,"mountry01"
1004034,"figgami01"
1008822,"meyerbr01"
1008168,"martigr01"
1267,"parkch01"
1008062,"mannfr01"
1005204,"hahnfr01"
1012430,"starnge01"
1007375,"lathrbi01"
1003303,"dilliha01"
1008591,"mckened01"
4191,"escobyu01"
1005820,"hillgl01"
22906,"pinedis01"
1004330,"fregoji01"
1013521,"walkeha01"
6175,"suareal01"
1002937,"daleca01"
25621,"ramosbr01"
1004349,"fridask01"
1006267,"iorgda01"
1014280,"wrighgl01"
1000145,"allenho01"
1002318,"clarkwi02"
708,"sanchal03"
1008253,"matthbo01"
1006970,"kirkpen01"
11423,"quintjo01"
1006664,"kahlebo01"
1005754,"hetzeer01"
1012544,"stinsbo01"
1002209,"chrisbr01"
1003425,"dottedu01"
1007033,"knerrlo01"
1013146,"townsir01"
140,"garcilu02"
23381,"hoffmno01"
1000343,"asselbr01"
1002266,"clarkbo01"
1010286,"phillda02"
1014042,"willivi01"
10349,"josepto01"
20503,"contrwi02"
1010586,"pyznati01"
1011221,"roskojo01"
1003580,"dupeefr01"
1012609,"streled01"
2227,"snellia01"
1003492,"dressch01"
17161,"wallach01"
1000535,"barclge01"
1004724,"gilliji01"
1013051,"thurmga01"
1002580,"coombbo01"
1000183,"alstoto01"
8073,"jennida01"
1006063,"housepa02"
1006343,"jamesbi01"
20626,"portelo01"
1009973,"palmeji01"
205,"offerjo01"
1003885,"ewoldar01"
1006598,"jonesti02"
1012726,"sundrst01"
1003762,"elyha01"
17893,"nevinty01"
529,"millake01"
17464,"hernajo02"
6324,"albural01"
10606,"rosinse01"
1458,"lopezme01"
1005720,"herred01"
1010424,"pollilo01"
1001848,"callapa01"
1000799,"bellbu01"
1014201,"woltery01"
14713,"lugoda01"
1003798,"eppsau01"
755,"santajo02"
1012369,"spurgja01"
1013927,"wieghto01"
1000233,"anderjo02"
19179,"sneadki01"
1008486,"mcfadle01"
1010362,"pipgred01"
1003301,"dillhpi01"
27472,"shustja01"
1006536,"jonesch02"
16266,"ladwiaj01"
1012607,"streega01"
1000510,"bankhsc01"
1003982,"fenwibo01"
2899,"ramirra03"
1010097,"pazikmi01"
1014284,"wrighji03"
1006657,"jutzesk01"
1011000,"riverbo01"
1013908,"whitnji01"
1006636,"joycemi01"
13533,"triggan01"
1014103,"wilsoro01"
1742,"santofr01"
1000025,"abramca01"
8801,"rodriwi02"
1011410,"sanchra01"
1005544,"healeto01"
1011583,"schmihe01"
1007470,"leevesa01"
1008525,"mcgingu01"
1010384,"planeem01"
21023,"martiad01"
1006722,"kavanma01"
1010006,"parkeri01"
1836,"seguife01"
1009513,"nelsote01"
1430,"everead01"
1014020,"willima02"
1004270,"fowledi01"
1010004,"parkeja01"
5311,"huffmch01"
452,"starkde01"
4646,"bucktr01"
3240,"brittza01"
1004518,"gardnar01"
1000917,"bertore01"
4049,"gonzami04"
1014156,"wisero01"
1009619,"nolddi01"
1007977,"maguija01"
5298,"skipwky01"
1013814,"wetheje01"
1008357,"mccaldu01"
1001125,"boglewa01"
12580,"morgaad01"
1008494,"mcfarmo01"
1003397,"donovje01"
1005773,"hickmch01"
19346,"whiteel04"
582,"abreuwi01"
3377,"garcian01"
1010084,"pauxtsi01"
16041,"wilkest01"
1007038,"knighge01"
1006197,"huntebr01"
1011427,"sandsch01"
1005607,"heitmhe01"
1014067,"wilsoch02"
25501,"schulpa01"
1003940,"farrebi01"
1007949,"maddoje01"
1000179,"alouma01"
1005259,"hallme01"
17874,"cortene01"
593,"brownde02"
1008930,"millero02"
1010421,"polivke01"
1008779,"merchan01"
1010800,"reillch02"
1005622,"hempdu01"
1001074,"blissel01"
10021,"minormi01"
1000336,"ashbyal01"
9399,"hazelje01"
1580,"figgich01"
1003436,"douglph01"
1008449,"mcderre01"
1010235,"peterky01"
25385,"rasmudr01"
1000793,"belitto01"
21997,"friaslu01"
253,"ritchto01"
1002926,"dahlja01"
405,"selbybi01"
19293,"senzeni01"
1002395,"coganto01"
17468,"gutieke01"
1013136,"torreri01"
1003127,"deckejo01"
1004910,"grabojo01"
1165,"valaich01"
1012269,"solommo01"
533,"olsenke01"
1009417,"myersbe01"
33699,"evanslo01"
1004949,"grantji01"
1012383,"stahlla01"
1012856,"taylobi01"
1006393,"jennial01"
1011234,"rossmcl01"
19962,"wentzjo01"
1008600,"mcknije01"
1009677,"oberkke01"
1012502,"stephwa01"
1005402,"harribu01"
1003937,"farmeja01"
1008076,"manrifr01"
1001501,"brownca01"
1010806,"reillto01"
16793,"mcgraky01"
17871,"gibauia01"
1006049,"houcksa01"
1012915,"tennefr01"
1000167,"allisda01"
1012566,"stonege03"
1002261,"clarede01"
1007783,"lovulto01"
3734,"linch01"
3531,"tulowtr01"
6283,"feldmsc01"
11827,"delabst01"
1000051,"adamsge01"
1014211,"woodbo01"
1013917,"wickeda01"
1013286,"unserde01"
1011580,"schmida01"
1003908,"fajarhe01"
1005812,"hillech01"
1001545,"brownmi01"
1013455,"vorhecy01"
1457,"lincomi01"
1013785,"werhajo01"
1002857,"culbele01"
14542,"estevca01"
193,"triunca01"
1002738,"crawffo01"
1003742,"elliola01"
1006799,"kellyge01"
1008129,"marrle01"
1007952,"madigto01"
1010020,"parrila01"
4350,"ringro01"
1013446,"voigtja01"
1001360,"brantmi01"
1459,"lunarfe01"
1008511,"mcgeefr01"
1000999,"bitkejo01"
1002438,"coletch01"
1004792,"godarjo01"
1006146,"huffmph01"
1009029,"mogrige01"
1001635,"buforda01"
1010158,"penneke01"
1003565,"dunlabi01"
1191,"johnsch05"
1011924,"shoopro01"
19705,"swarmma01"
1004909,"graboal01"
1004226,"fordwe01"
1008734,"meinkfr01"
21538,"forteni01"
3881,"lindssh01"
1013394,"veigeal01"
327,"griffke02"
1001350,"brandma01"
1009263,"motzfr01"
1005819,"hillga01"
1002944,"daleyju01"
1004374,"frohwto01"
1011235,"rossofr01"
4964,"campato01"
1005295,"hancole01"
1003608,"dwyerji01"
1004211,"foranji01"
22487,"oviedjo01"
1003390,"donohpe01"
1768,"wasdijo01"
1009471,"naymimi01"
1002689,"cowenal01"
1008969,"miltola01"
1001906,"canavji01"
1004655,"giannjo01"
17192,"beeksja02"
1005254,"halljo01"
1004729,"gillwa01"
1010370,"pisonji01"
1007740,"longto01"
1006297,"jacksge01"
407,"smithro03"
1003758,"elsteke01"
11368,"grandya01"
19529,"vieauca01"
1005878,"hodapjo01"
20408,"villael02"
1006195,"huntebi02"
1007703,"loftuto01"
1006876,"kerwida01"
1002338,"clemeja01"
1012727,"sunketo01"
3917,"vicieda01"
1005052,"griffth01"
1010910,"richaja01"
1007524,"lennobo01"
1007118,"kosloda01"
26058,"lucasea01"
1007507,"lejeula01"
1930,"kotchca01"
1012811,"taittdo01"
16377,"castery01"
19995,"kuhnejo01"
1005301,"handri01"
942,"velarra01"
5343,"crawfbr01"
1003124,"deckefr01"
1001345,"brandbi01"
1013718,"webstle01"
1014308,"wynegbu01"
1000534,"barclcu01"
1005502,"hausejo01"
15117,"doziehu01"
1007295,"landido01"
24363,"navared01"
1008558,"mcgunbi01"
1004175,"floweja01"
1006306,"jacksmi01"
1011511,"schafji01"
10937,"straury01"
4869,"montgmi01"
14938,"reinhja01"
1005779,"hicksji01"
14352,"brinsle01"
1014195,"wolfji01"
12962,"delosab01"
1007713,"lolicro01"
1000117,"aldrija01"
1002720,"craghho01"
19921,"perkibl01"
1005792,"higgima01"
15464,"renfrhu01"
21025,"ortegol01"
26389,"herzdj01"
24977,"dubinsh01"
15207,"turnest01"
1010428,"pomorjo01"
1006228,"huskebu01"
1003005,"daubeja01"
16768,"durapmo01"
1011767,"sewellu01"
24770,"outmaja01"
1011534,"schefaa01"
1000675,"battlji01"
1003674,"edingst01"
1013714,"weberch01"
1001255,"bowerst01"
1001363,"bratcjo01"
1001234,"boudrlo01"
1006551,"jonesdi01"
12677,"dicksok01"
23292,"naughpa01"
3433,"craigal01"
1014460,"zuberbi01"
1006120,"hubbagl01"
7334,"russead01"
1012025,"siwyji01"
1494,"cyrer01"
3542,"duffyda01"
1000696,"baxesmi01"
1000409,"baezjo01"
1002133,"chandsp01"
19550,"mccread01"
1003829,"espinju01"
1004395,"fullejo01"
24681,"cacerke01"
1003277,"dickmem01"
9777,"arenano01"
1009793,"olsoniv01"
1003954,"fast01"
1054,"tankede01"
1007000,"klimclo01"
16942,"ortizlu02"
1006237,"hutched01"
1013384,"vaughhi01"
1007047,"knollhu01"
1005629,"hendebi01"
1001658,"burchfr01"
1009890,"oterore01"
1008283,"maxcybr01"
1002073,"castljo01"
1591,"carroja01"
1000011,"abbotje01"
6195,"kinslia01"
1014152,"wiseca01"
1011462,"saundru01"
20531,"crawfku01"
1006851,"kenneve01"
1014355,"yorkto01"
1002289,"clarkje01"
14295,"peralwa01"
1011735,"selleru01"
1011688,"scottle02"
1002119,"chambch01"
1008965,"milnejo01"
1004092,"fishele01"
12237,"winklda01"
1007626,"lindsbi01"
1008711,"mearach01"
5089,"diamosc01"
27691,"varlalo01"
1007646,"lippto01"
1005705,"hernaje02"
17432,"hoffmje02"
1002081,"catheha01"
1009716,"o'conjo01"
1010705,"rasmuha01"
1011854,"sheldbo01"
1009911,"overmst01"
1002025,"cartyri01"
6603,"thompda02"
1003024,"davidbo01"
748,"radkebr01"
1010356,"pinielo01"
1004774,"gleicfr01"
1002535,"connone01"
1011770,"sexauel01"
1001481,"brosste01"
1010676,"ramosch01"
1009763,"oldisbo01"
433,"hollato01"
16877,"mahlegr01"
22264,"bazsh01"
17277,"suarera01"
9975,"wilheto01"
4994,"abadfe01"
1009878,"osteecl01"
1007841,"lupieto01"
1012338,"spierbi01"
1010946,"riddlel01"
1008922,"millera01"
1007729,"longda01"
1000023,"ablesha01"
1012681,"sullibi01"
1007380,"laudebi01"
1004716,"gillesa01"
1012342,"spillda01"
3669,"gonzaan01"
1003106,"deandi01"
931,"menecfr01"
1001725,"burreha01"
1007519,"lemonda01"
1012916,"tennefr02"
1011254,"roweha01"
1010927,"richmjo01"
8259,"suzukku01"
7765,"curtije01"
1005924,"hogansh01"
1011208,"rosenal01"
1001285,"boylebu01"
1001071,"blethcl01"
5226,"owensru01"
1004228,"forembr01"
13684,"gantjo01"
1001052,"blankla02"
1003156,"delahfr01"
1042,"kotsama01"
1003061,"davisjo03"
1013099,"toeneha01"
1001310,"bradlhu01"
1010246,"petryda01"
1000888,"bernajo01"
1004366,"friskem01"
1012153,"smithha06"
1002243,"ciolalo01"
1011300,"rullojo01"
3133,"cervemi01"
1013368,"vargaro01"
1000840,"bennefr01"
17992,"fletcda02"
1011016,"roachsk01"
1002999,"dashiwa01"
1008808,"metivde01"
1011917,"shockco01"
1001772,"butlebr01"
1009111,"mortosp01"
21238,"winanal01"
1010071,"pattero01"
1007705,"loganjo01"
1005029,"grempbu01"
30180,"adamstr01"
1003011,"daussho01"
27604,"willial04"
1008747,"melesa01"
1011080,"robitch01"
21205,"brogdco01"
1002406,"colbemi01"
1013222,"turched01"
16850,"stjohlo01"
1009391,"murrajo01"
1002116,"chambal01"
1008631,"mcmahja02"
852,"thurmmi01"
1936,"dohmasc01"
11964,"coleta01"
1004816,"goletst01"
1008262,"mattiea01"
1004967,"graydi01"
1010054,"patribr01"
1573,"hafnetr01"
1010621,"quirkja01"
13324,"vargail01"
1006480,"johnsla01"
9018,"anderla03"
1011399,"samuejo01"
8023,"whislwe01"
1006555,"jonesfi01"
1002013,"cartear01"
1012417,"stansja01"
1008991,"miranwi01"
1011546,"schemfr01"
1012593,"strakle01"
1008237,"mathegr01"
5811,"johjike01"
1010532,"priddbo01"
1004708,"gillebo01"
1002607,"corajo01"
1014202,"wolveha01"
1005643,"hendrha01"
1014258,"worksra01"
1012766,"swarted01"
11935,"taijetr01"
1013966,"willeed01"
1013768,"wellsja01"
1011717,"seela01"
1003657,"echoljo01"
1001197,"bordafr01"
1004179,"fluhrjo01"
1007484,"lehenre01"
1005034,"griesti01"
1000484,"baldwma01"
31552,"agnosza01"
16542,"longsh01"
1001510,"browndi01"
1000628,"bartlbo01"
1013595,"wambsbi01"
1000035,"acostjo01"
1007545,"lepcite01"
16684,"curtiza01"
1001455,"brockgr01"
1004461,"galliji01"
1003002,"datzje01"
1009525,"neuot01"
1005249,"hallijo01"
1013497,"wakefbi01"
1005844,"hinesmi01"
1005993,"hoodab01"
1013528,"walkemi02"
1011956,"siemeos01"
7945,"deckeja01"
1007913,"mackbi01"
1009624,"nopsje01"
1007342,"larayo01"
1006999,"kliemed01"
1001774,"butlech01"
13499,"murphto04"
1158,"isrinja01"
1002608,"corbedo01"
1002560,"conyehe01"
1256,"kaplega01"
1009859,"ortizja01"
20521,"madrini01"
1000528,"barbefr01"
1013233,"turnete01"
7485,"dewitbl01"
804,"wilkebr01"
1001792,"byersra01"
19903,"medinad01"
1534,"cuddymi01"
1013415,"vernojo01"
1002979,"danniik01"
1006737,"keckca01"
1012032,"skeelda01"
1012277,"sommeru01"
19977,"barretr01"
16424,"luplojo01"
1002978,"danniha01"
1012927,"terrybi01"
12578,"johnsdj01"
4467,"mossbr01"
1002790,"cronch01"
14567,"cordefr02"
4065,"burneal01"
1010418,"poledi01"
1003258,"dewilje01"
13607,"edwarca01"
16440,"norwoja01"
1007435,"learyfr01"
1007780,"lovigja01"
1012623,"stripjo01"
1003520,"duceyro01"
1014457,"zmiched01"
1013874,"whitege01"
26203,"saalfan01"
1006679,"kalinfr01"
1009662,"nunnho01"
1001407,"brewemi01"
17907,"rodgebr02"
1011911,"shirlbo01"
1002241,"cimolgi01"
1008091,"manwaki01"
1010451,"portedi01"
1013330,"valenvi01"
1005998,"hookebu01"
1000959,"biggsch01"
1009894,"otisbi01"
4969,"valbulu01"
17062,"greingr01"
1006845,"kenneju01"
1009066,"montema01"
16419,"huch02"
1013317,"valdere01"
1006742,"keefejo01"
1011059,"robinda01"
20202,"marshbr02"
3174,"choosh01"
1003686,"edwarfo01"
3546,"gassnda01"
18384,"effrosc01"
1005167,"gyseldi01"
1010279,"phelpra01"
35,"shielsc01"
1009756,"ojedabo01"
1003750,"ellisjo01"
1011463,"saundto01"
1012145,"smithge03"
2873,"garcija01"
3797,"hardyjj01"
1009312,"mulrofr01"
5332,"severat01"
1006701,"karlan01"
1011629,"schuldo01"
1011195,"rosarji01"
1012845,"taubeed01"
1766,"nixla01"
29591,"cowseco01"
17642,"riddljt01"
5506,"kottage01"
5306,"negrokr01"
1002916,"cvengmi01"
1008690,"mcreyke01"
1009425,"myersjo01"
1005024,"gregoho01"
1004734,"gilmoji01"
1000652,"batchri01"
1010227,"peterfr01"
1003056,"davisir01"
8045,"worrema01"
1000356,"atwelto01"
10622,"walteza01"
1011446,"santora01"
1003293,"difanja01"
1006338,"jakucsi01"
1011362,"sadowbo01"
1003622,"eaganbi01"
1008756,"meltoda01"
13769,"mondera02"
1007957,"madlobi01"
29766,"gelofza01"
1011206,"roselda01"
1006526,"jonesba01"
1013462,"vukovge01"
1011801,"shannwa01"
7772,"haguema01"
1011833,"sheame01"
1012172,"smithkl01"
1010916,"richami01"
16565,"zagunma01"
1013925,"wiedeto01"
1005223,"halejo01"
91,"gryboke01"
1003427,"dotyba01"
1003725,"eliale01"
1006444,"johnsde01"
1012374,"staehma01"
14527,"lopezjo02"
16794,"jamesjo02"
1007742,"lonnejo01"
1000039,"adairji01"
1001247,"bowency01"
1004705,"gilhofr01"
1000745,"beckehe02"
1010583,"pyleha01"
1002285,"clarkha01"
1003534,"duganbi01"
20370,"zimmebr02"
4556,"loneyja01"
1000214,"anckewa01"
1007492,"leibrch01"
1001710,"burnsja01"
1857,"mauerjo01"
1007916,"mackea01"
1008191,"martiph01"
1011993,"simpsdi01"
1001885,"campbjo02"
25158,"sandrja01"
29592,"norbyco01"
3321,"odayda01"
1009361,"murphed02"
1014351,"yorkji01"
1011840,"shearra01"
1004627,"gerbewa01"
18587,"davisbr04"
19879,"houckta01"
1002510,"connabr01"
1006050,"houghch01"
5360,"villahe02"
1010234,"peterke01"
1013953,"wilkibi01"
4851,"majewva01"
24451,"martijp01"
1004419,"gabrile02"
2905,"torreei01"
1011368,"sageha01"
1001014,"blackfr01"
1000301,"arletbu01"
1003495,"dressro01"
1852,"madsory01"
1011618,"schrobi01"
1002231,"cianfar01"
1010515,"prattto01"
1006771,"kellefr01"
1005389,"harreke01"
1001853,"calvema01"
9286,"scahiro01"
3384,"lewisje01"
1009805,"o'neide01"
1010718,"rautzla01"
1003333,"dixonso01"
4952,"hanigry01"
1006964,"kirbywa01"
1001625,"bucknbi01"
1004696,"gilbesh01"
9095,"eppleco01"
1014125,"winegra01"
1010782,"reganbi01"
11155,"sotoel01"
1010046,"passecl01"
1000668,"batscbi01"
1012026,"sixsmed01"
1001290,"boyleja02"
73,"schilcu01"
1011857,"shellfr01"
3200,"santaer01"
1002764,"cresswa01"
1005526,"hayesfr01"
464,"easleda01"
9559,"bibenau01"
8126,"belnovi01"
1002813,"croucbi01"
1003116,"deaslpa01"
1003444,"dowelke01"
1014009,"willijo01"
1000426,"baileji01"
1003030,"daviech01"
1014137,"winklge01"
1013151,"tracedi01"
195,"hermadu01"
15538,"yardler01"
1009925,"owensre01"
1013081,"tiptojo01"
1009190,"moriage02"
1011997,"simpsma01"
1008561,"mchalji01"
1002665,"cottren01"
1008006,"majesha01"
1002462,"collira01"
995,"mackoro01"
1011987,"simmsmi01"
1002005,"carrosc01"
46,"batismi01"
1010026,"parsobi01"
1009989,"pappami01"
7978,"fickch01"
25971,"alcanke01"
1009810,"o'neiha02"
1004262,"foucast01"
1008036,"malonch02"
1000009,"abbotfr01"
1011634,"schulho01"
26226,"roberni01"
1009642,"northlo01"
1001383,"breitte01"
1442,"durbich01"
1010884,"rhodedu01"
1005737,"herrto01"
1012971,"thomade01"
1013036,"thormpa01"
1008563,"mchalma01"
1012399,"stanfke01"
1011160,"rollira01"
26128,"william01"
17861,"kilomfr01"
1002206,"chounch01"
1002673,"coulsbo01"
6274,"quentca01"
14934,"blairaa01"
10855,"shrevch01"
1010666,"rambope01"
1007176,"krueger01"
1007936,"maculji01"
1006844,"kennejo03"
1010313,"pickeda01"
1005989,"holtzke01"
1011947,"siddajo01"
1004054,"finlape01"
1010296,"phillmi01"
1222,"rollsda01"
1001841,"callafr01"
1003104,"dealypa01"
1002711,"cozarch01"
10286,"arciafr01"
1014186,"wolfebi01"
1008697,"mcveyge01"
1012950,"theodge01"
1004997,"greenha02"
1009383,"murrada01"
1001537,"brownle01"
1000887,"bernadw01"
1005828,"hillma01"
1000166,"allisbo01"
1167,"martial03"
1009135,"mootyja01"
1003943,"farreja01"
1004624,"gerarda01"
1005421,"harrijo03"
1008539,"mcgowmi01"
1007052,"knothge01"
35325,"johnsry01"
1013268,"uhlirch01"
1005913,"hoffmte01"
23968,"barrojo01"
1014350,"yohebi01"
1000679,"bauerha01"
1010701,"raridbi01"
1006831,"kennaed02"
1001313,"bradlph01"
1008837,"michage01"
1000317,"arnolbi01"
26068,"ingrako01"
9615,"amesst01"
2054,"padiljo01"
300,"patteco01"
1008964,"milneed01"
13393,"rodgebr01"
1007073,"koehlbe01"
1010332,"piercra01"
1003316,"dingeva01"
322,"etherse01"
1002379,"cobleda01"
1010463,"poserbo01"
1010947,"riddljo01"
1005269,"hamelbo01"
1008594,"mckeoda01"
1000340,"asmusto01"
1010759,"reecebo01"
307,"acevejo01"
11493,"machama01"
26443,"aldegsa01"
12394,"krizaja01"
1004017,"fersoal01"
1008528,"mcginju01"
1012046,"sladear01"
1800,"kidama01"
1007882,"lyonsge01"
1005047,"griffmi01"
1295,"coopebr01"
62,"knotter01"
1002718,"craftha01"
1003839,"esterdu01"
1005162,"guzmaju01"
1002802,"crosefr01"
20533,"mcdonmi01"
1006735,"keatira01"
22232,"mccoyma01"
1007121,"kostajo01"
12165,"stitema01"
1012570,"stoneli01"
1011540,"scheija01"
14854,"yastrmi01"
1012615,"stricge01"
1010894,"ricede01"
1002599,"coopepa01"
1002139,"chapled01"
1005548,"healyth01"
397,"nagych01"
1005474,"hashhe01"
10637,"liberad01"
1002525,"connoed01"
1004281,"foxne01"
1003788,"enrigge01"
1004137,"flannjo01"
1000427,"baileki01"
1014146,"winteje01"
1007416,"laynehe01"
1571,"cookaa01"
6155,"denketr01"
1000360,"aucoide01"
20009,"rosenke01"
1947,"bautide01"
1005267,"hambuch01"
1009153,"moranro01"
29993,"housebr01"
1008350,"mccabra01"
1013059,"tiemeed01"
1001891,"campbsa01"
1001019,"blackjo02"
2602,"jimenlu01"
4627,"catetr01"
18142,"mazeipa01"
3972,"parrian01"
1006100,"howelke01"
1013324,"valenbo02"
19432,"hernayo02"
1008311,"maysal01"
1005247,"hallied01"
1013998,"willige01"
1002990,"darnebo01"
678,"buddimi01"
1001301,"bradfvi01"
1001778,"butlejo01"
1002159,"charlfr01"
16997,"torregl01"
1007731,"longhe01"
1004436,"gainety01"
1012448,"stedrjo01"
1004316,"freembu01"
1009053,"mongesi01"
1007782,"lovripe01"
1009752,"o'harki01"
1006629,"joshuvo01"
1009456,"nashbi01"
7738,"peralwi01"
5950,"stewaia01"
13,"fullmbr01"
1014336,"yellear01"
1003452,"downsda01"
1005528,"hayesja02"
12532,"wongko01"
6592,"woodbr01"
1005578,"heffnbo01"
1013147,"townsle01"
1003102,"dealli01"
11486,"rayro02"
1013334,"vallehe01"
1013322,"valenbe01"
34979,"moorech03"
1006198,"huntebu01"
1012509,"steveed01"
19246,"aguilmi01"
1590,"bechlst01"
1010665,"rambepe01"
15467,"gonzama02"
1010268,"pfistge01"
1008138,"marshdo02"
6400,"nieuwki01"
1010903,"richabo01"
1003221,"derricl01"
1005677,"henrysn01"
1005232,"hallal02"
1001113,"boeckto01"
1001599,"brusswa01"
1003802,"erauted01"
13150,"aquinja01"
1010476,"pottsmi01"
1001539,"brownli01"
1009835,"orndoje01"
1011904,"shipada01"
1004880,"gorinbo01"
1009431,"nabhoch01"
1000297,"arellfr01"
1004762,"glazera01"
1000529,"barbeja01"
1007430,"leahyto01"
1003783,"englich01"
1013332,"valeryo01"
1006617,"jordasc01"
1007252,"lafraro01"
1001743,"busbymi01"
19911,"suarejo01"
1989,"hefneje01"
1007650,"liriane01"
1002540,"conrobe01"
82,"bongju01"
688,"hernajo01"
1001507,"browncu03"
1012947,"theisdu01"
10306,"arciaos01"
1419,"blaloha01"
1000108,"albrija01"
1007894,"maasdu01"
20002,"johnsbr03"
1004363,"frisbch01"
24273,"pegueli01"
1611,"jungeer01"
1006022,"hoppjo01"
3950,"magilma01"
16929,"toussto01"
1003096,"dayetbr01"
13339,"sampsad01"
1012860,"taylobo01"
1004361,"frilljo01"
1009103,"mooreea01"
24,"molinbe01"
1004813,"goldswa01"
4087,"cunniaa01"
1007609,"limmelo01"
1002108,"ceyro01"
17859,"alzolad01"
1912,"snarery01"
1007493,"leifeel01"
1000113,"alderda01"
1010974,"rinkebo01"
1012799,"sylvelo01"
1011822,"shawhu01"
55,"gonzalu01"
27572,"mlodzca01"
7405,"espinge01"
1011869,"sherdbi01"
1013979,"willica01"
404,"sabatc.01"
865,"benitar01"
1003628,"earlebi02"
1003259,"dextech01"
1007364,"laryfr01"
1000056,"adamsjo02"
1002293,"clarkjo01"
13685,"goodyni01"
1013895,"whitewa01"
11494,"cowarka01"
1900,"hamulti01"
1010980,"riplewa01"
16468,"oakstr01"
1010838,"renteri01"
5495,"schmost01"
1011190,"roquejo01"
23401,"cabaljo01"
1008886,"milledo03"
1013762,"weldami01"
23372,"feduchu01"
23986,"meadcu01"
1004107,"fitzged01"
1013466,"waddefr01"
1001839,"callada01"
1004811,"goldsiz01"
26466,"wallnma01"
1006816,"kellysp01"
1000043,"adamsbo01"
1006922,"kindeel01"
1706,"averyst01"
6612,"rzepcma01"
1000958,"bigelel01"
1013155,"tragewa01"
1002994,"darroge01"
1002452,"collied02"
2061,"guerrma02"
1012290,"souchst01"
1001760,"bussera01"
1001314,"bradlry01"
25388,"morrico01"
1011003,"riverlu01"
17018,"rodrije01"
1013435,"violafr01"
1012175,"smithle02"
1006071,"howarbr01"
1002630,"corkimi01"
1011598,"schoege01"
1011708,"seaveto01"
1011606,"schored01"
1011084,"rocapad01"
1011644,"schulwa01"
1013903,"whitmda02"
1009963,"paineph01"
1005180,"hackeri01"
1001670,"burgoen01"
1013499,"wakefho01"
1006149,"hughebi01"
1003837,"estalbo01"
2437,"izturma01"
1002439,"colevi01"
1004793,"godbyda01"
1010081,"paullo01"
1003561,"dungasa01"
15091,"woodhu01"
1907,"blancan01"
1011183,"rookeji01"
15672,"meadoau01"
1000375,"autryal01"
1009678,"oberldo01"
1013889,"whitemy01"
2146,"watsobr01"
1254,"haselbi01"
1014424,"zay01"
1013430,"vineyda01"
1004885,"gormato01"
14950,"camarjo01"
1005691,"hermaba01"
1011270,"roystje01"
1008221,"masonmi01"
1002774,"crispjo01"
27653,"kossch01"
1005431,"harrisl01"
1009645,"nortoef01"
7624,"torreca01"
1001273,"bowsfte01"
1005824,"hillhu02"
1004467,"galvijo01"
1003708,"ehretre01"
2226,"regilni01"
1011274,"roznovi01"
1003456,"doylebr01"
1012227,"snellch01"
17807,"jacksdr01"
1009899,"ottbi01"
1002571,"cookgl01"
1007862,"lynched01"
20539,"ucetaed01"
1014128,"winfoji01"
1006008,"hoovedi01"
1001202,"borispa01"
1003610,"dybzije01"
1010250,"pettija01"
1006585,"jonesri02"
1002124,"chambjo02"
14741,"olsonty01"
1001089,"bluebe01"
1008469,"mcdoo01"
17948,"thorntr01"
1008878,"millebr01"
10332,"chrisni01"
1007927,"mackre01"
4303,"sanchhu01"
1001169,"bonilju01"
114,"sheffga01"
846,"seabosc01"
1001075,"blissfr01"
11663,"guaipma01"
3353,"joycema01"
1010628,"racklma01"
1008652,"mcnabca01"
1006893,"kiefest01"
1942,"hoopeke01"
1003612,"dyerbe01"
1005073,"grissle01"
1002288,"clarkja01"
1014366,"youngch02"
4530,"harrimi03"
1003308,"dillost01"
1001569,"brownwi02"
1008158,"martica02"
1014062,"wilsobi01"
77,"willima04"
20462,"sammobr01"
226,"claytro01"
1776,"tsaoch01"
16588,"holdejo02"
21420,"delosye01"
111,"remlimi01"
1011156,"rolanji01"
1005599,"heisebo01"
5557,"saltaja01"
1005918,"hoganed01"
8951,"mcclasc01"
1741,"katama01"
1007858,"lyleji01"
290,"mahayro01"
10327,"cabrera01"
1575,"molinga01"
1001440,"briodfa01"
1013424,"vicksa01"
1004875,"gordoke01"
1006176,"hulseda01"
1010991,"rittefl01"
1013950,"wiliede01"
1001695,"burksa01"
12510,"casalcu01"
1003653,"eayrsed01"
1006497,"johnsro01"
1006416,"johnsab01"
11928,"rollida01"
26482,"murraja01"
1000495,"ballje01"
1005610,"helfaer01"
1002869,"culpra01"
1006075,"howarda02"
1004986,"greench01"
29695,"mclaima01"
1009195,"morogda01"
1201,"crawfca02"
25436,"kirbyge01"
1003420,"dorseji01"
1011650,"schuri01"
17425,"feddeer01"
1006474,"johnsjo06"
1006031,"hornujo01"
20243,"lowthza01"
1000943,"biancto01"
1002004,"carropa01"
1013830,"wheeldi01"
1007662,"littlha01"
1011015,"roachro01"
1014131,"wingoal01"
1000230,"anderha02"
1002437,"colest01"
1004401,"fulmech02"
1006715,"kauffbe01"
1002933,"dailyed01"
1001323,"bradybo01"
1011240,"rothebo02"
1010333,"piercto01"
354,"silvajo01"
1007490,"leibeha01"
891,"perezti01"
8145,"fryerer01"
1013685,"wattfr01"
2673,"scalebo01"
1001601,"bruyeed01"
1003497,"drewda01"
1009825,"ontivst01"
13801,"adamsau02"
1008409,"mccoobi01"
1003114,"dearmch01"
1013057,"tiefebo01"
1000587,"barrage01"
1005885,"hodgeke01"
1008202,"martiwe01"
1007186,"krummal01"
1006093,"howeca01"
13071,"chenwe02"
1011831,"sheajo01"
1008504,"mcgarji01"
1008382,"mccaski01"
1013186,"trinkke01"
1002818,"crousbu01"
1003530,"duffybe01"
8226,"clarkda06"
1004209,"foorji01"
1006225,"hurstji01"
25448,"jonesgr02"
1001766,"butkaed01"
1003287,"dierich01"
1001408,"brewero01"
1003151,"dejesjo01"
492,"riggsad01"
1008330,"mcatebu01"
1014012,"willike01"
1474,"prinzbr01"
1002685,"covinsa01"
1497,"durocja01"
1014162,"wistewh01"
1005604,"heismcr01"
1012532,"stiebda01"
1001068,"blefacu01"
13911,"obergsc01"
1007717,"lomasst01"
22192,"crousha01"
1014177,"woehran01"
1006609,"jordaji01"
1014293,"wrighro01"
23559,"dorowry01"
1002868,"culpbi01"
1008889,"milledy01"
1007558,"lesliro01"
1001651,"bunchme01"
1011612,"schreos01"
1009781,"olivoch01"
1000742,"beckech01"
1011557,"schetlo01"
1009902,"ottenjo01"
1008203,"martiwi01"
31991,"florera03"
25348,"sweetde01"
5760,"garciav01"
1007114,"korwaji01"
1001831,"caldwra01"
1012122,"smithdi02"
1010795,"reidsc01"
1011348,"ryanno01"
1006840,"kenneje01"
19899,"schmicl01"
1001387,"brennad01"
1002135,"chanees01"
1007978,"mahadji01"
1003248,"devliar01"
1010441,"poppbi01"
7287,"gonzaca01"
1002169,"chavene01"
1835,"hernami01"
11426,"pomerdr01"
3190,"mclouna01"
264,"bellhma01"
1008002,"mainwo01"
1014167,"withrco01"
1005328,"hansero01"
1002719,"craftmo01"
4707,"kaaihki01"
1006566,"jonesje01"
1008831,"meyerle02"
1007682,"loanmi01"
1715,"duncaje01"
1002923,"dagrean01"
1005573,"heckegu01"
9968,"butleda01"
1000493,"ballepe01"
1000284,"applilu01"
8461,"bradymi01"
1012358,"spratha01"
1000313,"armstja01"
1003989,"ferguge01"
1006108,"howitda01"
1009239,"moselea01"
1000781,"behelst01"
1002339,"clemepa01"
1007802,"lubypa01"
31912,"simpsch01"
9362,"mooread01"
14161,"buxtoby01"
15042,"mayzati01"
1010372,"pitleja01"
1000345,"astrojo01"
14738,"ervinph01"
1007553,"leroyjo01"
1006935,"kingle02"
1005288,"hamptik01"
1006042,"hosleti01"
1012657,"sturmjo01"
22266,"edwarxa01"
13483,"sadzeco01"
1006489,"johnsot01"
16318,"pintori01"
20391,"garcilu04"
1003387,"donnepe01"
1013251,"tylerjo01"
7536,"saloman01"
1003478,"drakela01"
1001303,"bradlbe01"
1008793,"mersoja01"
1010070,"pattere01"
13395,"magnida01"
22169,"mitchca01"
1011690,"scottmi02"
5221,"leblawa01"
1000150,"allenjo02"
1010516,"pregejo01"
1003055,"davisik01"
5350,"sanabal01"
6266,"roberda09"
1006550,"jonesde02"
1008893,"milleed04"
1010274,"pheladi01"
1013362,"vanrybe01"
676,"bakopa01"
1011227,"rossdo01"
1007821,"lueckri01"
18288,"deanau01"
1005874,"hockech01"
1007569,"levisje01"
1009244,"moseswa01"
1014034,"williri02"
1008755,"meltocl01"
1004088,"fishegu01"
1004192,"fogarjo01"
1007206,"kuhnwa01"
1011990,"simonme01"
1009159,"morejda01"
1013910,"whitrbi01"
1001818,"cahiljo01"
1009073,"montgra01"
1002687,"covinwe01"
1004597,"gehrihe01"
1004907,"grababi01"
1684,"servisc01"
10387,"poundbr01"
1013583,"waltebu01"
1008877,"millebo04"
1008297,"mayerer01"
1010741,"reardje01"
1004368,"fritzha01"
1004347,"fribebe01"
8024,"fioreje01"
9549,"freesda01"
25679,"kellyke02"
1007758,"lopezra01"
1008946,"millira01"
14449,"smithch10"
9461,"nealth01"
1005852,"hintoch01"
1000037,"acrema01"
1008326,"mcanaji01"
2009,"newhada01"
1007407,"lawsost01"
1005854,"hintori01"
1002606,"coquitr01"
1014115,"wiltsha01"
27536,"kraveev01"
1010337,"piersch01"
24064,"tovarez01"
14996,"labouja01"
1000681,"bauerru01"
1012763,"swansst01"
1009639,"northhu01"
1011424,"sandewa01"
1011027,"roberda01"
1006929,"kinger01"
1010076,"pattoge01"
1011303,"runnepe01"
1004450,"gallaed01"
1013276,"umbarji01"
1013043,"thorpbo02"
1002242,"cimorfr01"
1005940,"holcoke01"
3166,"mortecl01"
1010819,"reisldo01"
10961,"walshco02"
1010820,"reissal01"
1004132,"flanaed01"
1010098,"peacojo01"
1002806,"crossfr02"
486,"patteja01"
1000614,"barryed01"
14441,"urruthe01"
1009713,"o'conja01"
10075,"cothaca01"
1006196,"huntebi03"
10642,"perezca02"
1010106,"pearcji01"
1001687,"burkele01"
9404,"stangda01"
1001429,"briggjo02"
17839,"basablu01"
1003633,"earnsge01"
71,"pattejo02"
1008828,"meyerja01"
4298,"wietema01"
1005097,"grottma01"
1003631,"earlsc01"
1008914,"millela01"
1007897,"macarma01"
1003506,"driscmi01"
14353,"frareca01"
19871,"davidtu01"
4390,"mooresc02"
1000114,"aldremi01"
994,"lowese01"
882,"lathach01"
1011529,"schauru01"
1008816,"meulehe01"
2104,"crucefr01"
1014399,"yurakje01"
21761,"martejo01"
11997,"ascheco01"
1014209,"woodami01"
1005861,"hitchji01"
1005745,"herzobu01"
1006005,"hootobu01"
5097,"gosean01"
1004631,"gerharu01"
1012783,"sweigha01"
393,"martivi01"
1004031,"fienelo01"
1000580,"barnhvi01"
1005570,"heberwa01"
812,"castial01"
1008488,"mcfarch01"
1010435,"pooleji02"
1010554,"pruitro01"
21293,"guthrda01"
1012051,"slaglwa01"
1014165,"withero01"
1013789,"werrijo01"
1002363,"clouged01"
1006861,"keriagu01"
4694,"ortmeda01"
1002058,"castibr01"
17345,"escoblu01"
1007311,"lanfosa01"
1002766,"crideje01"
1013569,"walshde01"
662,"loducpa01"
1013162,"travice01"
1003842,"estrafr01"
1010067,"patteke01"
9761,"kellyjo05"
1003074,"davisro01"
31580,"meidrch01"
1004874,"gordojo01"
1007498,"leipeda01"
14120,"mcculla02"
613,"mayda02"
20190,"smithch12"
1006950,"kinseed01"
7525,"scribev01"
1001299,"bradfbu01"
5127,"gervasa01"
1007803,"lucadjo01"
1008992,"missejo01"
1000954,"biermch01"
1009286,"muffebi01"
1010389,"plarsdo01"
1010361,"pintole01"
1010199,"permele01"
1010131,"peitzhe01"
1009737,"oertech01"
35110,"kurtzni01"
1003629,"earleto01"
1007798,"loyndmi01"
1001057,"blasiwa01"
1000392,"azocaos01"
1002047,"caskecr01"
1007374,"lathech01"
17975,"kingesc01"
1010044,"pasquda01"
1013522,"walkehu01"
7080,"lannajo01"
1006467,"johnsji02"
9037,"hoovejj01"
1006066,"houttar01"
1013509,"walkech01"
1011518,"schalro01"
1005743,"hertwne01"
1008090,"manvidi01"
1013377,"vaughar01"
19868,"carltdr01"
1144,"benesan01"
1009406,"musseda01"
1006272,"irelati01"
1006654,"jurisal01"
1004051,"fingero01"
12910,"gileske01"
1008929,"millero01"
26285,"henryto01"
1009939,"package01"
17910,"wilsoma02"
1001238,"bourjch01"
1005704,"hernaje01"
1006408,"jewetna01"
1010057,"pattecl01"
12076,"riverfe01"
4892,"moustmi01"
5960,"wrighwe01"
1292,"carpech01"
1009318,"mundige01"
1006554,"jonesel01"
1006886,"keysebr01"
1006179,"humeto01"
22045,"kochgr01"
1006823,"kemmebi01"
1300,"eyresc01"
1011652,"schusbi01"
1004121,"fitzped01"
1005621,"hemonsc01"
1011651,"schurwa01"
1002414,"coledi01"
1007361,"larsoda01"
1014214,"woodege01"
1012361,"sprined01"
1013065,"tillejo01"
1817,"bowenro01"
1004522,"gardnea01"
1002188,"childpe01"
1009279,"muellgo01"
1451,"haranaa01"
9211,"cabreed01"
1002815,"croucfr01"
1010327,"pierced01"
1009933,"paceljo01"
1011216,"rosenwa01"
1008795,"mertzji01"
1003952,"farrojo01"
1008268,"matulri01"
1005662,"henrifr01"
1003346,"dobyla01"
19891,"ryanry01"
1008386,"mccauji01"
1004009,"ferreto01"
1000853,"bentoal01"
1004953,"grantto01"
1001262,"bowliwe01"
1002709,"coylebi01"
19866,"bielabr01"
1007401,"lawro01"
6797,"teherju01"
1004561,"gasparo01"
1003276,"dickepa01"
1014121,"windhgo01"
1006937,"kingma01"
1013038,"thornjo01"
1013481,"wagnega01"
1007938,"maddebu01"
1012700,"sullijo04"
1730,"beckro01"
1011266,"royerst01"
1007509,"lelivbi01"
1006606,"jordach01"
1012004,"sinclst01"
1010260,"pezzupr01"
1003983,"ferenst01"
14555,"mathiwy01"
1006634,"joycebo01"
1006681,"kamiesc01"
1002537,"connoro01"
31815,"gibsoca01"
29617,"davishe01"
1001991,"carribi02"
1002777,"cristch01"
1000212,"amorosa01"
1004806,"goldero01"
1001998,"carrodi01"
1012198,"smithre03"
10547,"nelsoji02"
2945,"coatsbu01"
5986,"avilemi01"
1010944,"riddlde01"
1014323,"yarnaru01"
1000702,"beachja01"
30146,"leiteja01"
1012429,"starkma01"
1010933,"richwo01"
1006637,"joynewa01"
1009787,"olmstha01"
19802,"peredjh01"
1001882,"campbji02"
1011740,"sembeca01"
1003791,"ensmu01"
1006002,"hoopeha01"
1006925,"kingcl01"
1013333,"valleda01"
1006460,"johnsgr01"
1007980,"mahaflo01"
1007309,"laneje01"
1001192,"boothed01"
1009511,"nelsoro02"
1003529,"duffpa01"
1008592,"mckenki01"
1007584,"lewisjo01"
1001069,"blemkra01"
1006422,"johnsba01"
1004982,"grebecr01"
1009837,"o'rouch01"
1883,"thompri02"
1009540,"newmaal02"
1012115,"smithcl01"
1005085,"grossge01"
11763,"parkeky01"
1001117,"boernla01"
1000850,"bensove01"
478,"melusmi01"
15694,"siscoch01"
25595,"curryxz01"
1004407,"funkli01"
1011173,"rominke01"
15239,"busenal01"
1014245,"woodswa01"
3154,"browndo01"
31913,"harriha01"
1009504,"nelsolu01"
20629,"phillty01"
1390,"galaran01"
15181,"cordery01"
1003321,"dipotje01"
1001357,"brantcl01"
1008917,"milleor01"
1010310,"pickch01"
1010830,"renfrla01"
14532,"jorgefe01"
3620,"duncash01"
3599,"schlibr01"
1009558,"nichoda01"
1001489,"browefr01"
470,"ingebr01"
1008081,"mantife01"
22532,"freemty01"
13895,"browntr01"
1004585,"gearybo01"
2977,"reeseke01"
1010742,"reardji01"
1008707,"meadoru01"
1007034,"knetzel01"
13629,"smithjo08"
18413,"urquijo01"
1012402,"stanipe01"
1004540,"garmsde01"
1000436,"bairdal01"
1006931,"kingje01"
1013305,"vachete01"
27782,"pfaadbr01"
1006084,"howarla01"
1000151,"allenki01"
1001348,"branded01"
12249,"sherrry01"
335,"larkiba01"
1006058,"housefr02"
1009948,"pafkoan01"
1006873,"kerrijo01"
1004730,"gilmaji01"
19784,"garzaju01"
1002907,"curtrgu01"
532,"nunezvl01"
8585,"betanyu01"
1010456,"portene01"
1004630,"gerhake01"
14443,"fujikky01"
1004713,"gilleji01"
1001614,"buchaji01"
1008056,"manguge01"
1013658,"washiro01"
1003359,"dolanbi01"
1008428,"mccrato01"
1010334,"pierema01"
1005168,"haasbe01"
1012850,"tavenja01"
1007688,"lockebo02"
20177,"ticety01"
1006033,"horsmvi01"
1006521,"jones02"
12022,"andrima01"
1004249,"fosteel01"
8224,"bubelja01"
1004927,"grahach01"
1007461,"leema03"
1007515,"lembost01"
1009598,"nilesbi01"
1006697,"karchma01"
1010569,"purcebl01"
1009442,"nahorbi01"
1002181,"chetkmi01"
1833,"lowryno01"
14113,"torrera01"
1005433,"harrito01"
1004172,"floribr01"
1001520,"brownha01"
1858,"fordbe01"
1013897,"whitewi01"
1011450,"sarmima01"
1009931,"paborch01"
16162,"woodrbr01"
1013090,"tobinjo01"
1012308,"speakbo01"
34,"seleaa01"
1014368,"youngcu01"
1004474,"gammoda01"
1003926,"fanslst01"
1005183,"hackst01"
1014325,"yaryaya01"
2171,"jimerch01"
1003015,"davencl01"
19285,"dowdyky01"
1004525,"gardnha01"
9910,"thomaju01"
1010035,"partrja01"
1005152,"gustifr01"
1000542,"barkbr01"
1002128,"champmi01"
1011680,"scottga01"
1005881,"hodgebe01"
1010709,"rathmo01"
1007839,"lundsto01"
503,"weaveje01"
1005560,"heathje01"
1006382,"jeffest01"
30004,"brownmc01"
1010526,"pricebi01"
1002849,"cuccuco01"
1002707,"coxte01"
1005529,"hayesji01"
3814,"dinkebr01"
1011232,"rossijo01"
1006613,"jordani01"
650,"gagneer01"
19731,"whitlko01"
1013707,"webbbi02"
1009792,"olsongr02"
1283,"valdeis01"
1013028,"thompto01"
1010025,"parroto01"
1929,"brunebr01"
1008346,"mcbrito01"
1012347,"spognan01"
1003799,"eppsha01"
1008896,"millefr01"
1004812,"goldslo01"
1002761,"cremibo01"
1002539,"conovte01"
1006522,"jones03"
1006517,"jokst01"
4230,"matafr01"
4027,"corteda02"
1013787,"werlege01"
1010993,"rittele01"
1000029,"abstebi01"
364,"anderbr01"
1002677,"courter01"
31751,"mcdanga01"
11615,"drurybr01"
1002347,"clevere01"
1004125,"flagewa01"
1000752,"beckfr02"
1012231,"snideva01"
1013730,"wehnejo01"
1000306,"armbrch01"
1010162,"pennsh01"
1010489,"powelja03"
1000467,"bakerst01"
1009517,"nettlgr01"
5114,"familje01"
23378,"garcijo02"
4,"barnela01"
1005229,"hallabi01"
3753,"mateoju02"
10039,"sampske01"
453,"thomsjo01"
1012147,"smithgr01"
1014017,"willile03"
1011533,"scheeow01"
27473,"cavalca01"
1012249,"snydeje01"
1008106,"maricju01"
890,"paytoja01"
19874,"faedoal01"
1005153,"guthbu01"
1002079,"caterda01"
31884,"vanwelo01"
3725,"godwity01"
1008293,"mayde01"
1001660,"burdabo01"
1013294,"uptonbi01"
20323,"uelmeer01"
1566,"kershja01"
1583,"lorraan01"
22310,"rodrich01"
1003903,"fairbji01"
1013937,"wilbocl01"
1006141,"hudsosi01"
19931,"willilu01"
1007061,"knoxan01"
1006695,"kappehe01"
13549,"rodriri05"
20529,"jonesno01"
19769,"vestwi01"
1001611,"brynato01"
1012035,"skiffbi01"
1002130,"chancde01"
3147,"huberju01"
1000125,"alexahu01"
1007779,"lovetto01"
1007099,"konusde01"
1004417,"gableke01"
1004048,"finchbi01"
1011453,"sassero01"
20070,"falteba01"
1007686,"lockdo01"
1007810,"luceyjo01"
868,"demelsa01"
4734,"santose01"
1004656,"giannra01"
1006553,"jonesea01"
1008247,"matosfr01"
1552,"wessoba01"
1000558,"barnebi01"
1003474,"drabomo01"
1008300,"mayespa01"
1002696,"coxda02"
1013480,"wagnech01"
1001153,"boltocl01"
1005509,"hawesbi01"
1010030,"parsoji01"
1510,"murrahe01"
1012887,"taylosa02"
932,"muldema01"
1006004,"hootele01"
1607,"hillje02"
1013647,"wasdeji01"
1436,"bellicl01"
1011097,"rodgebi02"
1003315,"dineeke01"
1012992,"thomaro01"
15722,"cordoal01"
19788,"remilza01"
1004517,"gardnal01"
1005361,"hargrmi01"
1012156,"smithha09"
1001139,"boldch01"
27494,"beetecl01"
1000638,"bashowa01"
19170,"rayco01"
1006064,"houseto01"
6201,"schiena01"
1008588,"mckeiti01"
14093,"ynoami01"
24934,"fryda01"
1008049,"mamaual01"
1003543,"dukema01"
1003126,"deckeha01"
14975,"kuhlch01"
1008354,"mccafsp01"
1005440,"hartbi03"
4457,"palmema01"
1001369,"braybu01"
1002619,"corcomi01"
1807,"raineti02"
1767,"correke01"
1004019,"fetzewi01"
5358,"alvarjo02"
1014078,"wilsoga02"
1006519,"jollyda01"
1002622,"corcoto01"
1010314,"pickejo01"
1001703,"burnsc.01"
12937,"osunajo01"
1013812,"westrwe01"
1008725,"meekssa01"
1003636,"easonma01"
10416,"tovarwi01"
1134,"torcato01"
1002502,"conigto01"
1008804,"metcami01"
1003743,"elliora01"
2106,"churcry01"
1013841,"whillja01"
1003473,"drabedo01"
1014170,"wittbo01"
11596,"mcguide02"
1001902,"campusi01"
1011361,"sadekmi01"
1007923,"mackjo01"
1013888,"whitemi02"
25040,"capravi01"
4772,"hernafe02"
16455,"greenco01"
1010614,"quinolu01"
1001556,"brownra01"
1013579,"walshju01"
1009412,"mutisje01"
1012557,"stokeal01"
1010600,"quinlfi01"
1002441,"colgaed01"
1005530,"hayesmi01"
1002612,"corbiar01"
1001999,"carrodi02"
1001899,"cample01"
1011677,"scottdo01"
21453,"pilkiko01"
6547,"mercejo03"
1011038,"roberji02"
1003035,"davisbo01"
1000165,"allisbi01"
1009601,"nilssda01"
1006348,"jamescl01"
1012077,"smallro01"
1009683,"o'bribo01"
1003122,"decatar01"
1003956,"faszhja01"
12944,"britoso01"
1013829,"wheelbo01"
1012629,"stronji01"
1003569,"dunloge01"
27478,"bailepa01"
1005329,"hansero02"
1001347,"brandch01"
1006632,"joyce01"
1004741,"ginnti01"
1004090,"fisheja01"
1012754,"swancr01"
22543,"bradlta01"
6345,"archech01"
1004843,"gonzape01"
1000311,"armstge01"
1009826,"ontivst02"
23690,"rocchbr01"
1004781,"glennjo01"
20538,"miranjo01"
11737,"casteni01"
520,"gonzaal02"
1004444,"galeri01"
10938,"roberke02"
20312,"bettial01"
1006510,"johnsvi01"
1006233,"hustoha01"
25463,"willibr02"
1004040,"filerto01"
1013940,"wilesra01"
1004044,"fillema01"
1009152,"moranpa01"
2554,"parmech01"
1013702,"weavemo01"
20962,"rodriel02"
33390,"eldribr01"
1012376,"staffbo01"
1864,"simpsal01"
1008978,"mingost01"
1010931,"richtjo01"
1013807,"westlwa01"
1005486,"hatchbi01"
1006545,"jonesda02"
19858,"rengilu01"
1014339,"yerkeca01"
517,"dempsry01"
1010289,"philled01"
1003266,"diazed03"
1005309,"hankido01"
1008606,"mclarpo01"
467,"greisse01"
1008387,"mccaupa01"
1002678,"courtha01"
1003740,"ellioha02"
1622,"ruanwi01"
26396,"smithjo11"
26149,"fletcdo01"
1005577,"heffebe01"
258,"wrighda02"
1011039,"roberke01"
29837,"millebr04"
1009334,"munsoth01"
1004236,"forstte01"
1002836,"crutcdi01"
5555,"bierdra01"
1010697,"ransoje01"
1012109,"smithch01"
1001682,"burkeje01"
1009580,"niehadi01"
1003966,"feeja01"
9312,"wheelry01"
1000645,"basske01"
5100,"delanro01"
15139,"goudeas01"
7986,"ramirra02"
1013174,"tremani01"
1010722,"raydocu01"
1013369,"vargubi01"
760,"wellsbo01"
1003626,"earlear01"
1013210,"tuckeed01"
2267,"gomesbr01"
1003339,"dobbjo01"
12027,"flynnbr01"
1446,"florera01"
1000516,"bannifl01"
16208,"finnebr01"
1001000,"bittije01"
1007598,"liddeda01"
33666,"earlyco01"
1013676,"watsoar01"
1012830,"tartajo01"
1008674,"mcparfr01"
1747,"rosarro01"
1000500,"bambege01"
9718,"dominch01"
1011779,"shafera01"
1003730,"ellicjo01"
1002850,"cudwoji01"
1010239,"peterru02"
1010983,"ripplji01"
1013049,"thumalo01"
24937,"warreau01"
1010009,"parkewe01"
1011388,"saltzja01"
1010290,"philled02"
1013310,"valdeca01"
1014277,"wrighge01"
17002,"hildetr01"
12756,"eschja01"
3388,"getzch01"
1002648,"coscajo01"
260,"alfonan01"
1005576,"heepda01"
1013726,"wegenmi01"
1006853,"kentma01"
1006322,"jacobja01"
1007677,"livinsc01"
1002425,"colemjo02"
1984,"luebkco01"
1008918,"milleot01"
16137,"rodonca01"
9490,"jeffrje01"
1009143,"moranbi01"
1007984,"maharfr01"
1009117,"moorejo02"
1135,"torreyo01"
6234,"buschbr01"
1792,"depasjo01"
1009537,"newkijo01"
1004579,"gaver01"
1013587,"waltege01"
1012648,"stultge01"
1003196,"demmira01"
1009873,"osburpa01"
1000787,"belarwa01"
1006863,"kerksbi01"
2164,"burkech01"
1006824,"kemmeru01"
1000547,"barkera01"
1003645,"easthu01"
1010482,"powelbo01"
16357,"reyespa01"
1008343,"mcbrijo01"
1004512,"gardeal01"
1012188,"smithpa02"
1011186,"roonefr01"
1003933,"farmeal01"
7333,"timpncl01"
1011624,"schular01"
1000928,"bethebi01"
18371,"palacje01"
16909,"moranco01"
1010952,"riegeel01"
13764,"osunaro01"
1008447,"mcdermi02"
1047,"mendedo01"
1003893,"faethto01"
1010969,"rileyle01"
1013547,"wallahu01"
1014382,"youngjo01"
1004272,"fowlkal01"
19569,"bednada01"
1262,"murraca01"
1011055,"robinbr01"
1011078,"robinwi01"
1014290,"wrighra01"
1011532,"scheehe01"
20348,"obrieri01"
1000204,"amalfjo01"
1010201,"perraro01"
15450,"castrda01"
22505,"kennebu01"
26365,"delucjo01"
1003184,"deltomi01"
1004876,"gordomi01"
1004117,"fitzgjo01"
1003206,"denneto01"
1008220,"masonji01"
573,"redditi01"
1011852,"sheetla01"
1011169,"romanto01"
1011761,"severha01"
1140,"zerbech01"
463,"cruzja01"
1010497,"powerdo01"
1000121,"alexada01"
1005131,"guistlo01"
1006888,"kibbiho01"
1013689,"wayenfr01"
1003563,"dunhawi01"
1087,"mateoju01"
10556,"hernace02"
1012111,"smithch03"
1001686,"burkejo04"
17485,"abreual01"
1844,"milesaa01"
29911,"abbotan01"
1000927,"betchfr01"
1001015,"blackge01"
5843,"lizra01"
20638,"castilu03"
1005182,"hackewa02"
20631,"hollojo01"
18889,"mendida01"
1002237,"cieslte01"
10836,"wojcias01"
1004160,"flinndo01"
1014256,"workmha01"
1013283,"unglabo01"
1558,"alcanis01"
4606,"snydech02"
1008827,"meyerhe01"
1001275,"boydbo01"
1000308,"armbrha01"
1002957,"dalyto01"
1010216,"perrysc01"
1003393,"donovbi01"
1006905,"killeha01"
1003105,"deanch01"
1007297,"landrbi01"
2312,"ryandu01"
1008145,"marshmi02"
17982,"francty01"
1010129,"pegueju01"
5869,"davidda02"
1014334,"yeatmbi01"
1004279,"foxja01"
1001490,"browelo01"
1002218,"chrisma01"
1013742,"weirro01"
1014105,"wilsost01"
1011771,"sextoch01"
19926,"santito01"
1013378,"vaughbo01"
1002409,"colboji01"
1007077,"koenima01"
15653,"smithdo02"
1014058,"wilshwh01"
1004021,"fialane01"
1014163,"witekmi01"
1002189,"childro01"
1011802,"shannwa02"
1003100,"dealch01"
1009240,"moserar01"
5164,"aceveal01"
1010513,"prattfr01"
1002080,"catesel01"
1007501,"leitema01"
1011103,"rodried02"
1003338,"dobbeda01"
1008550,"mcgucjo01"
1013367,"vargaed01"
1002892,"curripe01"
1010617,"quintlu01"
1007305,"landrti01"
1452,"howarbe01"
1003604,"duzenbi01"
1000746,"beckejo01"
1007115,"koscoan01"
1012270,"soltemo01"
1002591,"coopeca01"
1007714,"lollash01"
1003949,"farreke01"
1002862,"culleti01"
2432,"salasma02"
1013007,"thompfr02"
1010302,"phoenst01"
1002008,"carseki01"
1005005,"greenle01"
1014395,"yountla01"
1008125,"marquru01"
1011159,"rollibi01"
1014297,"wrighto01"
1008001,"mainswi01"
1011706,"seatoto01"
1011007,"rivieti01"
1010153,"penato01"
2178,"harribr01"
1002066,"castima02"
1002658,"cotteda01"
15231,"slegeaa01"
1012011,"singlke01"
1010402,"poatra01"
1860,"gonzalu02"
2182,"griffjo01"
1004455,"gallajo02"
1009351,"murphda01"
1007336,"lapanpe01"
1001095,"bluhmre01"
1004726,"gillji01"
15009,"finneky01"
1005145,"gunkere01"
777,"gonzadi01"
1013985,"willida04"
10946,"smithjo07"
1009503,"nelsoji01"
1010488,"powelja02"
1010729,"rayla01"
1004999,"greenji01"
1006116,"hraboal01"
8260,"thigpcu01"
1005674,"henryjo01"
1006768,"kellech01"
1010546,"propsja01"
1013815,"wettejo01"
1000688,"baumgjo01"
1010585,"pytlafr01"
1005107,"grubeke01"
1012628,"stromfl01"
3555,"barneto01"
1009074,"montgst01"
10587,"bettich01"
1009946,"padgeer01"
1009822,"onisra01"
1014193,"wolffro01"
1002924,"dahlebi01"
1002796,"cronijo01"
1010142,"penabe01"
1012743,"suttebr01"
1818,"crosbbo01"
1008193,"martira02"
1001398,"bressru01"
1000201,"alvisma01"
3534,"bococbr01"
1006334,"jaegech01"
1010905,"richadu01"
19644,"deluzbe01"
1004768,"gleasja01"
1003947,"farrejo02"
1006061,"housejo02"
11240,"chapmke02"
1012511,"stever_01"
1002794,"cronija01"
1009526,"neveler01"
22461,"gillalo01"
19979,"plesaza01"
2954,"shabaad01"
1009783,"ollomji01"
1001045,"blandfr01"
1012578,"stortli01"
15082,"engelad01"
1003231,"desjash01"
1008947,"millira02"
12545,"gagnodr01"
1002349,"clibust01"
1008376,"mccarle01"
4719,"bogusbr01"
1005064,"grimeos01"
1013640,"warrebi01"
1009231,"mortoch01"
1005559,"heathcl01"
1002420,"colemda01"
1011563,"schirca01"
1014388,"youngpe02"
1006369,"javeral01"
1006663,"kahdoik01"
1843,"leeda01"
1009515,"nendi01"
1010940,"ricksjo01"
1009246,"moskido01"
1004831,"gonzaeu01"
1010575,"purtebi01"
25,"molinjo01"
15928,"egeco01"
17710,"beatyma01"
1007808,"lucasre01"
1002838,"cruzfa01"
1614,"lunsftr01"
1001960,"carlsdo01"
1011573,"schmeal01"
1008252,"mattetr01"
1011199,"rosebjo01"
24591,"gerbejo01"
1014223,"woodjo01"
1013126,"torphre01"
1009092,"moorebi02"
5384,"lagarju01"
1013314,"valdema02"
9113,"dykstal01"
17473,"crookna01"
1008676,"mcphejo01"
19561,"florebe01"
783,"lloydgr01"
1007955,"madissc01"
1005449,"hartlch01"
1004011,"ferribo01"
435,"jimenjo01"
1006223,"hurstdo01"
20494,"bristbr01"
1008701,"meachbo01"
1012282,"sorrepa01"
19354,"raleylu01"
15046,"gotttr01"
1007227,"kvasnal01"
1000099,"akersje01"
1011669,"scoggji01"
1013804,"westhi01"
1003482,"drakeso01"
1006631,"jourdte01"
17130,"iglesra01"
1002007,"carroto02"
65,"milleda02"
2379,"childja01"
1000473,"balbost01"
2228,"vanbejo01"
1014430,"zelleba01"
1004554,"garrra01"
1013439,"virgioz02"
1010523,"preslji01"
1462,"mccarda01"
1001452,"brizzto01"
1010178,"perduhu01"
7853,"alberan01"
6010,"hayhudi01"
1009398,"murrari01"
1002320,"claryel01"
1000554,"barloto01"
1003142,"degermi01"
1001271,"bowmasu01"
1000235,"anderla01"
1005216,"halasge01"
1008361,"mccanem01"
1003201,"dempsco01"
1003836,"essicbi01"
576,"stoneri01"
1010885,"rhodego01"
1898,"pondsi01"
1005532,"heynejo01"
1008773,"mercehe01"
1007325,"laniema01"
1008625,"mcleora01"
1009228,"morseha01"
1004501,"garcigu01"
1004232,"fornimi01"
1003040,"davisbu02"
1794,"gonzami02"
1000417,"baichgr01"
1009893,"otisam01"
27589,"allenlo02"
17470,"sobotch01"
1007474,"lefebjo01"
1013875,"whitegi01"
1002369,"clymebi01"
13616,"guerrta02"
1008939,"millewa02"
31539,"baldwdr01"
1013395,"veilbu01"
1862,"urdanli01"
1007123,"kostrfr01"
1004299,"frankja01"
1001565,"brownto04"
1011483,"saylebi01"
1006307,"jacksra01"
1012545,"stirega01"
1005195,"haganar01"
1009807,"o'neiem01"
1009972,"palmeem01"
22239,"jacksje02"
1008989,"mirabpa01"
1003326,"distebe01"
1003760,"elvirna01"
2833,"huntece01"
1004913,"gracejo01"
10243,"grichra01"
1014147,"wintema01"
1012957,"thiesja01"
1564,"custja01"
1001640,"bukercy01"
58,"helliri01"
1009282,"muellle01"
13075,"aokino01"
5009,"mcpheky01"
1012627,"strombr01"
1011524,"scharbi01"
3417,"gotayru01"
11490,"sanchaa01"
4365,"vanslsc01"
4893,"pennha01"
1004041,"filesa01"
1003625,"eaklech01"
6291,"sherrge01"
4116,"claggan01"
1007187,"kryhodi01"
25845,"toglimi01"
1001803,"cabalpu01"
1014379,"younghe02"
1000722,"bearega01"
1705,"deagoro01"
1009136,"moraan01"
8090,"carpema01"
1001729,"burrira01"
1010599,"quinl01"
1010900,"ricesa01"
1000951,"bielemi01"
1008572,"mcintjo01"
1010535,"priesjo01"
1000996,"bislari01"
1011497,"scarbra02"
763,"bergepe01"
6483,"cishest01"
1009862,"ortizlu01"
1006951,"kinsl01"
1003000,"dashnle01"
1011426,"sandlmi01"
1005625,"hemphfr01"
12594,"marjami01"
9015,"beckhgo01"
27636,"parkemi01"
1007838,"lundgo01"
1010392,"plattwh01"
1000492,"balleja01"
1010420,"polidgu01"
1007586,"lewisph01"
1003913,"falkecy01"
12880,"anderty01"
1000107,"albreed01"
1002037,"caseyde01"
14109,"almoral01"
187,"diazju01"
1000075,"adkingr01"
1012748,"sveumda01"
1012708,"sullimi02"
910,"duchsju01"
1006311,"jacksro03"
13194,"biagijo01"
1009697,"o'brijo03"
1010667,"ramiral01"
991,"hermach01"
18510,"rogerjo01"
1012577,"storkal01"
1013542,"wallabo01"
1000273,"anthoer01"
14962,"davisro03"
1006946,"kinnede01"
5570,"banksjo01"
1004908,"grabero01"
1010118,"pedenle01"
1011283,"rudijo01"
1005654,"hennege01"
1008155,"martibi02"
3520,"owenshe01"
1002541,"conrobi01"
1007341,"lappja01"
1002714,"crabtes01"
3874,"mcbetma01"
12778,"gavigsa01"
5310,"colvity01"
1004838,"gonzaju02"
1004524,"gardngl01"
1000164,"allisar01"
1000351,"atkined01"
1002655,"costoti01"
647,"dreifda01"
1010136,"peltyba01"
1010808,"reinbmi01"
3580,"wilsocj01"
1004343,"freylo01"
1004472,"gamblle01"
1012476,"stellbi02"
1010959,"rightro01"
25327,"uribeab01"
1002466,"collish01"
21858,"pintri01"
21840,"fermifr01"
1005981,"holmwa01"
3790,"nixja01"
1005480,"hasslan01"
1007796,"lowryjo01"
1003818,"esaskni01"
1005291,"hamrira01"
1005276,"hamiljo01"
1007622,"lindja01"
1003330,"divismo01"
1004826,"gomezra01"
1006901,"kilkemi01"
1011536,"schefte01"
1013637,"warnelo01"
644,"chench01"
1003870,"evansst01"
1000001,"aaronha01"
1001557,"brownra02"
2616,"cozarza01"
1005923,"hoganma01"
1005058,"grillgu01"
4788,"cappsma01"
1013078,"tippeji01"
14267,"gonzaal04"
16271,"blandal01"
1010204,"perrijo01"
1008860,"milesca01"
13767,"chargjt01"
19455,"monasan01"
1001962,"carlsle01"
1000365,"augusje01"
1003971,"feldmha01"
4660,"huller01"
1010538,"princdo01"
24759,"gaspemi01"
1012663,"suarelu01"
1005090,"grosstu01"
1010895,"riceha01"
1003422,"doschja01"
1004122,"fitzsfr01"
1013406,"verbaem01"
1001921,"cantwbe01"
1001236,"boultja01"
1001650,"buncejo01"
1007383,"laughbe01"
1009909,"outlaji01"
1007310,"lanema01"
130,"brockch01"
9119,"infangr01"
1003250,"devliji02"
12777,"brebbjo01"
1537,"garcika01"
1276,"rodriri02"
1000397,"babinch01"
6979,"dicksbr01"
27812,"darnedu01"
1000322,"arnovmo01"
959,"liebemi01"
16344,"pareded01"
1014416,"zamoros01"
1003618,"dykhora01"
1000171,"allrebe01"
1005601,"heiseji01"
1010850,"reulbed01"
1006101,"howelpa01"
3837,"brownan02"
1013198,"trowbbo01"
1001333,"bragggl01"
1013438,"virgioz01"
1011318,"russele01"
11894,"cuevano01"
1006194,"huntebi01"
1005432,"harrisp01"
1009487,"neidlji01"
137,"ericksc01"
1014462,"zuletju01"
2377,"cedajo01"
4054,"bonifem01"
1012362,"sprinja01"
1006902,"killebi01"
1010872,"reynor.01"
13788,"reynoma03"
1010745,"reberfr01"
1004642,"gessldo01"
1001157,"bondsbo01"
1011881,"sherrde01"
25703,"kentza01"
1006957,"kippeed01"
1013172,"trechfr01"
1003065,"davisla01"
1010354,"pinaho01"
1000728,"beatlda01"
1004707,"gilksbo01"
1003962,"fauvecl01"
16513,"gardeni01"
1005957,"hollibu01"
1001342,"brancno01"
1392,"derosma01"
2159,"bonsebo01"
9210,"martife02"
9243,"castrsi01"
10154,"lutzdo01"
1005409,"harride01"
337,"larueja01"
23455,"strathu01"
12232,"hallco01"
25098,"lopezja04"
1005886,"hodgero01"
1003353,"dodsopa01"
1003137,"deerro01"
1006458,"johnsfr02"
1009147,"moranch02"
22284,"sauerma01"
1000026,"abramge01"
1001826,"caldesa01"
1008440,"mccurje01"
1012070,"slocuro01"
1005843,"hineshu01"
1001857,"cambrfr01"
1013712,"webbre01"
1008000,"mainsji01"
1003671,"edensto01"
1007243,"lacyle01"
31204,"wroblju01"
2130,"koronjo01"
16451,"guilllu01"
1009888,"osunaal01"
1006921,"kindaje01"
1007291,"landeke01"
20352,"clemeer01"
1454,"jonesbo04"
1000956,"bigbeca01"
1006992,"kleinha01"
27570,"henryco01"
4295,"evanste01"
1000647,"bassno01"
1005660,"henniri01"
1008938,"millewa01"
1005939,"holbrsa01"
11334,"lyonsty01"
1003785,"engliwo01"
16209,"reedja02"
1000149,"allenjo01"
1013465,"wackech01"
1002419,"colemcu01"
1001787,"buzasjo01"
1013694,"weavebu01"
1006429,"johnsbo02"
294,"melhuad01"
1000589,"barrbo02"
2634,"dunnsc01"
1011436,"sankebe01"
1003980,"fennefr01"
1013242,"twinitw01"
1012003,"sinatma01"
1756,"mearsch01"
1008578,"mckaiha01"
1008206,"martzga01"
8581,"iguchta01"
1006010,"hoovejo02"
1011705,"searske01"
237,"howrybo01"
1009028,"moforhe01"
1010901,"richa01"
26106,"handlma01"
8989,"youngma02"
21065,"szaputh01"
1005178,"hackeji01"
44,"anderbr02"
18138,"helslry01"
1009401,"murreiv01"
1003965,"federal01"
1011383,"salkebi01"
1463,"micelda01"
1013754,"welchha01"
1006712,"katolja01"
1001485,"broutar01"
6746,"princjo01"
20329,"scruban01"
1006351,"jamesjo01"
1399,"michaja01"
1232,"tynerja01"
8619,"kooda01"
1005594,"heinebu01"
1000382,"avreaja01"
1014291,"wrighra02"
1003884,"ewingsa01"
20526,"reyesde02"
7068,"cannian01"
1006562,"jonesho01"
1010662,"raleijo01"
113,"lerudst01"
33876,"lowderh01"
1003486,"draveda01"
3364,"montemi01"
1009223,"morriph01"
1012316,"speiech01"
17783,"brentja01"
426,"elartsc01"
19864,"adamsri03"
1013342,"vanceda01"
1006777,"kellejo02"
1119,"kentje01"
1012664,"suchdi01"
1010232,"peterjo01"
1000294,"ardelda01"
1014117,"wiltssn01"
1009188,"moriaed01"
18403,"delosen01"
1004091,"fishejo01"
1011880,"shermjo01"
1002418,"colemch01"
1011200,"rosebo01"
1014228,"woodlge01"
2075,"phillan01"
15794,"dazayo01"
1014273,"wrighcy01"
1007232,"laceybo01"
1003715,"eilerda01"
1000929,"bethkji01"
1009699,"o'bripe02"
1000254,"andreji01"
1013157,"trammal01"
1006450,"johnsea01"
4858,"kellyry01"
25942,"nardian01"
8297,"chrisju01"
6677,"shuckja01"
1007084,"kolbbr01"
1002310,"clarkst02"
2563,"hattijo01"
1012928,"terryjo01"
1007860,"lynchad01"
21951,"peguejo01"
1003488,"dreesto01"
1006720,"kavanch01"
26031,"grissva01"
7775,"matsuda01"
11859,"willima10"
1007230,"labincl01"
6307,"murtoma01"
14825,"coveydy01"
1010220,"peterad01"
2653,"bowyetr01"
13130,"mahtomi01"
1011014,"roachmi01"
1007241,"lacygu01"
1007096,"konnimi01"
1008405,"mcconam01"
3856,"keppije01"
30094,"wicksjo01"
686,"glynnry01"
2739,"sanchbr01"
21520,"harriho03"
1002737,"crawfca01"
1002440,"colewi01"
33549,"teelky01"
1002649,"coscape01"
29519,"gracego01"
12673,"eliasro01"
1011246,"rounsge01"
1004456,"gallash01"
945,"abreubo01"
10317,"ortizda02"
1418,"garcije01"
1010446,"portebo02"
1000274,"antoljo01"
1008618,"mclaura01"
28816,"guzmade01"
1004424,"gaffkfa01"
1013044,"thorpji01"
1009831,"ordento01"
19348,"peterdj01"
1000485,"baldwo.01"
1004493,"garbege01"
1010242,"petkoma01"
1003841,"estrach01"
1012894,"taylowi01"
1012608,"streios01"
1009358,"murphdu01"
1535,"elderda01"
1002753,"creedco01"
1002496,"condera01"
1006835,"kennebo01"
19548,"hammejd01"
1007695,"lockwmi01"
14448,"tanakke01"
10171,"ramirjo02"
1006724,"kazaked01"
16401,"chiriyo01"
1001514,"browned02"
22263,"gormano01"
5209,"gordoal01"
1023,"cardoja01"
1012087,"smithal01"
1007629,"lindsch02"
1000790,"beldeir01"
1014219,"woodhre01"
1003200,"demotbe01"
1003531,"duffyed01"
1009266,"mountbi01"
1012875,"tayloha03"
1012630,"stronjo01"
1001755,"bushodo01"
1007884,"lyonshe01"
1003581,"dupremi01"
1003938,"farmemi01"
1638,"olivomi01"
1012235,"snookfr01"
1005141,"gumbeha01"
1011101,"rodrica01"
1013303,"usherbo01"
1012037,"skinnbo01"
1001777,"butleik01"
1002240,"ciminpe01"
1010579,"pyburji01"
1006389,"jenkija01"
20038,"mccauda01"
1013035,"thormha01"
1012813,"talbofr01"
1001528,"brownji03"
1001185,"booneda02"
1011774,"sextoto01"
735,"jonesja05"
1011810,"sharrge01"
1010448,"portech01"
11743,"ramirca01"
9323,"corbipa01"
1002550,"conwabi01"
1012494,"stephje01"
1004988,"greenda01"
1001055,"blantcy01"
3367,"steveje01"
1010233,"peterjo02"
1004825,"gomezpr01"
1005977,"holmedu02"
19804,"bakerbr01"
1003089,"daviswo01"
1014469,"glaseno01"
1011937,"shower01"
1782,"jonesgr01"
1282,"telfoan01"
31837,"yoshima02"
31533,"medervi01"
1005983,"holtch01"
4576,"leachbr01"
1010908,"richago01"
1005948,"hollabi01"
15994,"wongke01"
5916,"sadowry01"
1010774,"reedte01"
1008466,"mcdonjo02"
1012411,"stanlfr01"
1013790,"wertdo01"
1013566,"walshau02"
1003082,"davisti01"
1006367,"jastela01"
1010922,"richepe01"
1011992,"simonsy01"
1001167,"bonikjo01"
10472,"hernaen02"
1013020,"thompmi01"
1001529,"brownjo01"
1008589,"mckeljo01"
1002168,"chavean01"
1008820,"meyerbi01"
1003819,"escalni01"
1002331,"clemebi01"
1012409,"stanlbo01"
1004413,"fussele01"
1001491,"brown01"
1013311,"valdeef01"
33168,"blossja01"
1008858,"milbola01"
1004484,"ganzeba01"
1010771,"reedjo01"
1326,"wellsve01"
1003685,"edwardo01"
3714,"mathejo02"
21183,"castehu01"
7249,"crawfev01"
1009065,"montejo01"
1007453,"leedo01"
1002653,"costeda01"
1003148,"deitrbi01"
1013289,"uphamjo01"
1000479,"baldwha01"
1012757,"swandu01"
1000077,"adkinst01"
1010157,"pendlte01"
3254,"samarje01"
1013968,"williac01"
1006630,"jossad01"
1001819,"cahilto01"
17005,"cecchga02"
15949,"sneltdj01"
1008632,"mcmahsa01"
1003364,"dolanto01"
30116,"suzukse01"
1004028,"fieldji01"
1006378,"jeffcmi01"
1008800,"messebo01"
1002751,"creamge01"
1001775,"butledi01"
1010669,"ramirhe01"
1000400,"backmwa01"
15047,"vothau01"
6661,"colomal01"
31370,"marseja01"
1001064,"blaylbo01"
1002497,"conebo01"
1004570,"gatesbr01"
20132,"ollerad01"
1010417,"polcoke01"
1009325,"munnsle01"
1001402,"brettke01"
21281,"doyleto01"
1003183,"delsiji01"
1009953,"pagemi01"
1787,"meyerch02"
1012324,"spencha01"
4363,"breslcr01"
1007476,"leffecr01"
1012210,"smithto02"
1005952,"hollawi01"
1002136,"channle01"
396,"mercejo02"
15279,"coopega03"
1006392,"jenkito01"
1005895,"hoernjo01"
13449,"rogerta01"
15,"glaustr01"
5660,"vermija01"
1004411,"fusseed01"
436,"jonesto02"
1009688,"o'brida03"
5439,"desalma01"
1004541,"garneph01"
1002262,"claredo01"
11754,"nicolju01"
360,"whitega01"
1000774,"beenefr01"
1014253,"wordefr01"
1010889,"rhyneha01"
1008103,"marcujo01"
1012829,"tartada01"
1007233,"lachaca01"
1011145,"rohege01"
1008372,"mccarje01"
1006315,"jacobar01"
13074,"darviyu01"
1003262,"diazca01"
17303,"martefr01"
1014419,"zardojo01"
1647,"vanceco01"
12977,"perezmi03"
1008790,"merrijo01"
1005617,"heltzhe01"
1009733,"o'donjo03"
1000960,"biglepe01"
1006407,"jethrsa01"
1386,"coraal01"
1007960,"maesthe01"
1000581,"barnibi01"
1006205,"huntene01"
2017,"washiri01"
1001244,"bowcobe01"
1815,"pulidca01"
1006647,"judyly01"
8261,"gallase01"
1012983,"thomala01"
1009301,"mullifr01"
5436,"sanitam01"
1005495,"hattejo01"
1012640,"stuarjo01"
695,"lopezlu02"
9345,"holtbr01"
1012696,"sulliji02"
1544,"mahonmi02"
1009502,"nelsoja01"
1011043,"roberre01"
4817,"crainje01"
1011824,"shawji01"
1010432,"pondra01"
1012165,"smithjo02"
1011785,"shallgu01"
20970,"gonzaos01"
1002076,"castnpa01"
1010390,"plaskel01"
1005075,"groatdi01"
1007579,"lewisdu01"
1012123,"smithdi03"
1011907,"shipljo01"
1003699,"egandi02"
1001591,"bruneja01"
1004900,"gouldal01"
1000750,"beckero01"
1003689,"edwarjo01"
8604,"meddebr01"
1011796,"shannjo01"
2964,"calica01"
5451,"maciadr01"
1000678,"baueral01"
1006115,"hoytwa01"
1007842,"luploal01"
8742,"segovza01"
1010696,"raneyri01"
1014337,"yellela01"
1007970,"magnest01"
1002304,"clarkri01"
1012849,"tavarje01"
1004619,"georgch01"
1011307,"rushbo01"
1012336,"sperrst01"
20387,"kayan01"
1009069,"montgal01"
1005682,"herbeer01"
20557,"alexacj01"
1013600,"wantzdi01"
1006433,"johnsca01"
1009975,"palmijo01"
1013548,"wallaja01"
790,"pavanca01"
22296,"barlojo01"
1007225,"kutzlje01"
1009685,"o'brich01"
1012177,"smithma01"
1014262,"worthhe01"
1902,"aardsda01"
1002069,"castito02"
1009682,"o'bribi01"
4507,"salazje01"
1008107,"marioda01"
1002699,"coxfr01"
1002381,"cochrda01"
1004149,"fletcar01"
1009944,"paddode01"
1010763,"reedebi01"
1005174,"habenbo01"
2112,"youngwa01"
19479,"civalaa01"
1008289,"maybejo01"
1003310,"dimagdo01"
8556,"carpech02"
1011844,"sheehbi01"
1006516,"joinero01"
21871,"encarje01"
5702,"guerrju02"
1008994,"mitchbo01"
1007409,"lawva01"
29914,"alvaran01"
20099,"paddach01"
1004755,"gladuro01"
1007172,"kronejo01"
1004254,"fostele01"
1003190,"demarfr02"
1005848,"hinripa01"
1002166,"chattji01"
7397,"stewaza01"
1013594,"waltore01"
1011927,"shoreer01"
1007641,"lintzla01"
1001711,"burnsja02"
3308,"delgaje01"
1004869,"goolsra01"
1700,"blandna01"
1011275,"rubelal01"
1009139,"moraljo01"
1004589,"geddeji01"
314,"caseyse01"
8004,"waldema01"
1008611,"mclauja01"
25386,"britojh01"
1560,"beverja01"
1012103,"smithbo05"
1003572,"dunnist01"
1012665,"suchech01"
1595,"cotahu01"
1007983,"maharbi01"
1007455,"leeha01"
1005628,"hendebe01"
1003410,"dorgami01"
1004184,"flynnge01"
1010543,"proctre01"
1012092,"smithbe01"
1004615,"gentrha01"
1012150,"smithha03"
1005896,"hoersle01"
1001694,"burkma01"
1014059,"wilsoar01"
25479,"doylebr02"
1008152,"martiba01"
1013625,"wardtu01"
1000820,"bellra01"
1001420,"bridgro01"
13594,"stephro01"
3237,"mcfartj01"
1001817,"cagewa01"
1003172,"delgrbo01"
1009607,"nixondo01"
1006346,"jamesch01"
1012735,"sutclsy01"
1010378,"pittsga01"
4885,"morgany01"
1005671,"henryea01"
1003067,"davisma01"
1005390,"harrera01"
429,"fuentbr01"
1000711,"beamotr01"
1008533,"mcglojo01"
4249,"robinsh01"
1002816,"croucja01"
1010161,"pennohe01"
1000161,"alliebo01"
2193,"rodried03"
1013143,"towneba01"
1007199,"kuehnbi01"
1507,"lackejo01"
1000862,"berbelo01"
27461,"akiyash01"
1002909,"cushmha01"
10459,"hechaad01"
1002270,"clarkbr01"
29782,"kavadni01"
1011392,"sambijo01"
1004233,"forscbo01"
1011591,"schmuha01"
1002666,"couchjo01"
1003215,"denzero01"
1001811,"cadorle01"
1003874,"eversbr01"
1002198,"chitiha01"
366,"avenbr01"
1002376,"cobbhe01"
1005150,"gurala01"
1010283,"phillbu01"
1010842,"repulri01"
1010853,"reussje01"
7324,"gimench01"
1012164,"smithjo01"
1008255,"matthga01"
1000041,"adamsba01"
1001341,"brancha01"
1012820,"tannebr01"
1006264,"ingrari01"
1007990,"mahonbo01"
1002311,"clarksu01"
1005282,"hammoja01"
1013013,"thompho01"
1000823,"beltres01"
1010580,"pyechjo01"
1011592,"schneda01"
1011745,"senerso01"
1006482,"johnsla03"
1014244,"woodstr01"
1014053,"willsma01"
1007548,"leppedo02"
1002194,"chiozlo01"
1009773,"oliveal01"
1013540,"walkuji01"
1011271,"roystwi01"
1006249,"hyersti01"
1927,"cummimi01"
1013082,"tischto01"
1000514,"banksge01"
1001426,"briggda01"
1012798,"sykesbo01"
1000876,"berghjo01"
1964,"kroonma01"
1007657,"littema01"
1008082,"mantlmi01"
4393,"westse01"
19231,"baragca01"
281,"gonzaal01"
1003053,"davisha01"
26641,"gonzawi02"
1006642,"judefr01"
1003343,"dobsoch01"
1651,"johnsro06"
30249,"dreyeja01"
1001296,"brackjo01"
1007040,"knighjo01"
1007238,"lacocpe01"
1003526,"duffech01"
1007924,"mackost01"
1009088,"moorear01"
18331,"kaprija01"
1003043,"daviscu01"
1009977,"palmqed01"
1014032,"willire02"
1011108,"rodrijo01"
1001359,"brantma01"
1007850,"luttrly01"
13910,"kivlepa01"
1004523,"gardngi01"
1014234,"woodsal01"
1008172,"martija02"
1009548,"newsosk01"
15423,"heanean01"
1007692,"locklge01"
1006814,"kellyre02"
19878,"haselad01"
1003070,"davismi02"
1013423,"vicketo01"
1007327,"lankffr01"
5285,"dedunsa01"
1010339,"piersdi01"
1524,"trujijj01"
7593,"lylesjo01"
26270,"walstbl01"
1002861,"cullero01"
16418,"taylobl01"
1013502,"walczed01"
32095,"schlica01"
1894,"dinarle01"
1009330,"munozos01"
25620,"meylu01"
1007322,"langsbo01"
1001643,"bullasi01"
293,"mcgrifr01"
1002772,"criscto01"
14663,"gonzach01"
1013682,"watsomu01"
21101,"moretda01"
26056,"waltebr01"
1007441,"leboube01"
1003320,"dipinfr01"
1003684,"edwarda01"
1013379,"vaughch01"
1009830,"oraveer01"
13048,"iwakuhi01"
1847,"glavimi01"
1004380,"fryjo01"
11753,"ryanky01"
1000276,"antonjo01"
1011521,"schanwa01"
1005265,"hamando01"
1000525,"barbebr02"
16149,"nolaaa01"
1011316,"russejo01"
4002,"hatlema01"
2217,"novoaro01"
902,"weathda01"
1002478,"combsea01"
1002542,"conrobi02"
1004133,"flanami01"
1007196,"kucksjo01"
1001487,"brovijo01"
1002178,"chervpa01"
925,"levraal01"
1000842,"bennehe01"
701,"ostinji01"
1001922,"cantwmi01"
1008553,"mcguide01"
30105,"vasilmi01"
1489,"towerjo01"
1000509,"bankhda01"
1005012,"greenst01"
1003018,"davenjo01"
1013069,"tilloth01"
1005942,"holdejo01"
1002628,"corharo01"
1003273,"dickege01"
8975,"robleos01"
1007618,"lindeji01"
1009196,"moronje01"
1013757,"welchmi01"
1014011,"williju01"
1004265,"fousebi01"
1057,"trammbu01"
1012446,"stearjo01"
1013203,"truckvi01"
5663,"sotone01"
1011858,"shellhu01"
1002392,"coffmke01"
1013256,"tyronji01"
1009473,"nealch01"
1008776,"mercelu01"
1004770,"gleaski01"
1001365,"braunjo01"
2091,"rosarfr01"
1000374,"austiri01"
1013267,"uhlerma01"
1003198,"demonge01"
1013196,"troutdi01"
1011900,"shindbi01"
1005448,"hartji01"
1006829,"kendeal01"
485,"patteda04"
1010200,"pernohu01"
1006749,"keenaji01"
1013945,"wilheho01"
1007972,"magooge01"
1001846,"callama01"
1000012,"abbotji01"
1003662,"eddych01"
1308,"lawrejo01"
3442,"ugglada01"
15115,"cozendy01"
1011610,"schreba01"
1004992,"greened01"
1012033,"sketcbu01"
1002697,"coxdi01"
1011866,"shephke01"
1010065,"patteje01"
25138,"jordale01"
22815,"patinlu01"
1009856,"ortenfr01"
1004611,"genovge01"
1001615,"buchajo01"
1010784,"reganmi01"
1006772,"kellefr02"
1041,"kleskry01"
108,"nelsojo01"
7196,"hollagr01"
1013798,"westbu01"
11681,"campovi01"
1005188,"haeffbi01"
1012689,"sullide02"
1014259,"worreto01"
1006543,"jonesco02"
1178,"renteed01"
1010831,"renfrma01"
1004623,"geragbe01"
1012990,"thomara01"
7227,"delarto01"
1000349,"atkinal01"
1000932,"bettsha01"
23420,"sulsebe01"
240,"johnsma02"
1007127,"kowalfa01"
1006227,"hurtaed01"
1001304,"bradlbi01"
625,"rekarbr01"
1001466,"brondke01"
1012828,"tarbear01"
180,"castifr01"
1008071,"mannjo01"
1009249,"mossho01"
1009570,"nichosa01"
16729,"ogradbr01"
1004969,"graysa01"
6249,"cahiltr01"
1008209,"masaoon01"
1007659,"littlca01"
1000884,"berlyja01"
1011873,"sherire01"
1000189,"altmage01"
1012789,"swiftbo01"
1007133,"kraftcl01"
1004317,"freembu02"
1008803,"metcaal01"
1012595,"stranal01"
1000477,"baldwda01"
1002355,"clinety01"
1013549,"wallaja02"
1007452,"leede01"
1005996,"hoodwa02"
1004996,"greenha01"
1013339,"vanbude01"
2057,"diazjo01"
5903,"downsda02"
8542,"soleral01"
1006277,"irwinbi01"
1004787,"glossal01"
4831,"rapadcl01"
19256,"bautige01"
1006971,"kirkto01"
29524,"teodobr01"
1004761,"glavito01"
1854,"matsuka01"
4121,"brownjo05"
13663,"lopezja03"
1001482,"brottto01"
1009823,"onsloed01"
1830,"barmecl01"
1005257,"hallmbi01"
1001194,"boozejo01"
1001048,"blankfr01"
1007540,"leonhda01"
1722,"crosbbu01"
1008273,"maulal01"
1008366,"mccarbi01"
1013786,"werlebi01"
1002287,"clarkho01"
17556,"hergeji01"
1009877,"osteech01"
1010123,"peekst01"
1826,"greenkh01"
1006673,"kaisege01"
1011299,"ruizch02"
1009474,"nealegr01"
1006413,"jimenma01"
1012288,"sothoal01"
1007832,"lumpeje01"
1006525,"jonesar01"
1198,"colomje01"
1006342,"jamesbe02"
1007450,"leecl01"
1012335,"sperrro01"
1002326,"clayda01"
8252,"pencehu01"
1006698,"kardopa01"
1007922,"mackijo01"
1013232,"turnesh01"
147,"johnsja02"
1011500,"scarsle01"
1008702,"meachru01"
2143,"aguilch01"
25648,"slateju01"
1000949,"bicknch01"
1011741,"sembemi01"
1013309,"vailmi01"
1008573,"mcintma01"
1013589,"waltemi01"
11379,"deshide02"
1000775,"beerscl01"
16578,"diazya01"
1271,"powelja04"
1003914,"falleed01"
1012857,"taylobi02"
1013988,"willide01"
6491,"josepdo01"
1009224,"morrito01"
1008069,"manniru01"
1002788,"cromphe01"
1008315,"mayswi01"
158,"moriami01"
1001993,"carrima01"
1004736,"gilro01"
21560,"rivasal01"
18213,"conlopj01"
20339,"peacoma01"
1004375,"frommar01"
369,"bradlmi01"
1005330,"hansesn01"
751,"restomi01"
1012861,"taylobr01"
1001431,"brilegr01"
3137,"scherma01"
1010437,"poolha01"
1008353,"mccafha01"
1001020,"blackle01"
1002071,"castldo01"
1006026,"hornebo01"
1013599,"wannipe01"
1013492,"wainhda01"
1011244,"rothrja01"
156,"moliniz01"
1002161,"chartmi01"
1002844,"cruzto02"
1010152,"penaro01"
1001364,"bratsfr01"
25474,"wilesna01"
2119,"liriape01"
1010256,"pettych01"
1000794,"belkti01"
1008963,"milnebr01"
1011466,"savagbo01"
3263,"fukudko01"
1008928,"milleri01"
11173,"taveros01"
1002249,"clabamo01"
904,"bradfch01"
1000724,"bearske01"
1005696,"hernaca01"
1014397,"yowelca01"
8162,"wagnene01"
18042,"mooredy01"
1011968,"silched01"
5587,"corpoca01"
25768,"abramcj01"
1004269,"fowlebo01"
1012948,"theisja01"
1003238,"detwedu01"
1003852,"eufemfr01"
1002980,"dantofa01"
1010236,"peterra01"
1000018,"abernbi01"
1000903,"berrycl01"
2233,"wainwad01"
26944,"henried01"
8214,"baekch01"
11530,"fernajo02"
1013642,"warreto01"
1012294,"souzama01"
1010387,"planter01"
1001858,"camelha01"
1000255,"andrejo01"
1008524,"mcginfr01"
27482,"hassero02"
10302,"hestoch01"
1013533,"walkesp01"
6292,"barthji01"
6745,"ortegan01"
1011140,"roggecl01"
1002276,"clarkda04"
3374,"jimenub01"
1007520,"lemonji01"
1012538,"stillro02"
1005984,"holtgve01"
1010105,"pearcha01"
1001109,"bockmed01"
1013753,"welchfr01"
1008562,"mchaljo01"
1006910,"kilroma01"
1012398,"staneal01"
13301,"muncyma01"
1013176,"trempov01"
1013221,"turbije01"
1002841,"cruzjo01"
19952,"leekh01"
11243,"barreaa01"
30122,"williga01"
1806,"woodmi01"
1006593,"jonesst01"
5015,"uptonbj01"
6086,"mcgehca01"
27779,"elderbr01"
1009360,"murphed01"
14470,"valdejo03"
1011116,"rodrivi01"
19712,"murphpa02"
1006875,"kerrme01"
1011129,"rogerbu01"
19337,"lovelri01"
1623,"rushfji01"
1010050,"patebo01"
1005491,"hatfijo01"
1003084,"davisto02"
27508,"ragsdca01"
1004266,"foutzda01"
1010425,"pollyni01"
1014315,"wyseha01"
19627,"rookebr01"
1002443,"collaha01"
25918,"thompza02"
1008256,"matthjo01"
1011135,"rogerke02"
1004198,"foleyra01"
1003584,"duranro01"
1013017,"thompju01"
1004430,"gagusch01"
1010403,"pocorbi01"
27768,"perezeu02"
1006043,"hostech01"
1013168,"treadge01"
1008673,"mcnulpa01"
5538,"wellsja02"
1001824,"caithge01"
1349,"reedev01"
1003286,"diehlge01"
1004784,"gliatsa01"
1013939,"wilcomi01"
1011615,"schrete01"
1001183,"boonebo01"
23394,"poulipj01"
1031,"fikacje01"
15407,"orfna01"
1001459,"brockta01"
1001600,"brutobi01"
1000386,"ayersbi01"
1007105,"kopfla01"
24453,"martiju01"
7528,"frandke01"
803,"wayneju01"
1006321,"jacobha01"
1013120,"toolest01"
8036,"weberth01"
22566,"ornelti01"
1010704,"rasmuer01"
1006163,"hugheto01"
1003267,"diazma01"
624,"reichda01"
1007560,"letchch01"
1007593,"lezcasi01"
1011631,"schulfr01"
1146,"chambji01"
1010752,"redfijo01"
6627,"brachbr01"
2396,"santaca01"
1006534,"jonesca01"
14131,"birdgr01"
10663,"pryorst01"
1007425,"leachja01"
1005063,"grimejo01"
1013813,"westsa01"
1005713,"hernato01"
1002324,"clausfr01"
1003351,"dodgejo01"
1013648,"wasemli01"
25368,"penroza01"
13763,"leonedo01"
1013240,"tutwigu01"
1009579,"niehaal01"
11341,"nolinse01"
1002334,"clemecl01"
1009780,"oliveto01"
1003435,"douglla01"
1006917,"kimeha01"
15271,"wynnsau01"
1010992,"ritteha01"
9871,"anderbr05"
1000713,"beanbi01"
1009187,"moriabi01"
1004694,"gilbema01"
1012504,"sterlra01"
1014352,"yorkle01"
1005804,"hildeor01"
1013298,"urbanlu01"
11720,"grimmju01"
8402,"geltzst01"
1010610,"quinnpa02"
1011386,"salmoch01"
1008728,"meeto01"
1001975,"carnepa01"
7178,"schmiko01"
16404,"leybado01"
31986,"messipa01"
1007382,"lauerch01"
15112,"mcmahry01"
1003135,"deeji01"
8062,"putnada01"
1002897,"currywe01"
1009852,"orsuljo01"
1003845,"etchean01"
1013371,"varnedi01"
1000152,"allenll01"
1003759,"elstodo01"
1008308,"mayoja01"
29478,"jenseca01"
6033,"herreke01"
9013,"valdece01"
29547,"blissry01"
1006164,"hugheto02"
1000548,"barkeri01"
1004884,"gormaja01"
1012088,"smithal02"
1008137,"marshdo01"
1009001,"mitchfr01"
808,"almoner01"
1006287,"jacklfr01"
1003664,"eddyst01"
1005383,"harpeto01"
1013386,"vaughro01"
16042,"paytoma01"
1011214,"rosensi01"
1378,"guerrwi01"
1009743,"ogdenja01"
1008439,"mccurha01"
1002609,"corbege01"
25643,"milladr01"
9877,"kirkmmi01"
11589,"urenajo01"
1008120,"marquis01"
753,"rivaslu01"
1005065,"grimera01"
1000970,"billija01"
1000744,"beckehe01"
1010013,"parksbi01"
1009712,"o'confr01"
1000062,"adamsri02"
1005919,"hoganed02"
1004157,"fletcva01"
1009926,"ownberi01"
1012031,"skaugda01"
18088,"stashco01"
1000341,"asprobo01"
1005857,"hiserge01"
1004683,"gigonno01"
1011574,"schmege01"
9854,"navaref01"
1014206,"woodabr01"
1013166,"treacfr01"
1010994,"rittere01"
1004610,"geninfr01"
1005796,"highch01"
1000816,"bellmi01"
19524,"rangeal01"
56,"gracema01"
1006224,"hurstja01"
1010285,"phillda01"
1007406,"lawsoro01"
9137,"osullse01"
15136,"newbeja01"
1014155,"wiseri01"
1005926,"hoggbe01"
881,"komiysa01"
1010736,"reachal01"
1005906,"hoffmgu01"
7057,"schulmi02"
1002123,"chambjo01"
15051,"brachsi01"
1012259,"soddbi01"
1000522,"barbare01"
15306,"hartdo01"
1000962,"biittla01"
1001813,"cadyhi01"
10533,"galero01"
1002780,"critzhu01"
10925,"bergmch01"
3577,"roberch02"
23792,"thomaal01"
1009010,"mitchro01"
5452,"choiji01"
1007004,"klinero01"
1003658,"eckeral01"
11896,"francen01"
1008651,"mcmurcr01"
1000228,"andergo01"
13853,"wendljo01"
1004135,"flanira01"
1014106,"wilsota01"
12723,"collity01"
2206,"stockph01"
1009267,"mountfr01"
1003329,"dittmja01"
1010776,"reesepe01"
21541,"knehrre01"
1002106,"cerutjo01"
1025,"cruzde01"
1008887,"milledu01"
1013370,"varnebu01"
1004292,"francte01"
1008128,"marriwi01"
1008908,"millejo04"
1012272,"somerjo01"
1010730,"raymefr01"
9178,"lobstky01"
1916,"beltrri01"
1009575,"nicosst01"
1008222,"masonro01"
1004896,"gossho01"
1009477,"nealoji01"
13758,"duffety01"
1010775,"reeseji01"
1005089,"grosski01"
14735,"phillbr02"
1014100,"wilsopa01"
10197,"millesh01"
1828,"zoccope01"
1029,"eatonad01"
4567,"johnsjo09"
13654,"cottojh01"
1001276,"boydfr01"
27669,"gordota01"
1005656,"hennemi01"
1011508,"schaeje01"
1006797,"kellych01"
1000432,"bailesw01"
4518,"bernido01"
1005320,"hannija01"
1000394,"babcobo01"
17023,"sierrma01"
1014022,"willima05"
1010715,"rauchbo01"
1007158,"krencwa01"
1009005,"mitchke02"
29863,"bergery01"
1012217,"smithwi03"
1007550,"lerchge01"
1003957,"faulbi01"
11752,"jackslu01"
1011786,"shamsar01"
2374,"gordobr01"
920,"holtzmi01"
1006248,"hydedi01"
1010375,"pittipi01"
26419,"blalobr01"
1006877,"kessido01"
1008280,"mauroca01"
1004465,"galveba01"
1007902,"maceji01"
1011252,"roweda01"
1005663,"henriol01"
1000401,"baconed01"
1006690,"kaneji01"
1007007,"klingbo01"
14894,"kempto01"
7106,"pettijo02"
1007457,"leele01"
1004353,"frielbi01"
1013259,"tysontu01"
1003489,"dreiscl01"
1006710,"kashita01"
1056,"tomkobr01"
1000579,"barnhle01"
8432,"norbejo01"
1012565,"stonege02"
1208,"gomezch02"
1002210,"chriscl01"
1010511,"prattal01"
1012638,"stuarbi01"
1011006,"riverro01"
1002823,"crowebi01"
1545,"mckeewa01"
1008083,"mantoje01"
494,"rodnefe01"
16866,"garrere01"
1014014,"willike03"
1009707,"ockwh01"
1010873,"reynoro01"
1006605,"jordabu01"
1007280,"lamlifr01"
923,"justida01"
1000223,"anderda02"
1004719,"gillge01"
1013269,"ujdurje01"
1001776,"butlefr01"
5000,"vogtst01"
4852,"richake02"
1013666,"wathajo01"
9324,"belfimi01"
1002458,"collior01"
1002046,"casimca01"
1012918,"tepsijo01"
1012576,"storiho01"
1006541,"jonescl02"
1009353,"murphda03"
1008149,"martedo01"
1000838,"bennede01"
1012095,"smithbi03"
1009738,"oeschjo01"
12890,"claudal01"
1003342,"doberje01"
14682,"perdolu02"
1010484,"powelde01"
1007090,"kolstha01"
11632,"hembrhe01"
1009986,"papist01"
1000978,"birdge01"
1001652,"bunkewa01"
1002485,"commaji01"
1002938,"dalege01"
1009812,"o'neija01"
12606,"lopezra02"
1002299,"clarkni01"
1000081,"agganha01"
11903,"felizmi01"
29608,"boylejo01"
1000583,"barnoed01"
1014332,"yeagest01"
4048,"castrfa01"
26020,"johnsse01"
3935,"martijo07"
1003770,"emmerfr01"
15191,"pindech01"
1001671,"buricbi01"
1008264,"mattira01"
17620,"strawmy01"
1009,"tolarke01"
1012220,"smootho01"
1011825,"shawkbo01"
19199,"menezco01"
27735,"wiselbr01"
1013280,"underpa01"
1007315,"langebi01"
1007050,"knorrra01"
1005536,"haywobi01"
1008995,"mitchbo02"
1011365,"sadowji01"
3396,"phillhe01"
1007027,"knaupco01"
1000328,"arroylu01"
1007986,"mahlbgr01"
1000332,"asadora01"
1011839,"shearjo01"
1005738,"hershea01"
1011758,"settlme01"
1012152,"smithha05"
1002097,"cecenjo01"
1009774,"olivebo01"
5667,"souzast01"
9785,"seageky01"
1014236,"woodsdi01"
1006420,"johnsar02"
27487,"knackla01"
10822,"cunnito01"
13796,"wagnety01"
19695,"seaboco01"
1007762,"lorenle01"
27763,"romodr01"
12155,"rosared01"
1001928,"caprabu01"
1004740,"gingrjo01"
7882,"lindbjo01"
10681,"urshegi01"
1009341,"murdowi01"
9083,"sowerje01"
1003567,"dunlagr01"
1004478,"ganlebo01"
1002413,"coleda01"
1010572,"purkebo01"
1013127,"torrean01"
10542,"dietrde01"
3460,"barryke01"
1013500,"wakelch01"
1008096,"mappege01"
11682,"martica04"
234,"glovega01"
1000559,"barnebo01"
13472,"lopesch01"
1012863,"tayloch01"
75,"stottto01"
26024,"whitebr01"
31623,"misioja01"
1437,"benoijo01"
19556,"alvaryo01"
1006523,"jonesal01"
1001886,"campbke01"
170,"singlch01"
27889,"ginnjt01"
7018,"andrast01"
1005253,"hallji02"
1004647,"gettmja01"
1006300,"jacksji01"
1010251,"pettijo01"
1008174,"martije01"
1009905,"ottoda01"
1007907,"machaju01"
1011220,"roserst01"
1013197,"troutst01"
1004709,"gilleca01"
1014442,"zimmedo01"
510,"beckejo02"
1010015,"parkssl01"
1003289,"dietrbi01"
10688,"thornty01"
1005268,"hambyji01"
1007184,"krukjo01"
1000945,"bibbyji01"
1006927,"kingdwe01"
693,"kingra01"
30008,"justiev01"
1011329,"ruthejo01"
1007826,"lukema01"
1009145,"moranbi03"
1012876,"tayloha04"
1007167,"kristho01"
1012959,"thobej.01"
6109,"wielajo01"
1002327,"clayda02"
768,"chaveen01"
1005693,"hermage01"
1011649,"schupfe01"
9218,"goldspa01"
11509,"cunnibr02"
12938,"ynoaga01"
19326,"reynobr01"
1012952,"theveto01"
4402,"meyerda02"
1005296,"hancory01"
21634,"proctfo01"
1001957,"carlle01"
1010601,"quinlfr01"
1003900,"fahrepe01"
1004147,"flemito01"
1010226,"peterch02"
12699,"carpery01"
3702,"myrowbr01"
1012786,"swettpo01"
1000636,"basgamo01"
1009294,"mullech01"
752,"rincoju01"
2522,"blancto01"
1009555,"nichoca01"
1000391,"azcuejo01"
1006537,"jonesch03"
1014142,"winstda01"
6368,"jonesad01"
6267,"foxja02"
33189,"schanno01"
1002187,"childha01"
1008020,"malkmbo01"
1005719,"herrebo01"
3216,"carvama01"
1009965,"palacvi01"
1012079,"smallwa01"
1210,"hallto02"
1007529,"leona01"
1009581,"niehobe01"
7476,"avilaal01"
1001286,"boyleed01"
131,"coninje01"
1006870,"kerrbu01"
8505,"kohnmi01"
1011435,"saniced01"
1007056,"knowdja01"
1013460,"voyleph01"
1008348,"mccabdi01"
1001432,"brilene01"
1132,"shinjts01"
17321,"chavimi01"
12118,"floreke01"
1011163,"romanbi01"
1012885,"tayloro01"
25921,"legumca01"
1006608,"jordaha01"
1008715,"medinlu01"
11710,"dysonsa01"
1008763,"menefjo01"
1010309,"picinva01"
25524,"schunaa01"
1007797,"lowrysa01"
5002,"gindlca01"
1008941,"millewh01"
16668,"bourqja01"
1011309,"ruskisc01"
1013076,"tinnibu01"
1008603,"mclaide01"
1010670,"ramirma01"
1094,"pineijo01"
1000180,"alperwh01"
1003211,"densodr01"
30,"potelo01"
1013636,"warnejo01"
1002358,"clintlo01"
1012497,"stephjo02"
1010398,"ploditi01"
1010330,"piercje01"
1009891,"oterori01"
739,"lohseky01"
17988,"stephty01"
252,"porzimi01"
4055,"delareu01"
742,"milletr01"
1014190,"wolfela01"
1005211,"hairsjo01"
286,"lewisda01"
1000466,"bakersc01"
1470,"pelaeal01"
1003883,"ewingre01"
1010166,"peoplji01"
1013204,"truesfr01"
1011045,"roberri02"
1008694,"mctamji01"
15066,"schulja02"
1012212,"smithto04"
1007051,"knothfr01"
1012571,"stonero01"
1002581,"coombce01"
1010970,"rincoan01"
25839,"contrlu01"
1000632,"bartoha01"
1005550,"heardja01"
1012395,"stancch01"
1012792,"swindch01"
357,"sullisc01"
1009386,"murraed02"
1010189,"perezto02"
27984,"cornijo01"
1009098,"moorech01"
1008027,"mallobo02"
1009185,"morgave01"
1010690,"randane01"
3877,"martiet01"
19457,"garcibr01"
1001756,"bushra01"
1012672,"sugdejo01"
16918,"weavelu01"
14681,"machaan02"
1014216,"woodfr01"
1004300,"frankja02"
19955,"luxga01"
1002527,"connoje01"
3281,"smithjo05"
1002084,"catoke01"
1012899,"tebeage01"
23003,"diazya02"
1002333,"clemech01"
1003039,"davisbu01"
780,"hergema01"
1002386,"cockral01"
1542,"hudsolu01"
1012260,"soderer01"
23920,"bellobr01"
1621,"rogered01"
1007429,"leahyda01"
20422,"moranjo01"
1009628,"norenir01"
1010934,"rickebr01"
21636,"penaje02"
1011958,"sieveed01"
1008479,"mcelvpr01"
1014309,"wynnea01"
1002235,"cicotal01"
2161,"kubelja01"
16375,"mercaos01"
27790,"carteev01"
1004973,"grayjo01"
1006786,"kellnwa01"
1003796,"epparji01"
27845,"mervima01"
1014307,"wymanfr01"
10968,"adlemti01"
1013391,"vealebo01"
1011602,"schofdi02"
9848,"jacksau01"
15697,"katohgo01"
2211,"piedrjo01"
1007606,"lillibo01"
1005585,"hehlja01"
1005129,"guintbe01"
1011030,"roberda04"
17610,"raineta01"
15482,"aquinar01"
1004505,"garcimi01"
1013383,"vaughgl01"
1011973,"silveke01"
24737,"varlagu01"
1008281,"mauseti01"
1008633,"mcmakjo01"
24203,"perallu01"
1000160,"alleyge01"
1009996,"parkeac01"
1012854,"taylobe01"
15730,"wadety01"
1007595,"libkeal01"
1002877,"cunnibi01"
1008464,"mcdonji04"
1001888,"campbma01"
1013347,"vandaca01"
1000976,"birddo01"
1014036,"williro01"
1004682,"giggibo01"
1012309,"speaktr01"
1005659,"hennira01"
10066,"krolia01"
1005025,"gregole01"
1005724,"herrepa01"
1011423,"sandesc02"
1003666,"edelejo01"
33927,"taylogr02"
1014272,"wrighcl01"
10240,"penaar01"
1000940,"bevillo01"
1007362,"larusto01"
5032,"thayeda01"
6352,"sweenry01"
1011719,"seelbch02"
1011322,"russeri01"
36,"cedenxa01"
1005015,"greenwi01"
1013451,"vonfrto01"
4004,"outmajo01"
1000410,"baezke01"
1003595,"durniri01"
1013374,"vasbica01"
6200,"molledu01"
2162,"guzmafr01"
9515,"smithjo06"
16470,"ramirro02"
1006782,"kelleto01"
1013751,"welchcu01"
1001372,"breale01"
11350,"deanpa02"
1005096,"grothjo01"
1007898,"maccofr01"
1007443,"ledbera01"
4579,"castrst01"
1012747,"suttojo01"
1008371,"mccarja01"
1014233,"woodrsa01"
1012452,"steelfa01"
1003119,"deberjo01"
1009044,"molynvi01"
1012373,"stacked01"
1001324,"bradybr01"
21728,"oviedlu01"
1005832,"hillol01"
1005888,"hodgira01"
1001180,"bookero01"
1012553,"stockwe01"
18316,"riosed01"
1009692,"o'brija01"
1012206,"smithsk01"
1010796,"reidybi01"
2170,"quallch01"
1013885,"whitele01"
1001062,"blausje01"
2967,"phamth01"
1005205,"hahnno01"
1004879,"gorege01"
1013486,"wagnejo01"
1012721,"sumneca01"
1010405,"podgajo01"
1013295,"uptonto01"
1010331,"piercma01"
4940,"heywaja01"
1013385,"vaughpo01"
11686,"lucasjo02"
1002424,"colemjo01"
3625,"pauleda01"
1007399,"lawreji01"
7980,"westma03"
4666,"carlilu01"
1002858,"culledi01"
1005470,"harvelu01"
15158,"shiplbr01"
1012061,"slaugst01"
1007355,"laroqsa01"
20116,"fauchca01"
18341,"fernaju02"
14818,"jonesja07"
1007067,"kobelke01"
1001930,"capripa01"
1009851,"orsinjo01"
1009746,"oglivbe01"
1008913,"milleku01"
556,"ensbemo01"
3900,"martios01"
16166,"shephch01"
1011724,"segrika01"
1008309,"maypi01"
8246,"espinpa01"
1002948,"dalryab01"
16840,"hillca02"
1005771,"hickeke01"
14875,"smithca03"
216,"urbinug01"
1012800,"szekejo01"
1002561,"conzejo01"
1010912,"richaje02"
1010856,"revilhe01"
1000267,"andujlu01"
1001585,"brumlmi01"
1006800,"kellyhe01"
1013750,"welchbo01"
1004771,"gleasro01"
16265,"howarsa01"
1004170,"floreje01"
1772,"harderi01"
1013425,"vicoge01"
1006743,"keefeti01"
1007818,"luebbro01"
1733,"ferraan01"
22054,"myersda01"
1000207,"amaroru02"
7896,"tayloan01"
1006419,"johnsar01"
3231,"penabr01"
1009549,"newsowa01"
1008762,"mendomi02"
19842,"hamilca01"
1006732,"keased01"
37,"spiezsc01"
1013963,"willaje01"
23335,"cantijo01"
3634,"cortefe01"
1151,"difelmi01"
1007608,"lilliji01"
1009659,"nunezjo01"
1002280,"clarkfr01"
19892,"smithpa04"
1746,"valdeca02"
3545,"haegech01"
6371,"rodrihe03"
1014393,"yountdu01"
1012140,"smithfr04"
1002044,"cashro01"
1009039,"molinbo01"
1012980,"thomahe01"
14545,"bacusda01"
9239,"wilsoal01"
10199,"hamilbi02"
13762,"cooneti01"
1014090,"wilsoji03"
1097,"rhodear01"
13744,"dahlda01"
1007813,"luderfr01"
1012421,"stantmi01"
1004359,"frierbu01"
19341,"velazhe01"
1004584,"gearidi01"
1009745,"oglesji01"
14374,"glasnty01"
1014118,"winceed01"
1011196,"rosarme01"
1013956,"wilkied01"
1406,"raineti01"
1007582,"lewisji01"
1010604,"quinnfr02"
11121,"lawreca01"
1004066,"fischbi01"
1008517,"mcgheed01"
1010925,"richmbe01"
196,"hillesh02"
1013662,"waszgb.01"
3706,"siscoan01"
1005441,"hartbu01"
4022,"cabreme01"
1013825,"wheatle01"
1007805,"lucasga01"
1000242,"andersc01"
1011187,"roonepa01"
1007602,"liebhgl02"
1011793,"shannbi01"
23809,"kerrra01"
1234,"wilsopa02"
1013515,"walkeer01"
1004847,"goochch01"
1001713,"burnsjo01"
1013831,"wheeldo01"
1006677,"kalfabi01"
1009009,"mitchpa01"
23488,"marinro01"
1009669,"nymanch01"
1011351,"rybami01"
1013,"willida07"
1005752,"hetkijo01"
1009446,"napiebu01"
1001072,"blewebo01"
1011468,"savagja01"
1007274,"lambege01"
1003524,"duesha01"
1241,"catalfr01"
1005427,"harripe01"
1003790,"ensje01"
1007867,"lynchmi02"
1005935,"hoilech01"
21345,"sousabe01"
1005707,"hernale01"
1004291,"francra01"
1006846,"kennemo01"
17987,"poynebo01"
11502,"bridwpa01"
3298,"culbech01"
1001472,"brookhu01"
1000083,"agnewsa01"
7389,"adamsda02"
1009006,"mitchla01"
13180,"goeddty01"
1011164,"romanji01"
1006746,"keelebu01"
1002592,"coopece01"
1000193,"alvarcl01"
23237,"mejiaju01"
1002455,"colliji01"
21139,"paynety01"
8370,"pedrodu01"
1010957,"riggsle01"
1005298,"handimi01"
1003553,"duncaji01"
20308,"meyerja02"
1014286,"wrighke01"
1012751,"swaggbi01"
18027,"parkho01"
1012680,"sullian01"
1011042,"roberra01"
1009583,"niekrph01"
1005080,"gromest01"
1010789,"reichdi01"
1012518,"stewabu02"
8203,"gordode01"
1009681,"obradji01"
1004766,"gleasbi03"
1008402,"mccluha02"
1003389,"donohjo01"
1011943,"shumaan01"
1540,"henrios01"
1004873,"gordodo01"
31396,"locklty01"
4089,"russeja02"
1000475,"baldsja01"
1006326,"jacobot01"
1008013,"malaych01"
1769,"malasma01"
1013770,"wellsle01"
18400,"yepezju01"
1012173,"smithl.01"
31765,"alvarna01"
1011289,"ruebema01"
1005442,"hartech01"
22857,"perezwe01"
1013732,"weigera01"
1005774,"hickmer01"
1010427,"polonlu01"
19331,"rojasjo02"
168,"ryanb.01"
5579,"stettmi01"
7122,"escalse01"
1002914,"cuyleki01"
1011296,"ruffire01"
1004100,"fishewi01"
1001576,"bruckea01"
1001685,"burkejo02"
1000935,"bevacku01"
1003202,"dempsma01"
25844,"davidlo01"
2539,"kozmape01"
1001112,"bodiepi01"
1012386,"staintu01"
1004454,"gallajo01"
1002014,"cartebl01"
1009917,"owenla01"
1004459,"gallest01"
1007525,"lennoed01"
8258,"streehu01"
7595,"evansni01"
1004025,"fieldbr01"
1010584,"pylesh01"
13322,"barreja01"
1723,"deharri01"
1014049,"willsbu01"
1013816,"wetzebu01"
1277,"rogerke01"
1011441,"santara01"
1849,"weeksri01"
22715,"garcima01"
1002589,"cooneph01"
1007768,"loughbi01"
19249,"dominse01"
1005210,"hairsje01"
1001134,"bokenbo01"
1009121,"moorema01"
7396,"geedi01"
1005593,"heimva01"
1005111,"grzanmi01"
1002463,"colliri01"
35466,"tollepa01"
1000082,"aglerjo01"
1007021,"kluttcl01"
1226,"sheetan01"
1008127,"marreor01"
19845,"wellsal01"
1010821,"reisto01"
18679,"peralfr01"
1003961,"fautsjo01"
1002698,"coxer01"
1003062,"davisjo04"
1012273,"sommean01"
1007874,"lynnre01"
20430,"garciro03"
4891,"moylape01"
1010635,"radebro01"
1005033,"grichbo01"
1011449,"sargejo01"
20023,"garciri01"
1010001,"parkedi01"
1011925,"shopato01"
1008997,"mitchch01"
1002582,"coombda01"
1000457,"bakerge02"
1009764,"oldriru01"
1079,"guillca01"
1009827,"oquenjo01"
888,"carrosc02"
24017,"ferrejo01"
1004557,"garvest01"
1006125,"hubercl01"
1007578,"lewisbu01"
31972,"lordbr02"
1005764,"hibbagr01"
1006221,"hurstbi01"
8609,"federti01"
1006569,"jonesji02"
1008344,"mcbrike01"
1014268,"wrighab01"
947,"anderma02"
1004789,"glynned01"
1006336,"jahajo01"
1008367,"mccarbi02"
1002825,"crowege01"
1010663,"ralstdo01"
1008213,"maskrha01"
1901,"lopezlu03"
1007778,"lovetme01"
1007994,"mahonji01"
1003443,"dowdto01"
341,"septile01"
11611,"herrero02"
1009238,"mosebll01"
1003717,"eisenha01"
33197,"willibe03"
1001161,"bonesri01"
1007404,"lawsoal01"
26304,"hoeinbr01"
1004208,"fonvich01"
1005590,"heilmha01"
1012219,"smollle01"
6164,"hughedu01"
1001230,"bouchal01"
1008556,"mcguimi01"
5213,"perezch01"
1002555,"conwaji01"
1001586,"brumlmi02"
1001815,"caffijo01"
1009482,"neffdo01"
3440,"lerewan01"
1003284,"didiebo01"
1003987,"ferguch01"
1009416,"myersal01"
449,"shumpte01"
1009394,"murrami01"
3035,"morsemi01"
1005377,"harpege01"
1008183,"martimi01"
14338,"jerezwi01"
1004700,"gilbrro01"
420,"bennega01"
3656,"johnsji04"
1011636,"schulje01"
20203,"morgael01"
1008885,"milledo02"
1013397,"velazca01"
4001,"romeren01"
1011549,"schenha01"
3424,"diazvi01"
22117,"prattni01"
3441,"reimono01"
1004614,"gentrga01"
1008959,"millsle01"
1003647,"eastojo01"
13892,"sewalpa01"
1010063,"patteha02"
1010832,"renicri01"
8517,"headje01"
1013399,"velezot01"
1007418,"laytole01"
22932,"berropr01"
1011137,"rogerpa01"
1009655,"novotru01"
1010269,"pfundle01"
1001515,"brownel01"
1007854,"luuloke01"
1521,"smithda07"
521,"grillja01"
9884,"woodtr01"
1000662,"batesjo02"
1010452,"portehe01"
4383,"kroenza01"
1009377,"murphwa01"
9219,"espinda01"
1011769,"sewelto01"
1004061,"finnvga01"
1006967,"kirkeja01"
1008775,"mercejo01"
1005334,"hansoha01"
1001042,"blancgi01"
9166,"poseybu01"
1013720,"webstra01"
1011354,"ryersga01"
1008662,"mcnamto01"
1009171,"morgabi01"
26540,"martian02"
1010632,"radboge01"
2756,"romerda01"
6780,"sturdty01"
1001816,"caffybe01"
1006836,"kennebr01"
1004526,"gardnje01"
1013261,"uchriji01"
1001321,"brady01"
1002002,"carrofr01"
7539,"walkene01"
26121,"alvarfr01"
3285,"reyesar01"
13974,"dullry01"
1009346,"murphbo01"
1011224,"rossbu02"
26221,"pepiory01"
1007671,"livelbu01"
1014056,"wilmowa01"
23550,"ashbyaa01"
1004878,"gorecri01"
1007878,"lyonsbi01"
1001541,"brownma01"
1003784,"engligi01"
1002031,"cascajo01"
1002562,"coogada01"
1010082,"paulmi01"
1002408,"colbevi01"
9029,"warread01"
1008046,"maloypa01"
1002222,"chrisru01"
1012205,"smithsh01"
2042,"ambrech01"
1005833,"hillre01"
1008833,"meyerru01"
8358,"jaramja01"
1008536,"mcglyst01"
1006257,"incavpe01"
17969,"lambepe01"
8027,"lindad01"
1013393,"vegaje01"
1380,"lockhke01"
1009232,"mortogu01"
1013258,"tysonmi01"
1206,"flahejo01"
1012632,"strousa01"
13543,"snellbl01"
1012050,"slaglro01"
1005683,"herbefr01"
1761,"hebsobr01"
1000796,"bellaze01"
1000803,"beller01"
1005801,"hilchwh01"
1012487,"stephbo01"
4771,"mathisc01"
8356,"jacksza01"
1004651,"geygach01"
1011656,"schwabl01"
9885,"broadla01"
3492,"sanchan02"
1012355,"spraged01"
1008522,"mcgilwi01"
471,"jacksda04"
1002988,"darlide01"
1009287,"muichjo01"
1893,"rousemi01"
1001722,"burpoge01"
13624,"seageco01"
1012685,"sullich01"
1009150,"moranhi01"
2271,"sborzja01"
1011753,"sernapa01"
1006339,"jamerle01"
1013649,"washbge01"
1011983,"simmojo02"
1005372,"harmoch01"
1000792,"belinst01"
1010,"villoro01"
1006154,"hugheja01"
12680,"harpery01"
1003418,"dorseje01"
1011830,"sheage01"
1035,"hoffmtr01"
569,"mlickda01"
1006527,"jonesbi01"
1002283,"clarkgl01"
4720,"headlch01"
3583,"santoom01"
8628,"orlanpa01"
17837,"reetzja01"
1004673,"gibsoru01"
1403,"hanseda01"
191,"gomeswa01"
1000714,"beanebi01"
6867,"norride01"
143,"groombu01"
1014024,"willimi01"
1012195,"smithra01"
1011522,"schapjo01"
1001720,"burnsto01"
1011100,"rodriau01"
302,"sosasa01"
1004609,"genewjo01"
8586,"humbeph01"
1011237,"rotblma01"
6399,"cisnejo01"
1005436,"harshsa01"
1010383,"pladsgo01"
1012098,"smithbi06"
1006978,"kisonbr01"
342,"milleco01"
2651,"sampsch01"
1004495,"garciam01"
1003688,"edwarji01"
16647,"thompry02"
1011938,"shrevle01"
7992,"durbijd01"
3282,"adcocna01"
1011582,"schmifr01"
177,"betanra01"
4677,"francbe01"
1011545,"schelji01"
4391,"carlsje01"
1000450,"bakerdu01"
9958,"biancje01"
1013086,"tobikda01"
612,"macdomi01"
1001242,"boveemi01"
1004242,"fossato01"
1012279,"sorenla01"
1010171,"peppedo01"
7042,"fornaer01"
1002955,"dalyjo01"
1008819,"meyerbe01"
1013603,"wardbr01"
7758,"lafrobo01"
1013512,"walkedi02"
1005961,"hollijo01"
1005949,"hollabi02"
1000471,"balasmi01"
1002557,"conwape01"
5677,"ellisaj01"
1011104,"rodriel01"
1011611,"schreha01"
28344,"chengts01"
1007567,"leveyji01"
2868,"brittdr01"
1012637,"strykdu01"
89,"gilesma01"
1008733,"meinkbo01"
1004804,"goldeji01"
1011319,"russell01"
1010541,"pritcch01"
1002356,"clingbi01"
1014046,"willocl01"
66,"moellch01"
1012110,"smithch02"
1008028,"mallohe01"
1005358,"hargiga01"
1013119,"toolebe01"
248,"ordonma01"
15674,"mcguire01"
1002391,"coffmdi01"
7982,"bassan01"
20263,"felicma01"
19918,"varshda01"
1003141,"defrear01"
1007059,"knowlji01"
1012610,"stremph01"
1001218,"bostihe01"
1003454,"downsre01"
1011585,"schmijo01"
1004037,"figueed01"
14158,"willima11"
1000990,"bishoch01"
12586,"wrighmi01"
1000988,"bishobi01"
1006254,"ignasmi01"
1009718,"o'conjo03"
1010159,"pennibr01"
1006656,"justjo01"
1014298,"wriglze01"
1004116,"fitzgra01"
1000624,"barthjo01"
1008215,"masonch01"
1001029,"blairde01"
1000334,"asbjoca01"
63,"koplomi01"
1010222,"peterbo01"
1012658,"stutzge01"
23391,"vanasri01"
1003399,"donovpa01"
1009197,"moronji01"
1003707,"ehmkeho01"
1001913,"cangejo01"
1001453,"broacjo01"
1014008,"williji04"
1012472,"steinre01"
5633,"maylu01"
1010641,"radinsc01"
3777,"paulife01"
1002378,"cobbty01"
1012384,"stahosc01"
1013660,"wasinma01"
1110,"brohatr01"
1009404,"musgrde01"
1002456,"collijo01"
1003771,"emmersl01"
1007095,"konikal01"
1009097,"mooreca01"
1006461,"johnsha01"
1000169,"allisma01"
1002976,"danieto01"
1001241,"boutoji01"
1014198,"wolfwa01"
1000844,"bennejo01"
32227,"morallu01"
19990,"wilsobr02"
4204,"delroen01"
3638,"kinnejo01"
5476,"lairdbr01"
1009211,"morrija02"
1010366,"pirieji01"
1002195,"chipmbo01"
17292,"guerrja02"
1007439,"leathha01"
1004163,"flitchi01"
31776,"kerkeor01"
1004114,"fitzgmi02"
1011754,"serrawa01"
1010981,"rippera01"
27453,"venezan01"
1011519,"schanbo01"
1007607,"lillide01"
1001967,"carmado01"
1008787,"merrige01"
1000804,"bellfe01"
1005545,"healyfr01"
17578,"brubajt01"
1010672,"ramiror01"
1004841,"gonzami01"
1007824,"luhrswi01"
1010618,"quintma01"
1010755,"redmoha01"
1010320,"picoje01"
20548,"francbo01"
1008421,"mccormo01"
1012257,"sobkosc01"
24486,"allgeni01"
1008576,"mcjamdo01"
6246,"canizba01"
4535,"wellsra01"
1010904,"richada01"
1011777,"seymocy01"
1004971,"grayje01"
1009362,"murphed03"
10770,"cravyty01"
1007575,"lewisal01"
1076,"frankry01"
1004985,"greenbo01"
1001984,"carrach01"
1012396,"standje01"
1011251,"rowdowa01"
1010654,"rainech01"
1009605,"nitchot01"
1013070,"timbega01"
1010423,"polleho01"
2264,"gomezhe01"
1008608,"mclaubo01"
1010376,"pittito01"
1010938,"rickema01"
1008459,"mcdonja01"
1006610,"jordake01"
1009218,"morrijo05"
1005679,"hensiph01"
3109,"huberjo01"
19363,"haysau01"
497,"simonra01"
1006111,"hoydu01"
1011261,"rowlami01"
1009105,"mooreeu01"
1000093,"aitchra01"
3833,"seddoch01"
1163,"kileda01"
19703,"nollja01"
1751,"heilmaa01"
1005007,"greenne01"
1010985,"risinpo01"
1263,"myettaa01"
1010134,"peloulo01"
1004358,"frienow01"
1001905,"canavhu01"
1013919,"wickeke01"
1000682,"baughju01"
31687,"smithsh02"
1012958,"thigpbo01"
1007669,"littrja01"
1004308,"frazige01"
1000415,"bahred01"
19957,"ruthebl01"
1006059,"housefr03"
13151,"bricejo01"
1012942,"textoge01"
1014271,"wrighbo01"
1001309,"bradlhe01"
4429,"bardebr01"
1003856,"evans01"
1007370,"lassedo01"
1006572,"joneske01"
14773,"changyu01"
6049,"aubremi01"
1005872,"hobsobu01"
2586,"rodriwa01"
1006791,"kelluwi01"
1011551,"schepjo01"
1007106,"kopfwa01"
1012939,"tettlmi01"
1002359,"clonito01"
1013469,"wadebe01"
1001355,"bransje01"
1003861,"evansbi01"
1000692,"bausege01"
1008074,"mannodo01"
11531,"nishits01"
7115,"bardda01"
1010973,"ringofr01"
1005802,"hilde01"
1001770,"butlebi01"
3920,"delaceu01"
15711,"oneilty01"
1009095,"moorebo02"
11477,"yelicch01"
1002814,"croucbi02"
1005149,"gunsojo01"
1000586,"barracu01"
1005627,"hemusso01"
10322,"santada01"
1000251,"andrefr01"
1000266,"andujjo01"
1003383,"donneed02"
10711,"alcanar01"
1001932,"carabra01"
1005481,"hassljo01"
6403,"diazar01"
1012882,"taylole01"
1000568,"barneju01"
1000797,"bellbe01"
666,"nomohi01"
1010711,"ratlijo01"
1013273,"ulricdu01"
1004668,"gibsoge01"
1001318,"bradsge01"
1004167,"florake01"
1008259,"matthwi02"
1011768,"sewelri01"
10190,"skaggty01"
296,"ohmanwi01"
1131,"schmija01"
1012852,"taverfr01"
1014196,"wolfle01"
1008794,"mertesa01"
1013274,"ulricge01"
1003690,"edwarma01"
1012510,"steveji01"
1011921,"shofnst01"
1013207,"tsamige01"
1004320,"freemje01"
1009411,"mustaal01"
1013328,"valenfr01"
402,"riskeda01"
1003071,"davisod01"
1005800,"hilanjo01"
1003659,"eckerch01"
25505,"marloca01"
1013932,"wiggsji01"
1014055,"wilmepa01"
1012574,"stoneti01"
1011710,"sebriji01"
7501,"layneto01"
1009274,"moynami01"
1003371,"donahjo01"
1000305,"armasto01"
1009629,"noriejo01"
1000626,"bartito01"
1008538,"mcgowbe01"
1002969,"daniech01"
1007412,"laxtobr01"
12758,"valerbr01"
841,"posadjo01"
25481,"lasorjo01"
1001172,"bonnebi01"
1012953,"thielbe01"
1010529,"pricejo01"
1011559,"schicmo01"
1012057,"slattph01"
1006612,"jordami02"
236,"harriwi02"
1010088,"pawelte01"
1001448,"brittgu01"
22254,"perezjo02"
17040,"herrejo04"
5648,"braunry01"
28036,"littllu01"
1011367,"saffeto01"
1013538,"walkewa01"
916,"hattesc01"
1010494,"powelpa01"
1007638,"linkfr01"
1009984,"papela01"
27468,"detmere01"
1002824,"croweca01"
1006088,"howarpa01"
1003344,"dobsojo01"
1002109,"chacoel01"
1010786,"regoto01"
24710,"curvelu01"
9665,"deckeco01"
1014102,"wilsore01"
3152,"florero01"
1006247,"hyattha01"
602,"grimsja01"
1003896,"faginfr01"
1008433,"mccuefr01"
1003439,"dowcl01"
1008394,"mcclell01"
1003632,"earlyja01"
12854,"araujel01"
1004068,"fischha01"
1012137,"smithfr01"
1003299,"dillapa01"
17998,"fairbpe01"
617,"morenor01"
1009210,"morrija01"
1004556,"garvene01"
1012479,"stemfr01"
31989,"harrito03"
14832,"wahlbo01"
1014111,"wilsowa01"
1003322,"disarga01"
10811,"foltymi01"
1005333,"hansoer01"
1011780,"shafeti01"
1007895,"maaske01"
1006700,"karkoro01"
1004155,"fletcsc01"
1004791,"gochnjo01"
1003578,"dunnst02"
1000572,"barneri01"
1014004,"willihu01"
1003042,"daviscr01"
6124,"vasquvi01"
1003279,"dicksji01"
1006687,"kaneha01"
859,"alfoned01"
1011507,"schaeha01"
1006353,"jamesri01"
1009140,"moralri01"
9957,"pearcst01"
1008432,"mccrewa01"
1007081,"kohlmjo01"
17338,"castrwi01"
1004473,"gamblos01"
1005105,"grubefr01"
1009183,"morgare01"
1002629,"corkhpo01"
10291,"teperry01"
1006940,"kingmha01"
1005698,"hernace01"
1001509,"brownde01"
4900,"andinro01"
7074,"belltr01"
1006080,"howarfr01"
1005974,"holmbi01"
1005161,"guzmajo02"
1007348,"larkihe01"
1013089,"tobinji01"
1004280,"foxjo01"
1010624,"rabbijo01"
1011642,"schulle01"
1011614,"schrest02"
1000810,"bellhi01"
1012714,"sullito01"
1005964,"holloch01"
1002433,"colemvi01"
1014451,"zinngu01"
1003867,"evansjo01"
1007458,"leele02"
1007255,"lagrole01"
1006399,"jensewi01"
1009299,"mullidi01"
1009591,"niemial01"
1004747,"giulito01"
3585,"sardibr01"
1009130,"mooretr01"
1007469,"leeto01"
15156,"milleia01"
1007449,"leebo01"
1000795,"bellast01"
1002674,"coultch01"
13485,"tuivasa01"
3840,"dukeza01"
31461,"joycebe01"
1009916,"owenfr01"
5556,"jurrjja01"
1010650,"raganpa01"
1764,"almoned01"
1009324,"munnisc01"
1011068,"robinhu01"
1004247,"fosteed01"
1006180,"hummejo01"
1008243,"mathiji01"
1008688,"mcraeno01"
1012796,"swoboro01"
1000656,"batesch01"
9054,"smoakju01"
1000856,"bentora01"
20287,"rortvbe01"
1011189,"roperjo01"
3621,"zaratma01"
1009657,"nunamle01"
4079,"tazawju01"
1004562,"gassach01"
1001563,"brownto02"
1009693,"o'brija02"
3799,"resopch01"
1002009,"carsoal01"
1008126,"marreco01"
1006262,"ingraga01"
1007279,"lamerpe01"
1005069,"grimsmy01"
1007420,"lazorja01"
25139,"herriti01"
1587,"alvarto01"
1006354,"jamessk01"
1006017,"hopkimi01"
1007538,"leonda01"
1000282,"applefr01"
8074,"golsogr01"
1000483,"baldwla01"
285,"keltoda01"
1004769,"gleasjo01"
1011850,"sheelea01"
1000588,"barrbo01"
1005839,"hinchbi01"
1010723,"rayfa01"
1008984,"minosmi01"
8254,"fuldsa01"
1011570,"schluja01"
1010721,"rayca01"
829,"karsast01"
1002114,"chalkda01"
771,"cubilda01"
1008212,"masiph01"
1010731,"raymobu01"
1004014,"ferrito01"
1004857,"goodmiv01"
1012462,"steinbi01"
1001577,"bruckea02"
1010633,"radcljo01"
1007293,"landgr01"
19222,"bachala01"
15288,"cimbead01"
16350,"borucry01"
1001498,"brownbr01"
1004310,"frazilo01"
1013708,"webbea01"
887,"mcewijo01"
1000731,"beattji01"
1012514,"stewaac01"
1008713,"medeira01"
1008195,"martiro01"
45,"barajro01"
1001728,"burripa01"
8219,"bartlja01"
1013529,"walkemy01"
1009127,"mooresc01"
1002234,"cicerjo01"
1008621,"mcleaal01"
1001278,"boydja01"
13774,"eflinza01"
1013677,"watsobo01"
1004504,"garcilu01"
1008061,"manloch01"
1000128,"alexape01"
1000044,"adamsbo02"
1000620,"barryto01"
1011668,"scofflo01"
1010373,"pitlosk01"
1010955,"rigdopa01"
731,"hunteto01"
1000404,"baderar01"
301,"priorma01"
1001009,"blackda01"
1008363,"mccanja01"
1004690,"gilbeja01"
5497,"gonzama01"
3993,"webstal01"
1001771,"butlebi02"
1006447,"johnsdo02"
1012365,"sproubo01"
1005385,"harrebi01"
7448,"gonzagi01"
7831,"jakubch01"
3274,"ashlene01"
1003834,"esserma01"
1013121,"toporsp01"
1000776,"beggsjo01"
1010679,"ramosjo01"
1001207,"borosst01"
1003557,"duncave01"
1002530,"connojo02"
16263,"travisa01"
1004231,"formabi01"
1009634,"normane01"
1011594,"schnefr01"
1207,"freelry01"
1003939,"farrasi01"
1138,"witasja01"
1014010,"willijo02"
867,"burnije01"
1013388,"veachbo01"
1010085,"pavlada01"
211,"venabwi01"
1000123,"alexaga01"
1002000,"carrodo01"
1001312,"bradlma01"
1010347,"pikeli01"
1004641,"gervale01"
4036,"garatvi01"
1008108,"marioma01"
1003537,"duganjo01"
5254,"grossro01"
1010560,"pughti01"
1006625,"jorgesp01"
185,"damonjo01"
15293,"hathast01"
1006674,"kaiseje01"
1007770,"loughla01"
1541,"widgech01"
1000703,"beallbo01"
3726,"moraljo02"
161,"ponsosi01"
1000405,"baderlo01"
1006924,"kingch01"
784,"martisa01"
1005684,"herbera01"
13475,"norrida01"
5705,"linceti01"
1013046,"thronfa01"
1013416,"vernomi01"
23592,"degeubr01"
1011715,"seech01"
1006987,"klausbo01"
21461,"sandsco01"
1009261,"mottbi01"
1000162,"alliega01"
12675,"kleinph01"
1007282,"lamotbo01"
16452,"wothema01"
1005196,"hagemca01"
1000669,"battala01"
13190,"weemsjo01"
1007649,"lirafe01"
1599,"diggibe01"
1006432,"johnsbr01"
10838,"stanlco01"
1011165,"romanjo01"
182,"clarkto02"
1013071,"timmeto01"
1011877,"sherlvi01"
1002983,"darbyge01"
737,"kinnema01"
1013585,"walteda01"
1004923,"grahabe01"
1002785,"crolifr01"
1000304,"armasma01"
5485,"pireljo01"
1006301,"jacksjo01"
1008395,"mcclepa01"
1005805,"hildepa01"
1002302,"clarkph01"
16442,"ohearry01"
14165,"whalero01"
1014130,"wingfte01"
9154,"verdury01"
19545,"nogosst01"
1005700,"hernaen01"
9767,"jonesja06"
1007388,"lavando01"
1013104,"tolmati01"
2668,"cavazan01"
47,"bautida01"
1001217,"bossha01"
1003586,"durenry01"
1006388,"jenkife01"
16731,"lewicar01"
1014126,"winero01"
1003468,"doylepa01"
4578,"hernape02"
1005274,"hamilja01"
1217,"kennejo04"
561,"hidalri01"
1006729,"kearnte01"
3536,"whiteel03"
1000424,"baileha01"
1011231,"rossge01"
1010450,"porteda02"
1010206,"perripo01"
1002682,"covelst01"
95,"holmeda01"
1001852,"calmudi01"
1000040,"adamsac01"
1006148,"huggimi01"
1008666,"mcneeea01"
1003177,"dellwh01"
1007159,"kressch01"
1009754,"ohljo01"
1001032,"blairwa01"
1012113,"smithch05"
1000896,"berrada01"
1122,"nathajo01"
16269,"meansjo01"
1002676,"courtcl01"
1003691,"edwarmi01"
1956,"whitema02"
20227,"walshja02"
4448,"crabbca01"
15491,"crawfjp01"
1811,"redmapr01"
1011451,"sarnibi01"
9433,"garnedu01"
1005899,"hoffebi01"
1002315,"clarkwa02"
1001807,"cabrefr01"
1001499,"brownbu01"
1003337,"doanewa01"
1006051,"houkra01"
1002746,"crawfpa01"
7307,"mooreje02"
1004945,"grangwa01"
16252,"turnetr01"
1008035,"malonch01"
3886,"floydga01"
1003252,"devogre01"
25980,"lugoma01"
1001959,"carlsda01"
1008586,"mckeere01"
541,"tavarju01"
1004577,"gautrdo01"
291,"mahompa01"
1006989,"klawito01"
8948,"rodrian01"
1006375,"jeanete01"
1005675,"henryjo02"
1006020,"hoppeji01"
1012181,"smithmi03"
1006662,"kaforja01"
1010693,"randlle01"
1007078,"koeniwi01"
8600,"mcgowdu01"
1011783,"shaffor01"
1013343,"vancejo01"
1007853,"lutzre01"
1013859,"whitech02"
1004029,"fieldjo01"
1001790,"byersbi01"
217,"varitja01"
1013886,"whitema01"
14503,"nunezre01"
1013325,"valenco01"
8846,"leonar02"
1007216,"kurtzha01"
1005304,"hanebha01"
381,"dunwoto01"
1011022,"roberbe01"
1008537,"mcgovar01"
1011885,"sherrti01"
1008286,"maxwebe01"
20080,"llovema01"
1005114,"gubancr01"
12638,"karnsna01"
1001219,"bostoda01"
1637,"obermwe01"
1009449,"naragha01"
1012749,"swababi01"
1001306,"bradlfr01"
22200,"rolisry01"
1002461,"colliph01"
1004686,"gilbebi02"
1010649,"rafteto01"
1010913,"richaj.01"
1007234,"lachema01"
394,"maureda01"
564,"linebsc01"
1012410,"stanlbu01"
1011946,"sickied01"
1001701,"burnsbi01"
1011215,"rosenst01"
2045,"hughetr01"
21446,"feltnry01"
1008038,"malonfe01"
1577,"smythst01"
1006582,"jonesra01"
295,"muellbi02"
1013735,"weilabo01"
1002016,"carteho01"
1014000,"willigu01"
1004443,"galehde01"
1002174,"cheevvi01"
1005110,"grysksi01"
14391,"mendeyo01"
1010936,"rickedi01"
1000388,"aylwadi01"
5830,"marinjh01"
1005489,"hatfifr01"
1001503,"brownch02"
23985,"basabos01"
1009491,"neillmi01"
282,"gordoto01"
1013699,"weaveji01"
24488,"schuema01"
1824,"quinthu01"
1008788,"merrihe01"
1002942,"daleybu01"
1001127,"bohenpa01"
1010883,"rhodech01"
1007171,"krollga01"
1013736,"weilaed01"
1013140,"tothpa01"
1008472,"mcdousa01"
1002317,"clarkwi01"
1011871,"sherine01"
1014463,"zupcibo01"
1013652,"washbra01"
1002508,"conlesn01"
4616,"martiru01"
14765,"uriasju01"
1009673,"oanapr01"
1011638,"schuljo01"
1005908,"hoffmiz01"
1005170,"haasda01"
1001690,"burkepa01"
1007925,"mackqu01"
1005632,"hendeha01"
17606,"javiecr01"
1008477,"mcelrch01"
1001080,"bloggwe01"
1002411,"coleal01"
1002874,"cummijo01"
14379,"smithja06"
2387,"harpebr02"
1000333,"asbelji01"
19250,"giambtr01"
1001516,"brownfr01"
2914,"sadlera01"
7993,"morened01"
15514,"graveke01"
1000981,"birkbmi01"
1007018,"klumpel01"
807,"yoshima01"
1010477,"poulske01"
1011996,"simpsjo01"
1008650,"mcmulke01"
6402,"morelbr01"
1001248,"bowenry01"
1007128,"kowitbr01"
1012208,"smithsy01"
21924,"morilju02"
1892,"mabeuch01"
1014087,"wilsoja01"
1011892,"shielst01"
1014402,"zabelzi01"
7002,"middlwi01"
1012132,"smithed04"
1011194,"rosarbu01"
1009641,"northji01"
1004994,"greenga01"
1004644,"getteal01"
1388,"nortogr01"
1003079,"davisst01"
1008646,"mcmulfr01"
567,"mathet.01"
1011341,"ryanji01"
1001224,"botelde01"
1448,"gardnle01"
797,"stewasc01"
1004827,"gomezru01"
1009262,"mottocu01"
13419,"walkech02"
1013257,"tyronwa01"
1012368,"spurgfr01"
10044,"tollias01"
5371,"perezju02"
1002787,"cromed.01"
1004024,"fiebecl01"
1000615,"barryha01"
1004543,"garread01"
1012530,"stewatu01"
1010781,"regalru01"
1004212,"forbep.01"
1004390,"fullecu01"
1013493,"waitked01"
1008389,"mcclajo01"
1004423,"gaffbr01"
1013445,"vogelot01"
1012779,"sweenpe01"
13674,"garcion01"
1526,"watsoma03"
22253,"reynose01"
17027,"verdual01"
1004146,"flemile01"
1014051,"willsfr01"
1004256,"fostere01"
1001527,"brownji02"
1009133,"moorhbo01"
1010411,"poffjo01"
1013821,"weyhijo01"
12905,"verrelo01"
1013363,"vanslan01"
1011954,"siegejo01"
1735,"walrole01"
1005051,"griffsa01"
3876,"livinbo01"
2390,"stpiema01"
4078,"perezra01"
1013475,"wadswja01"
1007210,"kunkebi01"
1014383,"youngjo02"
1009333,"munsore01"
1003128,"deckema01"
8180,"siegrke01"
1003090,"dawlebi01"
1249,"evereca01"
1004283,"foxpe01"
873,"estessh01"
1009393,"murrama01"
892,"phillja04"
1011932,"shortda01"
1011133,"rogerji01"
14857,"mantijo01"
21092,"duronni01"
1003216,"depanmi01"
2576,"hernayo01"
1005120,"guerrpe01"
1009523,"neumeda01"
4100,"matosos01"
3870,"pettich01"
1006140,"hudsore01"
83,"braggda01"
1003665,"edeleed01"
1001462,"brododi01"
1007204,"kuhnke01"
885,"mainesc01"
27624,"penniwa01"
1013101,"tolenjo01"
1002092,"cavanjo01"
5631,"kempma01"
1008119,"marqugo01"
19710,"dawsoro01"
1012760,"swansev01"
581,"zinteal01"
1682,"morbajo01"
10218,"northaa01"
1009490,"neighcy01"
13277,"rickajo01"
1008782,"meridro01"
1737,"morneju01"
1002835,"crumpro01"
1014371,"youngde01"
1001367,"bravoan01"
1005540,"hazlebo01"
19358,"wilsowe01"
1004828,"gondeje01"
18399,"mccarjo04"
22304,"hanifbr01"
3941,"hinshal01"
1008207,"martzra01"
554,"cruzne01"
1005106,"grubehe01"
1012654,"sturdto01"
12264,"murraco02"
1010805,"reilljo03"
1007071,"koechdi01"
1012516,"stewabi01"
1011148,"rohrle01"
12277,"campole01"
25957,"simpsjo02"
1003863,"evansch01"
11381,"maggidr01"
1010019,"parreje01"
1006862,"kerinjo01"
9048,"carreez01"
1005160,"guzmajo01"
1006040,"hoseyst01"
1010990,"rittech01"
862,"astacpe01"
1007761,"lordha01"
11266,"bonilli01"
1006958,"kippeth01"
1013118,"tonneto01"
1010365,"pippwa01"
1013132,"torrehe01"
1002991,"darraja01"
1013657,"washila01"
1002908,"cushmed01"
1002367,"clydeda01"
13761,"stratch01"
1003544,"dukesja01"
1000364,"augusdo01"
23695,"pereiev01"
1003331,"dixonke01"
1006934,"kingle01"
1000258,"andremi01"
1002725,"cramebi01"
1011765,"sewarge01"
1002306,"clarkro02"
3894,"linkjo01"
1009184,"morgato01"
23793,"ashcrbr01"
1009068,"monteri01"
1384,"stairma01"
1001386,"brenlbo01"
1005041,"grifffr01"
3912,"fontemi01"
1010791,"reichri01"
25434,"wilsowi03"
1002918,"czajkji01"
1005225,"halesa01"
1011577,"schmibu01"
18433,"higgipj01"
14548,"valenje01"
1010754,"redmogl01"
1872,"freemch01"
1006744,"keegabo01"
12861,"rendoan01"
1003517,"dubiemo01"
1001463,"brogler01"
1004990,"greenda03"
1001691,"burkest01"
1002989,"darliro01"
2155,"simonal01"
1003721,"eland01"
1012946,"thayegr01"
1010396,"plittno01"
17736,"martiri01"
1002035,"caseybo01"
1007446,"leebi01"
1000017,"abercda01"
1002281,"clarkge01"
238,"hummeti01"
491,"redmama01"
17505,"guzmajo04"
1008162,"martido01"
1005392,"harrian01"
1006714,"katzbo01"
25005,"deanju01"
1007161,"kretllo01"
1001997,"carrocl02"
1011645,"schulwe01"
1009178,"morgajo01"
1003419,"dorseje02"
1010379,"pittsji01"
1007694,"lockmwh01"
1003406,"doranbi02"
1001272,"bowsere01"
1012287,"sothede01"
1012723,"sundabi01"
1010528,"priceji01"
1006331,"jacqupa01"
1796,"dominju01"
1007872,"lynnfr01"
1009160,"morelha01"
1001874,"campbbi02"
2920,"bajenje01"
22113,"winnco01"
1010790,"reichhe01"
1000104,"albergu01"
1013974,"willibe01"
1004373,"froelbe01"
1007058,"knowlda01"
1009172,"morgabo01"
1013053,"thurssl01"
1005589,"heilech01"
1008290,"maybu01"
1009275,"mroziro01"
1006959,"kippfr01"
1000641,"bassdi01"
3787,"wrighda03"
469,"higgibo02"
1014089,"wilsoji02"
8436,"pricebr10"
1004520,"gardnbi02"
1007339,"lapoira01"
1002394,"cogandi01"
1427,"rodrihe02"
1003505,"driscji01"
1000491,"ballar01"
15627,"overtdi01"
11489,"taylomi02"
1010225,"peterch01"
1003112,"deanwa01"
5219,"ramirwi01"
1004418,"gabrile01"
1007261,"lakefr01"
1528,"hernaru03"
1013080,"tiptoer01"
1008551,"mcgui01"
1004357,"frienfr01"
11905,"calixor01"
1000024,"abnersh01"
1007270,"lamanra01"
16631,"brighje01"
1011625,"schulba01"
1001926,"capildo01"
1014064,"wilsobi03"
1001065,"blaylga01"
1012242,"snydech01"
1010937,"rickejo01"
1005979,"holmeji01"
1012019,"sisleda01"
1009094,"moorebo01"
3895,"burgoen02"
1004069,"fischje01"
2966,"sanched01"
1011967,"silbeed01"
933,"myersgr01"
667,"oroscje01"
1014342,"yettri01"
1004553,"garriwe01"
16258,"bummeaa01"
1011067,"robinha01"
1003620,"dylerjo01"
14103,"ruizri01"
356,"stinnke01"
10289,"sanchhe01"
1014145,"wintege01"
1005380,"harpeja01"
1006672,"kaisedo01"
1009841,"o'roujo02"
1013520,"walkegr01"
22100,"soriajo02"
1003017,"davenji01"
1000875,"bergewa01"
1001869,"campaco01"
1007273,"lambecl01"
1001460,"brodema01"
17273,"mateojo01"
4140,"mijarjo01"
1004711,"gilled01"
1780,"corcoro01"
2802,"cruzto03"
1005794,"highadi01"
2514,"britoeu01"
6306,"abreuju01"
1002605,"coppohe01"
1012,"wellski01"
1003424,"dotsori01"
1009867,"osborbo02"
1013905,"whitmfr01"
8810,"tekotbl01"
1001953,"carlete01"
2692,"chambjo03"
1007337,"lapihan01"
15608,"astudwi01"
6748,"tartatr01"
1007790,"lowenjo01"
1007733,"longji01"
9129,"hansoto01"
1007976,"maguifr01"
1011726,"segurjo01"
1001827,"caldwbr01"
1006361,"janvrha01"
1013591,"waltobr01"
9009,"gillaco01"
1005791,"higgike01"
1522,"smithtr01"
1002368,"clydeto01"
1001532,"brownjo04"
1003712,"eichhma01"
1007880,"lyonsde01"
1008198,"martist01"
1010886,"rhodeka01"
1005077,"grodzjo01"
1010117,"pecotbi01"
1003033,"davisal01"
1001587,"brummgl01"
1005763,"hiattph01"
1012099,"smithbo01"
1000944,"biasaha01"
1012392,"stalltr01"
1012263,"soffra01"
28080,"dominja01"
1000886,"bernacu01"
7725,"holmbda01"
1002634,"cornere01"
6341,"jimenlu02"
9862,"devinjo01"
1002533,"connojo05"
1004447,"gallabo01"
1007571,"levyed01"
9489,"irwinph01"
1014359,"yostne01"
7782,"kuwatma01"
1004151,"fletcfr01"
1013149,"tozerbi01"
1009759,"olandji01"
1009186,"morhamo01"
1006694,"kantler01"
1010642,"radloro01"
1012787,"swiftbi01"
4185,"dolisra01"
1000403,"baczefr01"
10059,"stassma01"
6050,"sierrmo01"
1000061,"adamsri01"
18067,"stubbga01"
19950,"gimenan01"
1000480,"baldwhe01"
1010822,"reitzhe01"
2129,"pauliro01"
10473,"cuthbch01"
16256,"freelky01"
1012354,"spragch01"
1009106,"moorefe01"
1003064,"daviski01"
1012100,"smithbo02"
1002593,"coopecl01"
1007022,"kluttmi01"
1004010,"ferrewe01"
22051,"kingjo01"
1008189,"martipe01"
1002701,"coxgl01"
1004264,"fournja01"
23252,"howarsp01"
1004341,"frencwa01"
1013300,"uribejo01"
1000760,"becquju01"
10054,"whiteal01"
1003453,"downske01"
1009323,"munnho01"
1007372,"lathabi01"
1004830,"gonzade01"
1010561,"puhljo01"
1011352,"ryderto01"
4903,"dominma01"
1009971,"palmeed01"
2613,"laraju01"
1013929,"wieslbo01"
1008461,"mcdonji01"
1008985,"minshji01"
1013727,"wegmabi01"
2521,"cantujo01"
1013072,"timmooz01"
1011431,"sanfoja01"
23293,"heuerco01"
670,"roberda07"
1009611,"noblera01"
1006443,"johnsda05"
1010652,"raglato01"
1007313,"langch01"
1001096,"blumaja01"
1006968,"kirklwi01"
1453,"jamesmi01"
284,"hundlto01"
8347,"spande01"
13560,"asheral01"
8577,"zavadcl01"
1003421,"doschhe01"
961,"mesajo01"
1009157,"morehra01"
14932,"livelbe01"
1009229,"mortobu01"
22186,"turanbr02"
1005863,"hittlll01"
1005270,"hamilbi01"
1011396,"samplbi01"
1011474,"savramo01"
1008393,"mccleje01"
1006535,"jonesch01"
1003634,"easlelo01"
1011438,"santaf.01"
1005551,"hearnbu01"
1005275,"hamilje01"
1000264,"andrufr01"
23310,"jonesda07"
26410,"manoaal01"
1008649,"mcmuljo01"
1006102,"howelre01"
1003391,"donohto01"
1013223,"turgepe01"
1003513,"druhoca01"
1264,"ortizhe01"
1014113,"wilsowi02"
1007082,"kohlmry01"
125,"bauerri01"
1011033,"roberdi01"
1011678,"scotted01"
7652,"baronda01"
1012710,"sulliru01"
1013559,"wallide01"
10307,"mendero01"
19896,"wongco01"
1012559,"stonear01"
1005156,"gutieja01"
1012647,"stuffpa01"
1010116,"peckiro01"
1005245,"hallge01"
1011827,"shayda01"
1007015,"kloppst01"
842,"pulsibi01"
1009191,"morlajo01"
1006627,"josepdu01"
3292,"noesihe01"
1438,"collilo01"
1008729,"meierda01"
1003274,"dickege02"
1003394,"donovbi02"
1010655,"rainejo01"
1014340,"yerkest01"
1001741,"burwedi01"
1013398,"velazfr01"
1000735,"beazljo01"
1010917,"richano01"
21386,"papiemi01"
1012340,"spiezed01"
17792,"weigepa01"
2579,"ruizca01"
1007092,"kommibr01"
1005157,"guttedo01"
15816,"willide03"
29823,"bushky01"
1005423,"harrilu01"
15290,"pruitau01"
1001832,"caldwra02"
1008815,"metzle01"
1000329,"arroyru01"
1006939,"kingmda01"
1007160,"kressre01"
1004542,"garonwi01"
84,"castivi02"
1861,"betemwi01"
1841,"jacksed01"
23772,"abreuwi02"
1010275,"phelpba01"
1012130,"smithed02"
280,"girarjo01"
1009729,"o'donge01"
1012682,"sullibi02"
1004858,"goodmja01"
1001608,"bryanro01"
1001225,"bottajo01"
1003457,"doyleca01"
19634,"krugeja01"
31883,"taylotr01"
1009768,"olinst01"
1004346,"friaspe01"
1000508,"banisje01"
1004298,"frankhe01"
9856,"snydebr03"
1001664,"burdoja01"
1002967,"daniebe01"
1009647,"nortoto01"
1012168,"smithju01"
10816,"gyorkje01"
1009100,"moorecy01"
1001734,"burrudi01"
1008513,"mcgeewi01"
1001076,"blissja01"
1004511,"garcira03"
1010111,"pearsmo01"
1734,"nakammi01"
1013402,"ventuvi01"
1013227,"turneea01"
1012224,"smythha01"
1003107,"deando01"
1002265,"clarkbi02"
7462,"plouftr01"
23425,"solomja01"
9244,"carpeda02"
1007634,"linesdi01"
1013158,"trautfr01"
27792,"stonega01"
714,"vizcalu01"
1010631,"radboch01"
1011471,"saverbo01"
1006938,"kingmbr01"
1008645,"mcmilto02"
4623,"vittejo01"
1013153,"traffbi01"
1013631,"warnefr01"
1000208,"amblewa01"
57,"guilljo01"
1007910,"machech01"
1000487,"baldwri01"
1444,"encarma01"
1003451,"downibr01"
1014384,"youngki01"
9774,"vazquch01"
1012084,"smilejo01"
1006600,"jonestr01"
1006713,"kattra01"
1011230,"rossga01"
1004371,"frobedo01"
1006410,"jimenge01"
1001331,"bragabo01"
6,"burkeja02"
20047,"millebr03"
3588,"lewisro01"
1003532,"duffyfr01"
1013434,"vintobi01"
1001596,"brunswi01"
1012814,"talcoro01"
1005910,"hoffmjo01"
1011616,"schripo01"
1013452,"vonhobr01"
1003026,"davidcl02"
1002421,"colemed01"
1003932,"farleto01"
1001949,"careyto02"
1011353,"ryege01"
1012078,"smallro02"
1010725,"rayir01"
1008829,"meyerjo01"
1006899,"kilgupa01"
8250,"davisbr03"
1000020,"abernte02"
1005403,"harribu02"
1009488,"neigeal01"
1007667,"littlsc01"
1012068,"sloatle01"
1008977,"minetcr01"
1011411,"sandbry01"
1009879,"osteeda01"
1001051,"blankla01"
1005815,"hilleho01"
1010197,"perlmjo01"
1010801,"reilldu01"
1006424,"johnsbi01"
1009454,"narrosa01"
1589,"banksbr01"
17355,"santaed01"
11241,"freemmi01"
1009751,"o'harbi01"
1000910,"berryse01"
25817,"shewmbr01"
1007912,"mackape01"
1011250,"rowanja01"
4593,"henslcl01"
1708,"perezan01"
16610,"feyerjo01"
1005890,"hodkeel01"
1014347,"yingljo01"
1008054,"mangaji01"
9419,"rosscza01"
12957,"selskst01"
1002087,"catteto01"
1006483,"johnsll01"
1012621,"strinlo01"
1011627,"schulbu01"
1013778,"wenslbu01"
9823,"kilbybr01"
1010410,"poffebo01"
5257,"fontwi01"
1011040,"roberle01"
1003081,"davisst03"
1013073,"tincube01"
1008224,"massebi01"
1003296,"dilauja01"
9373,"mcbrima02"
1012934,"terwiwa01"
7355,"janssca01"
1014467,"zwilldu01"
1009845,"o'routi01"
1008171,"martija01"
13058,"guduare01"
1013738,"weimeja01"
21797,"chapaan01"
1001382,"breital01"
1009131,"moorewh01"
1001086,"blossgr01"
1005181,"hackewa01"
1871,"bartocl01"
13442,"morinmi01"
1008639,"mcmatji01"
10882,"hoyinja01"
20061,"ortka01"
1000309,"armbror01"
12166,"goforda01"
1013380,"vaughde01"
3255,"gutiefr01"
1012589,"stoweha01"
1013686,"watwojo01"
25807,"triolja01"
10314,"ramirer02"
14823,"appelma01"
1000008,"abbotda01"
1006914,"kimbeha01"
1002549,"conveji01"
11776,"sanchan03"
1012805,"taberle01"
1006611,"jordami01"
1012185,"smithol01"
1011265,"royem01"
1005445,"hartgde01"
1012624,"stritma01"
1007478,"lefloro01"
1008460,"mcdonja02"
869,"cedenro01"
1003247,"devivbe01"
1002915,"cuylemi01"
1011269,"royno01"
1001693,"burkhke01"
1005119,"guerrmi01"
1013165,"traynpi01"
1012345,"spinksc01"
1001001,"bittmre01"
1012519,"stewada01"
1002837,"cruthpr01"
1007697,"lodigda01"
1013942,"wileyma01"
30115,"suarero01"
18136,"tomka01"
105,"marquja01"
25551,"campbis01"
3355,"meloajo01"
1013705,"weavesa01"
22187,"millery01"
1003696,"eenhoro01"
1762,"pridecu01"
1013224,"turklu01"
6027,"marimsu01"
1001592,"bruneju01"
1001747,"busched01"
1011028,"roberda02"
1006238,"hutchfr01"
1006175,"hulihha01"
1008483,"mcevolo01"
14099,"vargace01"
7262,"doyneco01"
1009112,"mooreja01"
1004845,"gonzato01"
1003714,"eilanda01"
1003810,"erickpa01"
1014150,"wisear01"
1945,"hartco01"
1001779,"butlejo02"
1007344,"larki01"
1010929,"richmra01"
1010975,"riosda01"
1001956,"carliwa01"
1002745,"crawfla01"
1005954,"hollega01"
981,"benjami01"
1006920,"kimsech01"
2078,"eyrewi01"
14605,"hoytja01"
1450,"greento02"
1318,"phelpjo01"
1006604,"joosted01"
1000952,"biemiha01"
1002822,"crowdo01"
3681,"shellst01"
1007881,"lyonsed01"
1011498,"scarcma01"
1009952,"pagelka01"
17418,"paulida01"
1010022,"parrisa01"
20437,"lewisro02"
15792,"kaminro01"
1008223,"massago01"
1661,"anderja01"
186,"daubabr01"
250,"parquji01"
1010101,"pearcdu01"
1006266,"innisje01"
25976,"greenri03"
1009649,"nosekra01"
1003661,"eckhaox01"
1006965,"kirchmi01"
1009840,"o'roujo01"
27910,"kitchau01"
1006575,"jonesma02"
1012265,"solaito01"
1004483,"gantnji01"
26224,"hernada04"
1000156,"allenpe01"
1006818,"kellyva01"
3640,"nelsojo02"
1002729,"crandde01"
1010422,"polleda01"
1001362,"brashro01"
1001705,"burnsdi01"
11387,"achteaj01"
1003038,"davisbr02"
1004097,"fishesh01"
1008613,"mclauji02"
1010120,"pedrejo01"
30250,"hillja01"
1006165,"hugheto03"
28253,"sanojja01"
1006734,"keatich01"
15535,"odomjo01"
30226,"bivensp01"
20056,"trejoal01"
21087,"evansde01"
12495,"rivertj01"
1001892,"campbso01"
1013987,"willida06"
3731,"leagubr01"
1001663,"burdibi01"
1001300,"bradfla01"
1012535,"stilero01"
1013230,"turneke01"
4279,"parrama01"
1013655,"washige01"
1007288,"lancega01"
1765,"terrelu01"
1011692,"scottpe01"
1003170,"delgaal01"
472,"jacksry01"
1013846,"whitalo01"
1001098,"blylebe01"
1011940,"shubage01"
1004119,"fitzmal01"
6655,"kimbrcr01"
1002162,"chartpe01"
1000907,"berryjo03"
971,"rolliji01"
1003744,"ellioro01"
1012129,"smithed01"
1012954,"thielhe01"
1002545,"consobi01"
1003352,"dodgesa01"
1009060,"montajo01"
1008894,"milleel01"
1009027,"moffira01"
1003523,"dudrajo01"
2134,"loewead01"
1014172,"wittge01"
24930,"roberet01"
2083,"tonismi01"
1010271,"phebubi01"
11457,"solissa01"
1004617,"georgal01"
254,"rowanaa01"
1011182,"roofph01"
1004886,"gormato02"
1007771,"loundo01"
1006170,"huhnem01"
12863,"barnema01"
1007993,"mahonda02"
1004288,"frailke01"
1002110,"chadbch01"
3064,"slamaan01"
3475,"mcbrima01"
1007715,"lollati01"
1002931,"dailevi01"
1008258,"matthwi01"
1004463,"galloch01"
1001688,"burkele02"
11432,"schugaj01"
1004344,"freyst01"
1013893,"whitese01"
1006981,"kitsofr01"
1005563,"heathmi01"
2851,"brighja01"
4865,"petribi01"
1002778,"cristle01"
1013345,"vancuch01"
1003988,"ferguch02"
1009757,"okriefr01"
1006739,"keefebo01"
1000755,"beckmbi01"
25999,"mesavi01"
25756,"brashma01"
1005729,"herrile01"
22766,"berrost01"
3006,"jonesmi03"
17508,"huangwe01"
1013906,"whitnar01"
1003728,"ellerfr01"
1013012,"thompha02"
29812,"gassero01"
1001505,"browncu01"
1005337,"happejo01"
1001919,"canseoz01"
21842,"corteca01"
1003068,"davisma02"
1008250,"mattec.01"
12164,"sanomi01"
15979,"bostiak01"
1414,"nichtch01"
1000243,"andersp01"
1004479,"gannobi01"
1007088,"kolpra01"
1886,"burnese01"
1015,"wilsocr03"
1001873,"campbbi01"
1002201,"chlupbo01"
1001061,"blattbu01"
1001935,"carbobe01"
1005360,"hargrch01"
1008675,"mcphebi01"
1010636,"raderda01"
1013062,"tiernmi01"
1013287,"upchuwo01"
6052,"snydebr02"
694,"leskacu01"
1005739,"hershfr01"
29931,"youngja03"
1012443,"st.clra01"
1478,"doubrfe01"
2540,"surkaer01"
1009344,"murph01"
1000095,"akejo01"
18332,"hanhoer01"
1013598,"wanneja01"
1003766,"emeryca01"
578,"wagnebi02"
110,"ramirho01"
1007100,"koober01"
1009385,"murraed01"
7707,"cartech01"
1013501,"walberu01"
1008427,"mccraro01"
1014412,"zakfr01"
1009096,"moorebr01"
1004573,"gatewau01"
1000278,"aparilu01"
1012280,"sorrebi01"
1011181,"roofge01"
1012717,"summaho01"
1011294,"ruffibr01"
1011036,"roberje01"
1004382,"fuchsch01"
1011976,"simaal01"
1011058,"robincr01"
1011276,"ruberso01"
14524,"leclejo01"
1008425,"mccoybe01"
1005665,"henrybi01"
1006842,"kennejo01"
141,"gibboja01"
1000934,"betzebr01"
1006579,"jonesod01"
1005127,"guinebe01"
4949,"stantmi03"
3403,"romerri01"
4705,"slocubr01"
1008159,"martich01"
1007276,"lambjo01"
10558,"webbda01"
1002142,"chapmca01"
1013557,"wallety01"
1008706,"meadolo01"
19254,"fernajo03"
1000676,"battoch01"
1005813,"hilleed01"
19151,"flories01"
1008568,"mcilwst01"
17664,"carroco01"
1000503,"bancrda01"
1014254,"wordsfa01"
1011608,"schoupe01"
2073,"bakerje03"
17922,"diazis01"
1006275,"irvinmo01"
1009048,"monbobi01"
1012295,"sowdebi01"
1000146,"allenja01"
1314,"mondera01"
1009930,"ozmerdo01"
1008430,"mccrefr01"
2362,"willira01"
1726,"valvejo01"
9591,"koberje01"
2575,"tejedro01"
1006788,"kellobi01"
1248,"dranske01"
21496,"lockrbr01"
1013037,"thornan01"
1006976,"kisher01"
1008017,"malerji01"
1008771,"meoliru01"
1004297,"frankfr02"
5462,"lahaibr01"
21318,"megilty01"
1009945,"padgedo01"
1009193,"mormaal01"
1003835,"essiaji01"
1011537,"schegle01"
1005703,"hernaja01"
16953,"trompch01"
1009427,"myersra01"
1009319,"mundybi01"
1004481,"gannojo01"
2047,"rosajo01"
1010139,"pemberu01"
1008597,"mckinal01"
3915,"bulgeja01"
1002404,"colavro01"
1002190,"childsa01"
1012907,"tellmto01"
9632,"jacksbr01"
4346,"cormila01"
25075,"woodswi02"
1013781,"wenzfr01"
1004911,"grabore01"
27597,"bradfco01"
1009627,"nordylo01"
6570,"koehlto01"
14711,"callaja01"
1000488,"balenmi01"
1003029,"davidte01"
1000396,"babicjo01"
1009912,"overymi01"
1007190,"kubiate01"
1006741,"keefege01"
1440,"davanje02"
164,"rileyma01"
1002322,"clasego01"
1004600,"geierph01"
1006603,"jonnacl01"
17022,"sosaed01"
1006283,"isbelfr01"
1004754,"gladmbu01"
1013491,"wahlke01"
1007352,"larkite01"
1001709,"burnsge02"
1006401,"jerzemi01"
1005722,"herrejo02"
2902,"jimenke01"
19615,"barrelu01"
1010531,"prichbo01"
20555,"mccarki01"
1006670,"kaiseal01"
906,"chaveer01"
1007546,"lepinpe01"
2351,"corcoti02"
1012305,"sparkst02"
10231,"iglesjo01"
1010818,"reisla01"
1009451,"narlebi01"
1008059,"maniocl01"
1000734,"beavee.01"
1010607,"quinnjo02"
1000097,"akerja01"
1011495,"scantpa01"
1004094,"fishene01"
1009052,"moneydo01"
1001605,"bryando01"
1001751,"busheja01"
1002747,"crawfpa02"
1000577,"barnhcl01"
1013413,"vergejo01"
1012564,"stonege01"
1007904,"macfada01"
1013361,"vanroma01"
19873,"ellisdr01"
1673,"cruzen01"
1000331,"arundtu01"
1002075,"castlsl01"
1013094,"toddal01"
1001297,"bradedo01"
1010714,"raubto01"
1011826,"shawsa01"
17278,"bradlbo01"
1008791,"merrill01"
1004710,"gillecl01"
1011862,"shemost01"
1004422,"gaettga01"
1005233,"hallbe01"
1006798,"kellyed01"
1003133,"dedriji01"
29869,"mcgremi01"
8479,"weinhro01"
1012978,"thomage01"
1003909,"falchan01"
1001222,"bosweda01"
1001990,"carribi01"
1010295,"phillma01"
1000622,"barteki01"
1011217,"rosepe01"
19953,"lowejo01"
25667,"avilani01"
1004089,"fisheha01"
1003325,"distaal01"
1000034,"acosted01"
5039,"ramirma03"
1000557,"barnach01"
1008044,"malonpa02"
1008953,"millsbu01"
1002211,"chriscu01"
1012228,"snellna01"
10803,"dunnija01"
1005004,"greenke01"
1002750,"crawfwi01"
1012044,"skrmema01"
1012108,"smithca01"
572,"puffebr01"
2900,"perezro02"
1000063,"adamssp01"
1007893,"lyttlji01"
1013327,"valenfe01"
26152,"littlja02"
1003037,"davisbr01"
1011139,"rogerto01"
1005730,"herrito01"
21229,"roberda11"
15458,"rodriri04"
24622,"fitzgry01"
1010258,"peveyma01"
1009704,"o'brito02"
1011487,"scalzjo01"
15232,"reedco01"
1003615,"dyermi01"
2338,"rodrijo03"
1011657,"schwado01"
1010596,"quickha01"
8686,"campijo01"
1012391,"stallge02"
4070,"stroppe01"
19865,"barnech01"
17264,"coonrsa01"
13276,"carasma01"
1007820,"luebkdi01"
1002951,"daltoja01"
1007460,"leema02"
1005151,"guster01"
1013360,"vannoja01"
1003902,"fainfe01"
1006173,"hulenbi01"
1004745,"giovaed01"
1002454,"collihu01"
1000429,"bailero01"
74,"spiveju01"
606,"hincha.01"
1001517,"brownfr02"
1009801,"o'nea01"
1013669,"watkida01"
542,"tejermi01"
29576,"ricebe01"
1000719,"beardol01"
16502,"yarbrry01"
1008501,"mcganda01"
1001937,"cardejo02"
27460,"yamagsh01"
1007180,"krugear01"
22563,"ariasga01"
1007616,"lindebo01"
1003,"redmaju01"
19508,"lewisky01"
1008210,"mashocl01"
1010539,"princwa01"
1014176,"wockejo01"
1001698,"burneja01"
9883,"schafjo02"
1002309,"clarkst01"
7005,"pressry01"
1002305,"clarkro01"
18325,"hearnta01"
1006655,"justiwa01"
1012013,"sipekdi01"
1000975,"birchju01"
1009476,"nealof01"
24816,"pagesan01"
4922,"inciaen01"
4782,"pestavi01"
1239,"burbada01"
1014316,"wysonbi01"
1000574,"barnesa01"
21306,"latzja01"
1724,"fordle01"
1169,"mathemi01"
153,"matthga02"
1010589,"quarlbi01"
19757,"makitka01"
1005900,"hoffest01"
1011292,"ruferru01"
1014299,"wronari01"
1006475,"johnsjo07"
8855,"cookry01"
1014441,"zimmech01"
1007349,"larkipa01"
98,"langery01"
1007466,"leesge01"
1004301,"frankmi01"
1009049,"moncefr01"
1010590,"queenbi01"
1000737,"bechtge01"
1401,"dunstsh01"
1003366,"doljafr01"
6123,"rogerbr01"
1013254,"tyreeea01"
655,"ishiika01"
1013243,"twitcla01"
1005516,"hawksch01"
1000202,"alvorbi01"
1002023,"cartest01"
21327,"padilni01"
1010461,"posadle01"
15172,"anderti01"
1005641,"hendrel01"
1002340,"clemero01"
1005941,"holdebi01"
35108,"smithca07"
31553,"fluhama01"
1001330,"bradyst01"
25804,"wynnera01"
1005031,"greybi01"
406,"shueypa01"
25178,"jacqujo01"
16376,"confomi01"
1011088,"rocheja01"
8185,"wrighst01"
1006892,"kiefema01"
1013329,"valenjo01"
1004311,"fredejo01"
9892,"bruceja01"
1013160,"traveal01"
1005616,"helmsto01"
1005905,"hoffmgl01"
1005206,"haidha01"
1002247,"cissebi01"
1008577,"mckaiar01"
3410,"braunry02"
1007549,"lerchdu01"
1010249,"pettiga01"
3789,"manzeto01"
1039,"jonesbo03"
3630,"russoke01"
3751,"piefe01"
1011952,"siebldw01"
22542,"butlela01"
1013728,"wehdebi01"
1002704,"coxla01"
16873,"stouter01"
1005294,"hancoga01"
7007,"molinya01"
1012960,"thobeto01"
2108,"clossjd01"
1009484,"neherji01"
1000660,"batesja01"
1009025,"moffejo01"
1273,"rockejo01"
1007145,"krausle01"
1003080,"davisst02"
1007150,"krieg01"
1013901,"whitije01"
1011829,"sheafda01"
1013683,"wattal01"
1582,"larocgr01"
1014263,"worthre01"
1006089,"howarst01"
1006358,"jansela01"
1008582,"mckecbi01"
2041,"buckjo01"
946,"adamste01"
1001288,"boylehe01"
1006780,"kellere01"
1005099,"grovele01"
4710,"perryja01"
1877,"brookfr01"
1003164,"delanbi02"
1009031,"moharjo01"
1007275,"lambeot01"
1007787,"lowech01"
1001851,"callijo01"
19600,"delacbr01"
27775,"nicolky01"
8538,"braybi01"
1007060,"knowlto01"
1011242,"rothfr01"
1012151,"smithha04"
19252,"biggica01"
1002054,"cassipe01"
1007971,"magnuji01"
1000977,"birdfr01"
1007873,"lynnje01"
553,"chavera01"
1004807,"goldmjo01"
1008844,"middljo01"
1010978,"ripkeca01"
3209,"borboju01"
1005513,"hawketh01"
27915,"osunaal02"
1001380,"breedma01"
1011800,"shannsp01"
1005668,"henrydo01"
4740,"phillky01"
18848,"pozoyo01"
21690,"cabreed02"
21897,"morelch01"
15982,"jonesry01"
13572,"haleyju01"
6806,"pintojo01"
1001424,"briggbu01"
1002949,"dalrybi01"
1272,"ramosma01"
1003036,"davisbo02"
1010394,"plessra01"
340,"mateoru01"
1008163,"martido02"
1004684,"gilbean01"
1002319,"clarkbi01"
1005284,"hammpe01"
1007354,"larocda01"
1007277,"lambly01"
1007396,"lawrebi01"
3944,"mathido01"
1038,"jimend'01"
1011887,"shetzjo01"
1003719,"eisenji01"
17697,"araujpe01"
1011218,"rosepe02"
1007946,"maddeto01"
1011517,"schalra01"
1005946,"holkewa01"
1000606,"barrji01"
1013607,"wardco02"
18425,"amburtr01"
1000537,"barfije01"
570,"nitkoc.01"
1008752,"meloju01"
1003695,"eellsha01"
23735,"garcilu05"
12179,"francma02"
1007153,"kreitmi01"
1004823,"gomezlu01"
11745,"ruffich01"
1001445,"britojo01"
11760,"smylydr01"
1005485,"hastybo01"
1011863,"shepabe01"
1009018,"mmahake01"
10887,"garnepe01"
1005716,"herndju01"
16300,"tinocje01"
1008653,"mcnabed01"
1011548,"schenbi01"
1003781,"engleda01"
1013431,"vininke01"
1003347,"dockige01"
18376,"overtco01"
1005341,"hardgpa01"
1008851,"mihaljo01"
1010902,"richabi01"
1013882,"whitejo02"
1008336,"mcavowi01"
1001840,"callaed01"
1012569,"stonejo02"
12294,"spangco01"
1003091,"dawsoan01"
1001175,"bonogu01"
1005070,"grimsro01"
1008304,"maymi01"
1003285,"diehler01"
1001996,"carrocl01"
20311,"julksco01"
1005397,"harribi02"
1005435,"harshja01"
604,"harveke01"
5202,"rottivi01"
1000629,"bartlir01"
1001335,"brainda01"
1006209,"huntke01"
1008369,"mccarfr01"
19553,"muzzisi01"
1010891,"riccefr01"
1010318,"pickrcl01"
3708,"davisra01"
1006961,"kirbyji01"
19910,"fabiasa01"
1013733,"weihepo01"
1010240,"petersi01"
1008150,"martial01"
1631,"wiggisc01"
13633,"tuckepr01"
21656,"castrke01"
7169,"matthry01"
1006857,"keougma01"
1005227,"haleyra01"
1000845,"bennejo02"
25477,"colliis01"
1000425,"baileho01"
1012567,"stoneje01"
1013336,"vanalcl01"
1011883,"sherrla01"
1009551,"niarhgu01"
13809,"johnsmi04"
1002343,"clemola01"
1012209,"smithto01"
1013898,"whitffr01"
210,"ramirma02"
1010824,"remenbu01"
1006683,"kammwi01"
1001669,"burgobi01"
20395,"margeni01"
1013288,"uphambi01"
1005569,"heaveda01"
12409,"ruary01"
1010556,"puccige01"
1001981,"carpepa01"
7803,"bleieri01"
1012350,"spongca01"
1846,"watsoma02"
1014093,"wilsole01"
1006124,"hubbske01"
1006451,"johnsed01"
1006174,"huletti01"
1002934,"dailyhu01"
1009379,"murphya01"
5200,"marteke02"
1004275,"foxenbi01"
1009955,"pageph01"
1007676,"livinpa01"
1007652,"lisiri01"
1012161,"smithja04"
982,"bensokr01"
1013644,"warthda01"
1184,"stechge01"
1012474,"steirri01"
1010357,"pinkhed01"
1008139,"marshfr01"
1002375,"cobbge01"
1010355,"pinelba01"
1006597,"jonesti01"
1004643,"gessnch01"
1000860,"benzjo01"
1014226,"woodjo04"
22370,"burgora01"
1006991,"kleinch01"
1005688,"heredwi01"
1000216,"anderal02"
17480,"duartda01"
1009596,"niggejo01"
1010622,"quiseda01"
24494,"woodssi01"
1007979,"mahafar01"
1007653,"lisjo01"
1010785,"reganph01"
1013783,"werbebi01"
1011730,"seitzke01"
1004509,"garcira01"
22823,"perazos02"
1004313,"freeded01"
1012143,"smithge01"
17766,"stewadj01"
1003853,"eunicfr01"
1004255,"fostepo01"
1005742,"hershwi01"
1005082,"groskho01"
1002207,"chozeha01"
1008873,"millebi04"
1005504,"hausmge01"
1000538,"barfijo01"
1000434,"baineha01"
1012923,"terreto01"
1006947,"kinnewa01"
1007266,"lamabja01"
518,"floydcl01"
1008077,"mansejo01"
20209,"muckeza01"
1606,"hancojo01"
1011778,"seymoja01"
1002102,"centepe01"
16058,"crichst01"
167,"roberwi01"
1005484,"hastisc01"
13849,"moscojo01"
20543,"monteel01"
1003180,"deloslu01"
1013635,"warneja03"
1003242,"devermi01"
2363,"erickma01"
1327,"werthja01"
1000195,"alvarjo01"
1007471,"leewa01"
19281,"hernani01"
27464,"dingldi01"
1009695,"o'brijo01"
864,"balejo01"
1000155,"allenni01"
1003476,"drahmbr01"
305,"zambrca01"
8352,"cabreal03"
1012881,"tayloke01"
1014082,"wilsogr01"
1602,"florejo01"
25575,"mccanky01"
12361,"pattosp01"
1002997,"darwije01"
1001356,"branski01"
1011179,"rondehe01"
9258,"beckch01"
5397,"deleojo02"
1007528,"lentiji01"
2518,"stemlst01"
1007335,"lapalpa01"
1009508,"nelsore01"
6461,"hoffmja01"
1001056,"blasido01"
10953,"gosseph01"
1005549,"heardch01"
1007724,"lonboji01"
1236,"yanes01"
1009897,"o'tooji01"
1011923,"shookra01"
1007043,"knighra01"
1012880,"taylojo01"
4684,"francje01"
1009988,"pappajo01"
1006200,"hunteed01"
1009170,"morgabi02"
1012744,"sutthja01"
1014387,"youngpe01"
3806,"wilsomi02"
19243,"benjawe01"
1009711,"o'conda02"
12859,"mccanja02"
1011203,"rosech01"
1008735,"meistge01"
1007072,"koegepe01"
9812,"smithmu01"
16130,"hessda01"
1013297,"urbanja01"
14974,"webbty01"
1011355,"saberbr01"
6238,"morendi01"
1000225,"anderfe01"
1005026,"gregopa01"
1014303,"wyattjo02"
1013580,"walshto01"
1014197,"wolfra01"
1002474,"colsolo01"
1649,"calloro01"
1011417,"sandeke01"
1012591,"strahmi01"
4792,"francje02"
1011501,"scarsst01"
24968,"olsonre01"
1012848,"taussdo01"
1003545,"dukesto01"
1704,"ellisja01"
1002839,"cruzhe01"
1013468,"waddeto01"
8385,"floripe01"
1008684,"mcquigl01"
1001561,"brownst02"
1003643,"eastete01"
1014030,"willipo01"
1013182,"triangu01"
1000069,"adducji01"
1011733,"selleje01"
10065,"hellwjo01"
1005252,"hallji01"
1012203,"smithro02"
1008122,"marqulu01"
1013784,"werdepe01"
4748,"carsoma01"
4307,"richmsc01"
3054,"furmajj01"
1008368,"mccarbi03"
1004032,"fifeda01"
1010748,"reddiph01"
9073,"yateski01"
1005892,"hodsoge01"
20185,"popza01"
1004940,"gramlto01"
1014348,"yochile01"
1002048,"caskied01"
1008870,"millebi01"
1012149,"smithha02"
5044,"takahke01"
4918,"beltren01"
1010112,"peaslma01"
1213,"huffau01"
1009051,"mondari01"
1008900,"milleha02"
1002158,"charled01"
1007834,"lundbja01"
1002484,"comisch01"
1006887,"khalisa01"
14528,"guerrga01"
1008178,"martijo04"
1002831,"cruiswa01"
1006156,"hugheji02"
1008010,"malarbi01"
1002632,"corneje01"
1002405,"colbecr01"
1007403,"lawryot01"
1010496,"powelro01"
1001837,"calihwi01"
1010110,"pearsik01"
1008719,"medwijo01"
1008956,"millsev01"
1012646,"stuelge01"
1010977,"ripkebi01"
1013326,"valenel01"
14140,"rondojo02"
1011209,"rosengo01"
15351,"schwifr01"
20178,"vargami01"
1005305,"haneyfr01"
1127,"rodrife01"
914,"boescbr01"
1001396,"bresnro01"
1010899,"ricepa01"
1003405,"doranbi01"
1006675,"kalahjo01"
1007687,"lockebo01"
1002495,"conceon01"
1006834,"kennebi02"
1011781,"shaff01"
1007645,"liponjo01"
27534,"julieed01"
1004916,"gradyjo01"
7125,"rosaral01"
1004782,"glennjo02"
1007116,"koshocl01"
1712,"ojedami01"
1004240,"fortuti01"
17369,"martibr01"
21029,"duranjh01"
1014135,"winkege01"
8041,"perkigl01"
6941,"soriajo01"
1012039,"skinnjo01"
1010780,"reevebo01"
24617,"duranja01"
4617,"barkese01"
1009796,"olsonte01"
1006161,"hughero01"
1005369,"harlola01"
1003433,"dougljo01"
27702,"headrbr01"
1014047,"willoji01"
1010445,"portebo01"
1011945,"shupevi01"
1006166,"hugheto04"
6968,"phippde01"
1003357,"doherjo01"
1011473,"savidra01"
1013292,"upshace01"
1002639,"correvi01"
1007231,"laboyco01"
18820,"rowlech01"
15906,"thorple01"
1006062,"housepa01"
1009345,"murphbi01"
1009291,"mullato01"
4675,"greenty02"
4806,"hillri01"
1008581,"mckeaed01"
1839,"cerroju01"
24496,"keirsda01"
6432,"staufti01"
1011019,"robbibr01"
1000964,"bilbrji01"
1008151,"martial02"
4544,"smithch08"
1002552,"conwadi01"
1007954,"madisda01"
16839,"leebr01"
1012652,"stupejo01"
1006027,"horneja01"
6073,"ryanbr01"
1007350,"larkist01"
1010863,"reynobo01"
1006560,"joneshe01"
1012445,"stearec01"
1011751,"seradbi01"
1005477,"hassabi01"
1011817,"shawal02"
10329,"fuentre01"
1013092,"tobinpa01"
1012482,"stenhda01"
1005826,"hillje01"
3418,"gabbaka01"
18297,"kinlety01"
1013382,"vaughfr01"
1013477,"wagnebi01"
17350,"deverra01"
7015,"waterch01"
23443,"cosgrto01"
1004929,"grahaja01"
1011026,"robercu01"
1001067,"blaziro01"
224,"borchjo01"
1000439,"bairdo01"
1000758,"beckwjo01"
1005709,"hernape01"
1001512,"brownea01"
473,"kellekr01"
1005934,"hohnhed01"
649,"ellisro02"
1009089,"mooreba01"
8799,"perryry01"
28552,"fernaya01"
13144,"garcefr01"
1003776,"endicbi01"
17186,"lametdi01"
1002145,"chapmfr02"
4398,"exposlu01"
23442,"vazqulu01"
1010967,"rileyji01"
1493,"smithbo06"
1005147,"gunnihy01"
1007379,"lauch01"
1008942,"millibi01"
1013564,"wallst01"
1003877,"eversjo02"
1009782,"olivodi01"
2657,"santoch01"
9414,"berryqu01"
11203,"daytogr01"
4053,"johnsst02"
1012413,"stanljo01"
1009448,"napolda01"
1000915,"berthha01"
26284,"ravejo01"
1000307,"armbred01"
1001085,"bloombu01"
1001723,"burral01"
1009236,"morynwa01"
1004870,"goossgr01"
3393,"riggash01"
1001619,"buckega02"
1005914,"hoffojo01"
4512,"brownje02"
1005790,"higgiir01"
1009462,"natiojo01"
1012611,"streuwa01"
1006832,"kennear01"
1007777,"lovetle01"
1006953,"kinzema01"
11251,"wilkian01"
1011301,"rumlewi01"
1001141,"bolenst01"
1006182,"humphbe01"
1008852,"mikkepe01"
1003746,"ellisbe01"
6938,"campber01"
1013432,"vinsoch01"
359,"walketo04"
1008147,"marshto01"
1005976,"holmedu01"
1002773,"crishpa01"
1002476,"colucbo01"
1008596,"mckeola01"
9513,"mickoka01"
1007943,"maddele01"
1005100,"groveor01"
1000654,"batesbi01"
1014310,"wynnebi01"
1435,"barcelo01"
1001618,"buckega01"
1004902,"goulini01"
1009481,"neemaca01"
1472,"pichahi01"
1009866,"osborbo01"
1313,"milleju01"
1010340,"piersji01"
1002603,"copelma01"
1011326,"ruszkha01"
1010440,"popovpa01"
1004670,"gibsono01"
1006445,"johnsdi01"
1002544,"conrowi01"
1008407,"mcconra01"
1007042,"knighlo01"
1293,"cassisc01"
1011447,"santoro01"
1000694,"bautijo01"
2063,"verasjo01"
1007005,"klinest01"
1014139,"winnihe01"
1004575,"gaudeji01"
5420,"baezpe01"
32026,"sommedr01"
1009578,"niedeto01"
1002801,"crosbke01"
8025,"diamoth01"
1013138,"torveke01"
1007074,"koehlpi01"
1005364,"harkijo01"
1014095,"wilsomi01"
23917,"vivasjo01"
855,"wellsda01"
1003558,"dundoed01"
1001399,"bretoji01"
1008998,"mitchcl01"
11618,"kickhmi01"
298,"ordazlu01"
1003854,"eusebto01"
1002506,"conleed01"
1010814,"reisepe01"
1010870,"reynoha01"
1009311,"mulredo01"
501,"walbema01"
1007410,"lawve01"
1007367,"laskebi01"
1008669,"mcnerje01"
27488,"kauffka01"
1004935,"grahask01"
587,"austije01"
1013107,"tomasan01"
11468,"leeza01"
1012902,"tedroal01"
7532,"lucased01"
1006081,"howarfr02"
1008727,"meersru01"
1008574,"mcintti01"
1002715,"crabtti01"
13046,"wadats01"
16233,"antonte01"
14130,"vogelda01"
1001339,"bramhar01"
1011499,"scarrru01"
312,"brousbe01"
1001023,"bladera01"
1000319,"arnolja01"
1010381,"pitzhe01"
1006756,"keenvi01"
1001043,"blancjo01"
19320,"lucchjo01"
1009846,"o'routo01"
1010126,"peeryre01"
5791,"rondojo01"
1009521,"neubaha01"
20045,"guentse01"
1007122,"kostefr01"
1003012,"davalvi01"
1011336,"ryancy01"
1013264,"uhlaete01"
5273,"leonsa01"
1010102,"pearcfr01"
1000137,"allendi01"
1007845,"lushbi01"
1005603,"heisero01"
1002284,"clarkgr01"
245,"liefeje01"
1012167,"smithjo04"
6562,"cobbal01"
1007178,"krugch01"
1931,"cabreda01"
1002026,"carutbo01"
1000390,"ayraujo01"
1003281,"dicksla01"
1007774,"lovenly01"
1006021,"hoppele01"
1012056,"slattmi01"
1008444,"mcdavra01"
1003013,"davalyo01"
5518,"dillati01"
1002721,"craigge01"
1003237,"dettoto01"
1003490,"drescbi01"
1003449,"downeto01"
1000569,"barnelu01"
5280,"vasques01"
1000704,"bealljo01"
1006538,"jonesch04"
35321,"suganto01"
1000814,"bellke01"
12870,"mckiran01"
1011691,"scottmi03"
4529,"olsensc01"
1008043,"malonpa01"
7667,"sonnaan01"
8504,"belivje01"
1013226,"turnech01"
1007935,"macrasc01"
249,"osunaan01"
1009519,"nettlmo01"
1011538,"scheica01"
1517,"sabeler01"
1014169,"witmero01"
2247,"ramirel02"
1004704,"gilhage01"
993,"kendaja01"
1011915,"shiveiv01"
1009594,"nieveju01"
8529,"rosaca01"
1253,"hartja01"
16192,"fishede01"
1130,"santibe01"
681,"delosva01"
1002728,"cramje01"
1010626,"rabech01"
1012014,"sipinjo01"
1012271,"somered01"
1617,"overbly01"
1001249,"bowensa01"
1823,"martilu01"
1013163,"traxlbr01"
1007506,"lejafr01"
1003912,"falkch01"
1010287,"phillde01"
1004076,"fishebo01"
1838,"chulkvi01"
1004966,"grayda01"
1007343,"larkeno01"
1006709,"karstjo01"
1010919,"richaru01"
1013504,"waldefr01"
1006524,"jonesal02"
31635,"birdsha01"
1011878,"shermda01"
1005780,"hicksjo01"
1002730,"cranddo01"
1005630,"hendeda01"
1013214,"tucketo02"
15676,"abreujo02"
1012385,"staigro01"
3336,"callaal01"
1000904,"berryda01"
1005386,"harrebi02"
1003652,"eavesva01"
1004331,"freibve01"
1003827,"esperdu01"
7529,"frenclu01"
872,"daviska01"
1006993,"kleinlo01"
1014385,"youngma01"
1013488,"wagnema01"
1011211,"rosenla01"
1010825,"remmewi01"
6184,"martijd02"
19667,"reksza01"
1002810,"crossmo01"
19997,"espinsa01"
1010545,"prolymi01"
29668,"mayerma01"
1011141,"roggega01"
7192,"denneky01"
1007962,"magalev01"
3283,"kurodhi01"
1596,"cruziv01"
1004693,"gilbela01"
214,"santoan01"
1001656,"burchal01"
8175,"nelsoch01"
584,"alicelu01"
1004476,"gandich01"
1008809,"metkoca01"
27908,"murdono01"
1002182,"cheveto01"
20510,"larseja01"
1004566,"gastoci01"
1012436,"startjo01"
1006250,"hyndmji01"
25690,"mccragr01"
1008598,"mckinbo01"
1004932,"grahaos01"
1011766,"seweljo01"
1010954,"rigbybr01"
1001099,"blyzkmi01"
13331,"cuevawi01"
1003232,"dessaru01"
16215,"lindgja01"
1012975,"thomafr02"
1002882,"cunnimi01"
1006464,"johnsje01"
1000421,"baileed01"
1002604,"coppiro01"
1001120,"bogarti01"
1010291,"philled03"
1009721,"o'dayha01"
1008849,"mieskma01"
102,"lopezal02"
1012911,"tenacge01"
1001135,"bokinjo01"
1302,"fletcda01"
1011457,"saucike01"
477,"mageewe01"
19384,"brooktr01"
1000980,"birdsda01"
1010055,"pattebo01"
1006434,"johnsch01"
15689,"castilu02"
1003275,"dickele01"
1014189,"wolfeha01"
2430,"barneda01"
18821,"azocajo01"
1013915,"wickake01"
10,"eckstda01"
1004821,"gomezle01"
1010138,"pembebr01"
1013715,"weberha01"
1009072,"montgmo01"
1007413,"layanti01"
1001613,"buchabo01"
7463,"regisst01"
1013405,"veraswi01"
1006455,"johnser03"
1010293,"phillja02"
1003210,"dennyjo01"
1013279,"underfr01"
26477,"horwisp01"
1000575,"barnesk01"
1007823,"lugour01"
1874,"lunahe01"
1006303,"jackske01"
1007951,"maddumi01"
2777,"batesaa01"
1008506,"mcgeami01"
1006966,"kirkbi01"
1008232,"matavi01"
18383,"sorokmi01"
18899,"foxlu01"
1005689,"hermaal01"
1003049,"davisge01"
1011213,"rosenma01"
1008050,"mancufr01"
1006438,"johnsco01"
17639,"lawreju01"
918,"hernara02"
1010140,"penaal01"
20515,"nelsoky01"
1011167,"romanmi01"
1011901,"shinera01"
1006208,"huntjo01"
18719,"ohse01"
1000730,"beattde01"
1000858,"bentosi01"
1010595,"quicked01"
24618,"jeffery01"
19976,"millety01"
20298,"diazjh01"
1001400,"brettge01"
1004214,"fordbi01"
1001589,"brunato01"
2002,"borkoda01"
1304,"heredfe01"
1011044,"roberri01"
194,"henderi01"
1005042,"griffha01"
1005430,"harriro01"
1009985,"papisfr01"
1009860,"ortizjo01"
2010,"carlybu01"
1003549,"dumovni01"
1006711,"kaskoed01"
1004073,"fischwi01"
1005541,"hazledo01"
6262,"fieldth01"
1002464,"colliri02"
100,"ligteke01"
15033,"crockky01"
1010194,"perkida01"
1006860,"kerfech01"
1000154,"allenne01"
1005860,"hitchbi01"
1011931,"shortch02"
1009913,"ovitzer01"
1001415,"brickfr02"
22244,"suwinja01"
1009633,"normale01"
19181,"colliza01"
1005190,"hafeybu01"
1008796,"merulle01"
1003878,"eversto01"
1003820,"escarch01"
18600,"lakintr01"
1010720,"rawlijo01"
1007700,"loftoja01"
4153,"arrieja01"
15655,"ramirye01"
1003328,"ditmaar01"
1004654,"giallbo01"
1012543,"stinele01"
1010215,"perrypa02"
1008455,"mcdonda01"
1002767,"crigelo01"
10294,"nietoad01"
1000387,"ayersdo01"
1013285,"unseral01"
1012484,"stennre01"
1009452,"narlera01"
1004836,"gonzajo02"
1001627,"budd01"
1006963,"kirbyla01"
27496,"caissow01"
1000105,"alberjo01"
11801,"robleha01"
1010486,"powelho01"
1009648,"norwowi01"
15551,"leitema02"
16930,"heimjo01"
1008375,"mccarjo03"
468,"haltesh01"
1004891,"goryljo01"
1001451,"brittji02"
20667,"ogandcr01"
1000286,"aragoan01"
1009651,"nottedo01"
1007353,"larmobo01"
1012074,"smallha01"
20463,"lopezir01"
22276,"colemdy01"
1002448,"collida01"
1007953,"madisar01"
1009255,"mostijo01"
1004625,"gerbecr01"
1001343,"brancra01"
1005459,"hartnpa01"
1010707,"rathfr02"
1005038,"griffcl01"
1003103,"dealsn01"
1009562,"nichofr02"
3735,"lutzza01"
1013188,"trlicri01"
2278,"rosemi01"
1006718,"kaufmto01"
19200,"quijajo01"
1004113,"fitzgmi01"
1008802,"messito01"
1006025,"horlejo01"
1012425,"stapljo01"
11739,"realmjt01"
2608,"chacijh01"
1001027,"blairbi01"
1007248,"lafatjo01"
31665,"freelal01"
1000347,"atherch01"
1005191,"hafeych01"
25311,"munozro01"
1832,"niekrla01"
1092,"nelsoje01"
27962,"amadoad01"
1002995,"darwibo01"
5851,"dantoja01"
2179,"cedenro02"
1009102,"mooredo01"
29633,"hoffman01"
1007346,"larkied01"
1011662,"schweha01"
29487,"dunnbl01"
1010069,"pattepa01"
17233,"ellinbr02"
1009530,"neweljo01"
1001484,"brouhma01"
990,"gilesbr02"
679,"cabrejo01"
1007387,"lavalmi01"
1001704,"burnsde01"
2197,"sizemgr01"
1007658,"littlbr01"
1010629,"raczkmi01"
1009036,"mokanjo01"
13580,"okertst01"
13287,"hahnje01"
1006454,"johnser02"
1003995,"fernach02"
1002056,"castepe01"
6564,"wilsobo02"
1008923,"millera02"
1000220,"anderbu01"
1008296,"mayered02"
1011212,"rosenlo01"
1000210,"amesre01"
1003269,"dibblro01"
726,"fioreto01"
1007376,"latimta01"
1008380,"mccarto02"
7022,"garabed01"
1008739,"mejiami01"
1111,"chrisja01"
12317,"reaco01"
33248,"yohocr01"
1010744,"rebelar01"
1001176,"bonurze01"
1000412,"bagbyji02"
26344,"rashita01"
1002867,"culpbe01"
1008226,"massero01"
1002017,"carteje01"
1011155,"rojekst01"
1009057,"monrola01"
1004239,"fortuga01"
21846,"raganco01"
1008481,"mcelyfr01"
25651,"adcocty01"
1009389,"murraji01"
1011912,"shirlmu01"
13528,"bowmama01"
1003260,"diazal01"
31357,"churcna01"
1011393,"samcoed01"
371,"brownja04"
43,"wootesh01"
1013135,"torrepa01"
1011390,"salveja01"
1007504,"leitndu01"
1007738,"longre01"
1011510,"schafha01"
1003083,"davisto01"
1002803,"crossam01"
1014302,"wyattjo01"
1013265,"uhlbo01"
1011933,"shottbu01"
18721,"heredgu01"
1010221,"peterbi01"
7364,"metcatr01"
1420,"nunezab01"
1006855,"kenwodi01"
1011332,"ryalma01"
1014335,"yeldier01"
1006395,"jennido01"
1010852,"reuscri01"
456,"whiteri01"
3521,"albaljo01"
1013805,"westle01"
6248,"laffeaa01"
1003108,"deaneha01"
1003063,"davisju01"
1012724,"sundbji01"
29571,"tawati01"
1084,"kellyke01"
4662,"mccarbr01"
242,"konerpa01"
1004725,"gillipa01"
1008692,"mcsortr01"
1010878,"rhemfl01"
1003385,"donneji01"
1650,"ayalalu01"
26255,"freemca01"
1013029,"thompto02"
4082,"aybarer01"
1000441,"bakenda01"
1003297,"dillado01"
10130,"leakemi01"
16132,"shafeju01"
11255,"szczuma01"
18361,"eshelto01"
16593,"padloke01"
1000743,"beckegl01"
1007163,"kreutfr01"
317,"desseel01"
1010184,"perezmi01"
1000741,"beckebo01"
1006259,"ingerbo01"
1008179,"martijo05"
1002973,"danieka01"
20302,"peterda01"
1012169,"smithke01"
1013478,"wagnebu01"
1004425,"gagliph01"
1004663,"gibsobo02"
22093,"walkest01"
13361,"matzst01"
1001825,"caldeiv01"
1006809,"kellymi02"
20220,"adelljo01"
1006577,"jonesmi02"
1001943,"careyan01"
1009253,"mossoea01"
1000135,"allenbo03"
9147,"greenta01"
23697,"rodriju01"
1008899,"milleha01"
1003882,"ewingjo01"
14876,"mayja02"
24610,"kwanst01"
1012366,"sprouch01"
1004,"reesepo01"
1003944,"farreja02"
1001796,"byrdsa01"
1010700,"rapppa01"
1009599,"nilesha01"
7456,"marquje01"
23798,"dobnara01"
19780,"quiroes01"
1006813,"kellyre01"
1005694,"hermore01"
1009843,"o'roupa01"
1000205,"amarari01"
1011964,"signewa01"
14467,"camarda01"
11713,"harvema01"
1004392,"fullefr01"
1012364,"sprinst01"
27974,"menacr01"
1011076,"robinro01"
1004666,"gibsode01"
1003598,"durstce01"
1008654,"mcnaier01"
1000564,"barnefr02"
1000482,"baldwki01"
1003660,"eckerde01"
1001137,"bolanbe01"
1003048,"daviser01"
1011323,"russjo01"
1664,"clarkje02"
9810,"doziebr01"
1010660,"rakerja01"
1014127,"winfida01"
1002086,"cattajo01"
1001388,"brennbe01"
1006117,"hrbekke01"
1011260,"rowlach01"
1005634,"hendeke01"
1011984,"simmone01"
14665,"gustaja01"
1004964,"graych01"
1010630,"radatdi01"
1012344,"spindha01"
2746,"carrejo01"
6832,"freemsa01"
1008765,"menhapa01"
1001789,"byerlbu01"
8077,"fifest01"
1513,"perezyo01"
1008812,"metzgro01"
1004599,"gehrmpa01"
11339,"marisja01"
13133,"lawde01"
1007807,"lucasra01"
33252,"karroky01"
1008960,"millsru01"
1004928,"grahada01"
1000653,"batemjo01"
1000680,"bauerlo01"
1000122,"alexado01"
9893,"rasmuco01"
1006949,"kinsebo01"
18171,"brownse01"
1683,"stewajo02"
1011335,"ryanco01"
1006029,"hornsa01"
14375,"garream01"
1002661,"cotteho01"
1013747,"weissjo01"
1011906,"shiplcr01"
20827,"petermi01"
1006821,"keltnke01"
1014018,"willile04"
18030,"baderha01"
1004274,"foxch01"
26599,"clasejo01"
1013860,"whitede01"
1001986,"carrch02"
1009970,"palmeda01"
1006260,"ingersc01"
1010500,"powerjo01"
1319,"plesada01"
126,"bedarer01"
1012106,"smithbr03"
967,"politcl01"
1001243,"bowala01"
1003993,"fernaal01"
1006592,"jonessh02"
1001190,"booth01"
23790,"banfiwi01"
1763,"stanfja01"
10267,"schepta01"
1003372,"donahpa01"
1013745,"weisebu01"
14812,"astinba01"
14361,"blachty01"
1000028,"abreujo01"
4962,"cabreas01"
5679,"brownbr02"
1013187,"triplco01"
1000366,"aukerel01"
5578,"anderdr01"
21618,"bohmal01"
3234,"blacktr01"
1002352,"cliftha01"
1014101,"wilsope01"
1005138,"gullite01"
1006648,"juelire01"
19742,"bendean01"
9174,"kellyca01"
1000843,"benneik01"
7371,"heathde01"
430,"hamptmi01"
27475,"walkejo02"
1003076,"davisru01"
1010833,"renifha01"
7458,"milleji02"
1005236,"hallbo01"
1001013,"blackew01"
1003756,"elmorve01"
438,"littlma01"
1011986,"simmote01"
31347,"netoza01"
1004808,"goldsfr01"
762,"barremi01"
1000992,"bishoji01"
416,"agbaybe01"
1012872,"tayloga01"
1008313,"maysca01"
18873,"burrobe01"
1010167,"pepitjo01"
1006144,"huffmbe01"
3926,"fienca01"
12950,"evansph01"
1013027,"thompti01"
1005858,"hislela01"
1007543,"leoporu01"
1001648,"bullore01"
1004922,"grahaba01"
1409,"perezed01"
1006827,"kempst01"
1012745,"suttodo01"
256,"valenjo03"
1008973,"minchdo01"
713,"thompry01"
1000462,"bakerki01"
1001564,"brownto03"
15291,"braulst01"
1001786,"buxtora01"
1010915,"richale01"
1002650,"coseyra01"
1008489,"mcfarch02"
1002872,"cummica01"
1005783,"higbema01"
19756,"hiranyo01"
1004412,"fussefr01"
1008011,"malarjo01"
1010095,"paynemi01"
1013181,"trevibo01"
27707,"spencmi01"
1003830,"espinni01"
1633,"duboser01"
1007987,"mahlemi01"
1008351,"mccabsw01"
1006098,"howelja01"
1001927,"cappuge01"
1001469,"bronsji01"
1002588,"coonejo01"
1008031,"mallole01"
1011346,"ryanmi01"
1006152,"hughedi01"
1005286,"hamnegr01"
1007565,"leverho01"
6244,"gorzeto01"
1003031,"daviege01"
1006996,"kleinte01"
1012900,"tebeapa01"
9442,"bantzbr01"
1011467,"savagdo01"
1008042,"malonma01"
1013190,"troskha01"
1000446,"bakerch02"
1011310,"russeal01"
1004558,"garvije01"
5590,"willire03"
1320,"prokolu01"
1003673,"edgerbi01"
1001718,"burnspe01"
1148,"crudami01"
1008848,"mierked01"
1013490,"wagnepa01"
1012910,"templjo01"
19315,"krookma01"
1010559,"puentmi01"
1002854,"cuetobe01"
1011394,"samforo01"
1004607,"gelbech01"
1000541,"bargecy01"
1014108,"wilsoto01"
1001684,"burkejo01"
17888,"sauceta01"
1002196,"chippwa01"
1000918,"bertrle01"
7312,"collmjo01"
1004496,"garcica01"
10354,"erlinro01"
1004141,"flavijo01"
1012838,"tatera01"
6777,"pastoty01"
1006239,"hutchir01"
1010581,"pyeed01"
1013026,"thompsh01"
1009968,"palldo01"
1000780,"behanpe01"
1002821,"crowde01"
1007590,"leyriji01"
3888,"youmash01"
5848,"mitchru01"
15194,"bauerja01"
1008567,"mcilvir01"
6421,"bernaro01"
1218,"kentst01"
1005646,"hengeda01"
1002618,"corcola01"
1011948,"siebedi01"
1010909,"richaha01"
1000454,"bakerfr02"
1014246,"woodte01"
1004534,"garibar01"
1003866,"evansja01"
1000549,"barklbr01"
1011379,"salefr01"
19877,"graytr01"
18890,"kelleky01"
1012267,"solisma01"
1005760,"heydegr01"
31610,"maxweza01"
7542,"hottoto01"
1093,"olerujo01"
1007920,"mackfr01"
1006076,"howarde01"
1009661,"nunnata01"
1006580,"jonesos01"
1004552,"garriha01"
594,"byrdpa01"
3664,"conrabr01"
1004548,"garrice01"
1013525,"walkelu01"
1006573,"jonesly01"
179,"burkejo03"
64,"mantema01"
6415,"pimenst01"
1010542,"proctji01"
1613,"louxsh01"
10299,"perezeu01"
9284,"herrmch01"
1000272,"ansonca01"
1000519,"bannoto01"
1005353,"hardyla01"
424,"chacosh01"
1011969,"silvada01"
1009584,"nielsje01"
1246,"bushma01"
1004503,"garcile01"
1012016,"siscost01"
935,"piattad01"
423,"butlebr02"
1011486,"scalaje01"
1012468,"steinir01"
1009528,"nevinal01"
1008892,"milleed03"
511,"borlato02"
18593,"espinan01"
1007793,"lowntu01"
1007120,"kosmami01"
1008370,"mccargr01"
1004818,"goltzda01"
1009366,"murphjo02"
6140,"jamesju01"
1013443,"vitkojo01"
1013231,"turnema01"
1012281,"sorrech01"
1014109,"wilsotr01"
24703,"bridejo01"
1005165,"gwynnch01"
1012091,"smithar01"
1011790,"shankha01"
15256,"sulseco01"
2710,"lugoru01"
17126,"vastoje01"
2268,"monteag01"
1001220,"bostoly01"
1007869,"lynchto02"
1000712,"beanbe01"
9784,"richaga01"
1011953,"siefkfr01"
19959,"luzarje01"
1009617,"nolanjo01"
1006288,"jacksal01"
1009844,"o'rouqu01"
1008931,"millero03"
5722,"luekejo01"
1012493,"stephge01"
4776,"shoemma01"
2154,"howarry01"
2448,"felicje01"
1010737,"reachbo01"
1005040,"griffdo01"
1150,"delgawi01"
27931,"halpipe01"
1010472,"pottesq01"
94,"helmswe01"
18864,"avilape01"
25111,"henslda01"
33821,"abnerph01"
1002370,"clymeot01"
1004756,"glaisjo01"
1010695,"ranewme01"
30134,"bibeeta01"
149,"leonjo01"
1005238,"hallch01"
1008723,"meekero01"
1010241,"peterst01"
1013717,"webbene01"
1009374,"murphro01"
17735,"alexaty01"
1003199,"demonle01"
8223,"anderbr04"
1002534,"connome01"
653,"grudzma01"
18360,"rileyau01"
1002042,"cashica01"
1005922,"hoganke01"
1007537,"leonama01"
11836,"walketa01"
1008329,"mcartdi01"
1012073,"smallch01"
11366,"cumptbr01"
1002498,"conefr01"
7164,"maharke01"
1005417,"harrihe01"
1010592,"queenme02"
1005293,"hancofr01"
1006986,"klausbi01"
15200,"sparkgl01"
1010185,"perezpa01"
1008204,"martybo01"
9889,"olsonga01"
30179,"ohlpi01"
1000245,"anderwa01"
1012064,"slaytst01"
29,"percitr01"
1008534,"mcgloly01"
1668,"spurlch01"
1012688,"sullide01"
1487,"teutna01"
1000440,"bakelje01"
1013581,"walshwa01"
1010257,"pettyje01"
1002598,"coopemo01"
6364,"valenda01"
1011588,"schmiwa01"
31567,"lipsctr01"
1002805,"crossfr01"
1003575,"dunnjo01"
1010238,"peterru01"
5876,"germego01"
1001523,"brownja02"
15068,"almonye01"
23465,"romerto01"
9328,"stubbdr01"
230,"durhara01"
1001752,"bushgu01"
1004081,"fishech04"
1012499,"stephra01"
1013711,"webble01"
1001104,"boccajo01"
565,"lugoju01"
19374,"buehlwa01"
1011050,"robersk02"
1010770,"reedje02"
1013947,"wilheka01"
1003755,"ellswst01"
1010439,"popeda01"
1010892,"riccich01"
977,"anderji02"
1008717,"medliir01"
8375,"bergebr02"
1013306,"vadebge01"
1003507,"driscpa01"
1010243,"petoste01"
1002147,"chapmha01"
413,"wickmbo01"
1002403,"cokerji01"
1009574,"nicolhu01"
1004354,"frielpa01"
17496,"castidi01"
1012605,"straujo02"
1011185,"roomero01"
4227,"lopezwi01"
999,"thompaa01"
1005651,"henlega01"
6713,"whitejo03"
1004618,"georgbi01"
8418,"adriaeh01"
1013943,"wilforo01"
1004000,"fernaos01"
1008642,"mcmilno01"
16622,"uriaslu01"
1001136,"bolan01"
1008341,"mcbridi01"
1013969,"willial01"
1012622,"strinni01"
1001017,"blackji01"
1012353,"spradje01"
7942,"friedch01"
1001130,"bohnesa01"
1010164,"pensopa01"
1010053,"patribo01"
444,"reyesde01"
1005264,"haltal01"
1013479,"wagnebu02"
1007155,"kremeji01"
27458,"kimkw01"
1013561,"walljo01"
1009035,"moisabi01"
2174,"sarfade01"
1008060,"mankoph01"
1013799,"westda01"
1013795,"wertzvi01"
1013926,"wiedmst01"
1013597,"wanerpa01"
1005753,"hetligu01"
31598,"palisja01"
1007473,"lefebji01"
1000578,"barnhed01"
1006302,"jacksjo02"
267,"borowjo01"
16959,"alvared01"
8753,"roarkta01"
1012963,"thomaar01"
1010849,"retzeke01"
1000310,"armstsa01"
1011432,"sanfoja02"
1002155,"chappla01"
1001849,"callara01"
29518,"woodja03"
1012649,"stumpbi01"
1004924,"grahabe02"
1001610,"bryest01"
1007536,"leonajo01"
1001010,"blackdo01"
18718,"kimhy01"
1000560,"barnebr01"
1009119,"mooreke01"
14993,"barlosc01"
1004839,"gonzala01"
21127,"lopezal03"
1006817,"kellyto01"
1014044,"williwa02"
1012372,"stablge01"
1011327,"ruthba01"
1002686,"covinte01"
1006542,"jonesco01"
8722,"castrja01"
1009043,"molonri01"
1009857,"orthal01"
1000885,"bermabo01"
1005379,"harpeha01"
14399,"leyerro01"
1003751,"ellisro01"
20030,"diehlph01"
1574,"hendrma01"
23162,"nunezed03"
1014069,"wilsocr02"
1007489,"lehrno01"
14420,"stephja01"
1011347,"ryanmi02"
1005873,"hochha01"
6835,"bussni01"
1011017,"roarkmi01"
1004636,"germale01"
1000368,"aultdo01"
1012226,"sneedjo01"
14508,"rosarra01"
1001078,"blockcy01"
1000218,"anderbi01"
1014073,"wilsoea01"
1007599,"liddldo01"
1009081,"moolige01"
1008073,"mannle01"
385,"frymatr01"
1002303,"clarkph02"
14636,"rivaswe01"
1002072,"castlfo01"
1002554,"conwaje01"
1009658,"nunezed01"
1009207,"morrigu01"
5735,"maysoed01"
1011675,"scottdi02"
1004974,"graylo01"
1010326,"piercbi02"
17326,"tuckeco01"
1010002,"parkedo01"
1007956,"madjeed01"
1009168,"moretro01"
2568,"gonzaen01"
35456,"yesavtr01"
1002834,"crumpbu01"
1011317,"russejo02"
1000090,"aikenwi01"
1001118,"boevejo01"
1012817,"tamulvi01"
13176,"swihabl01"
1008806,"methasc01"
16427,"blewesc01"
23,"miadiba01"
1007728,"longbo01"
40,"washbja01"
1008084,"manueba01"
7783,"miranju01"
1009994,"pariske01"
1006740,"keefeda01"
9486,"kontoge01"
1005591,"heimafr01"
1012319,"spencbo01"
1001551,"brownol02"
1014432,"zernigu01"
29830,"winklja01"
21866,"balazjo02"
1009553,"nichoar01"
1004943,"graneja01"
1002192,"chileri01"
1009833,"o'rildo01"
27477,"jarvibr01"
1007932,"maconma01"
1011619,"schrobo01"
1011951,"siebeso01"
1007763,"lotzjo01"
1002966,"danfoda01"
1006119,"hubbaal01"
1006001,"hoopebo01"
21324,"mushipa01"
2192,"aybarwi01"
4760,"halsebr01"
4722,"arredjo01"
31501,"darremi01"
1718,"olmedra01"
2229,"keppebo01"
1005112,"grzenjo01"
13675,"tayloty01"
21052,"gillu01"
1012428,"starkdo01"
2122,"ramirsa01"
2861,"molingu01"
1500,"ginteke01"
2534,"tobinma01"
1013843,"whisema01"
1002856,"cuffjo01"
1004464,"galloji01"
1011338,"ryanja02"
1005841,"hinchha01"
1006373,"jayjo01"
1194,"bierbni01"
1000720,"beardra01"
1003369,"donahji01"
4214,"pendlla01"
1003627,"earlebi01"
1006469,"johnsjo01"
1003757,"elshro01"
2826,"castifa01"
1006499,"johnsro03"
1006705,"karowma01"
1013766,"wellsed01"
6878,"coghlch01"
1005831,"hillmi01"
1004844,"gonzare01"
1012925,"terry01"
1007440,"leberem01"
1014367,"youngcl01"
1014224,"woodjo02"
1009613,"nocepa01"
18887,"zavalse01"
8268,"ohlenro01"
1006763,"keistbi01"
6127,"jaimeju01"
1002041,"cashda01"
1008789,"merriji01"
1006240,"hutchjo01"
1005400,"harribo01"
4314,"vottojo01"
1000600,"barrere01"
1000232,"anderjo01"
5887,"jasojo01"
1007079,"koestel01"
15670,"guerral01"
1005285,"hamnega01"
1012602,"stratmo01"
1007870,"lynchwa01"
7763,"okajihi01"
5486,"almonab01"
13431,"stromma01"
1009338,"murcebo01"
1604,"graboja01"
1012080,"smallwi01"
19951,"anderia01"
30203,"jobeja01"
24262,"rafaece01"
3693,"rabelmi01"
25911,"canoye01"
15362,"mcneije01"
1002993,"darrmi02"
1004817,"goliami01"
1007822,"luffhe01"
28163,"caminju01"
1011712,"secorfr01"
142,"gilge01"
1004441,"galasbo01"
2744,"cramebo01"
8848,"solisal01"
1010522,"preskjo01"
1005263,"halpiji01"
1000259,"andrena01"
1004918,"grafffr01"
1013516,"walkefl01"
61,"kimby01"
1011641,"schuljo05"
1011010,"rizzoto01"
446,"santovi01"
1000866,"bergaau01"
1625,"shielja01"
9674,"nunovi01"
1007829,"lumenra01"
16246,"reedaj01"
1004645,"gettich01"
1008385,"mccaubi01"
1004596,"gehrich01"
1007727,"longbi01"
1004776,"glendma01"
1013171,"treadre01"
1008565,"mchenva01"
12140,"quereju01"
1004058,"finneha02"
12371,"lasteto01"
1004544,"garrecl01"
17775,"nixja02"
1003145,"deideji01"
1001393,"brennwi01"
10123,"gibsoky01"
1000408,"baezbe01"
1001039,"blakibo01"
1009424,"myersji01"
1002740,"crawfgl01"
1014023,"willima09"
1013675,"watsoal01"
1011539,"scheifr01"
1000972,"billijo02"
1007817,"luebbla01"
1007012,"klinkjo01"
21009,"rivasle01"
1007591,"leyte01"
1008041,"malonle01"
7596,"everito01"
1010183,"perezme01"
19314,"waltodo01"
1006574,"jonesma01"
1013419,"veselbo01"
1013668,"watkibo01"
1002126,"chambwe01"
481,"munsoer01"
1000916,"bertomi01"
1006684,"kampik01"
1012491,"stephdu01"
20078,"whiteev01"
1006379,"jeffegr01"
1013710,"webbha01"
1005943,"holdrda01"
8851,"beachbr01"
1002963,"damraha01"
1050,"dornda01"
11012,"shackke01"
1000593,"barrebo01"
9887,"hoodde01"
11192,"nichobr01"
1002501,"conigbi01"
1004931,"grahamo01"
358,"taylore01"
1009375,"murphto01"
1011820,"shawdo01"
1002679,"courtjo01"
1456,"lecroma01"
1001146,"bolinbo01"
1009420,"myersge01"
1011637,"schuljo02"
1004016,"ferryja01"
1010793,"reidea01"
5195,"ibarred01"
1006171,"huismma01"
9807,"goinsry01"
1007600,"liebedu01"
17528,"olivehe01"
19881,"kloboga01"
1008478,"mcelrji01"
1001237,"bourgst01"
1010322,"piechal01"
1000072,"adkinde01"
1007391,"lavigar01"
1007530,"leonaan01"
1003186,"demaejo01"
1005869,"hobbsbi01"
1009868,"osborfr01"
328,"hamiljo02"
1004751,"gladdfr01"
1005482,"hassoge01"
10819,"alanirj01"
1013167,"treacpe01"
1002563,"coogada02"
1013756,"welchjo01"
634,"sweenmi01"
1008420,"mccormi03"
1009884,"osterre01"
12970,"musgrjo01"
1006255,"ilslebl01"
13394,"florody01"
1008626,"mclisca01"
1004060,"finnne01"
1002641,"corrijo01"
1005657,"hennipe01"
1405,"aldrico01"
3128,"godfrgr01"
1009725,"odenwte01"
1008194,"martire01"
1004653,"ghelfto01"
1002981,"danziba01"
25215,"hiralya01"
1000921,"beschbo01"
1012328,"spencst01"
1009479,"needhto01"
1011305,"runyase01"
1005539,"hazewdr01"
1010746,"reccijo01"
1006340,"jamesar01"
8179,"mahonjo01"
1225,"seaybo01"
1005525,"hayesch01"
1001328,"bradyki01"
1012093,"smithbi01"
1008778,"mercewi01"
1012921,"terpkje01"
1005113,"guantce01"
1011965,"sigsbse01"
1013731,"wehrmda01"
21,"lukasma01"
1294,"cocopa01"
1013169,"treadje01"
1006678,"kalinal01"
1005439,"hartbi02"
1010358,"pinknge01"
1001798,"byrneje01"
23359,"velazne01"
831,"knighbr01"
1013506,"walewji01"
1007828,"lukoned01"
1013803,"westfr01"
1003051,"davisge03"
1003669,"edenfke01"
1001081,"blombro01"
1001334,"brainas01"
1002970,"daniech02"
1004408,"funkto01"
2220,"gettiby01"
1008856,"milancl01"
1014415,"zamloca01"
51,"colbrgr01"
1010307,"picciro01"
1001317,"bradsda01"
13777,"garciad01"
15639,"slanida01"
13323,"pazosja01"
1001995,"carroch01"
1010677,"ramosdo01"
1007617,"lindeer01"
1012937,"testani01"
5133,"ramiral03"
27787,"kleinwi01"
1002898,"curtich01"
13804,"lockewa01"
99,"phillza01"
17878,"santade01"
4906,"gonzaal03"
6879,"adenhni01"
22842,"canaral01"
1010000,"parkeda01"
1006548,"jonesda05"
1001439,"brinkle01"
1006733,"keatibo01"
1001026,"blaemra01"
1004533,"garfibi01"
1003763,"embrere01"
1002286,"clarkhe01"
1000699,"bayledi01"
1002576,"cookro02"
1012692,"sulliha01"
1006325,"jacobmi01"
1005234,"hallbi01"
1001983,"carraal01"
1004937,"grahati01"
9943,"redmoto01"
6635,"mattike01"
1010273,"phelada01"
1009212,"morriji01"
27582,"danieda01"
1008078,"mansemi01"
7168,"centeju01"
1013957,"wilkier01"
5561,"taubety01"
8524,"willija01"
1013179,"treshto01"
17232,"moncayo01"
23779,"bruihju01"
1001156,"bombama01"
1006626,"jorgete01"
1004938,"grahawa01"
1003047,"davisdo01"
1013130,"torrefr01"
1003895,"faganev01"
1669,"ledezwi01"
1007152,"krehmch01"
14936,"brugmja01"
4420,"millsbr02"
1013100,"tolanbo01"
1501,"gomezal01"
1000997,"bissode01"
1003400,"donovto01"
33321,"keasclu01"
1004601,"geigega01"
1014386,"youngmi01"
843,"riverju01"
1001044,"blancos01"
20802,"zabalan01"
1727,"gonzaed01"
769,"chenbr01"
1002743,"crawfjo01"
1009958,"pagliji01"
1005318,"hannapr01"
1009979,"pankoji01"
1001925,"capelmi01"
1008299,"mayerwa01"
1009038,"molesca01"
1004356,"frienda01"
1013252,"tylerle01"
1009247,"mosolji01"
1000633,"bartosh01"
1001411,"brewija01"
1009811,"o'neij.01"
27769,"crowape01"
950,"byrdma01"
1002220,"chrismi02"
585,"ardoida01"
1006316,"jacobba01"
1759,"gallomi01"
1009784,"olmolu01"
4516,"narrosa02"
1008302,"mayje01"
691,"jensema01"
1012163,"smithji02"
1013047,"thronma01"
29271,"diazyi01"
8373,"windsja01"
12182,"martico01"
1421,"chrismc01"
1013356,"vangoda01"
231,"foulkke01"
1013098,"todtph01"
1007181,"krugge01"
1012097,"smithbi05"
20271,"hernada03"
1009887,"ostrojo02"
409,"thomeji01"
1013410,"verdifr01"
1008188,"martipa03"
1013563,"wallsle01"
1006329,"jacobto01"
9894,"broadmi01"
1011205,"roselbo01"
1010033,"partest01"
6259,"alvarab01"
1003528,"duffla01"
1010412,"poholto01"
1011673,"scottda01"
3762,"jimence01"
1012585,"stovaje01"
18282,"garcija04"
1009871,"osborti01"
1804,"romerma01"
1009241,"moserwa01"
1006570,"jonesjo01"
1008643,"mcmilro01"
1012695,"sulliji01"
1006602,"jonnabu01"
26252,"milleer01"
1009577,"niedda01"
33568,"garcibr02"
459,"anderma01"
1004834,"gonzage01"
7547,"koshajo01"
1008601,"mckniji01"
1007110,"kopshge01"
68,"myersmi01"
1009568,"nichoro01"
1010564,"pujollu01"
1000241,"anderri02"
1007958,"madrial01"
1004096,"fishere01"
1012793,"swindjo01"
4106,"brantmi02"
1005479,"hassero01"
1004187,"flynnjo03"
1003941,"farredo01"
1006833,"kennebi01"
26548,"acunajo01"
1000318,"arnolch01"
18135,"adamsch01"
1001132,"boitada01"
1885,"hawpebr01"
16122,"romanjo03"
1008687,"mcraeha01"
1004529,"gardnma01"
1007721,"lombast01"
27517,"koenija01"
1011665,"schwiar01"
1009387,"murrage01"
1126,"ransoco01"
1503,"guielaa01"
1000784,"behrmha01"
1010122,"pedroch01"
1006505,"johnssy01"
1002656,"cotehe01"
1013863,"whitede04"
3105,"murphto03"
11442,"sanchga02"
1010847,"rettgge01"
1001578,"bruckfr01"
3685,"martijd01"
30240,"dobbihu01"
1012457,"steerge01"
1007499,"leipeja01"
1014329,"yeabsbe01"
1010520,"prentge01"
3642,"davieky01"
23055,"nunezde01"
6107,"brazohu01"
1013983,"willida02"
1007864,"lynchja01"
1006568,"jonesji01"
1007754,"lopezca01"
1008516,"mcghebi01"
31363,"paulegr01"
1008710,"meanepa01"
2165,"rheinjo01"
1004939,"grahejo01"
1003894,"faganbi01"
1009937,"paciojo01"
1004775,"glenabo01"
1499,"francma01"
1000002,"aaronto01"
1002638,"correro01"
1004378,"fryeje01"
5372,"pinedmi01"
1004721,"gilliba01"
1002063,"castiju01"
7087,"josepca01"
1012480,"stemmbi01"
1007087,"kollodo01"
1002193,"chiozdi01"
1011041,"robermi01"
1008772,"mercaor01"
20383,"santoan02"
1003959,"fausebu01"
1567,"perrych01"
9132,"eovalna01"
1009991,"paredjo01"
1001267,"bowmael01"
1007030,"knellph01"
1009556,"nichoch01"
1010298,"phillta01"
1007331,"lansfca01"
6153,"escobed01"
1000120,"alexabo01"
1001205,"borlato01"
3523,"camerke01"
1012690,"sullifl01"
1009728,"odomhe01"
19541,"lambeji01"
1005087,"grossha01"
1006265,"inksbe01"
20369,"mannima02"
1164,"klinest02"
5525,"loganbo02"
1001170,"boninlu01"
1012981,"thomair01"
1008199,"martite01"
9832,"fisheca01"
1002153,"chappbi01"
1013952,"wilkeha01"
1000819,"belloro01"
934,"penaca01"
1010414,"pointaa01"
1013137,"torreru01"
1010684,"ramsebi01"
1014381,"youngj.01"
1004680,"giebejo01"
1012450,"steelbo01"
247,"marteda01"
1009505,"nelsoly01"
1009276,"mudroph01"
1011567,"schleru01"
1000298,"arftha01"
1007151,"kreevmi01"
1007647,"lipscni01"
1003311,"dimagjo01"
1001495,"brownbo02"
5063,"romerni01"
30002,"holmagr01"
21794,"apostsh01"
1002399,"cohenal01"
19522,"friedtj01"
1005840,"hinchbr01"
1011584,"schmije01"
31846,"schwesp01"
14697,"gonzase01"
1003046,"davisdi02"
1004388,"fulghdo01"
1431,"ainswku01"
3052,"casseja01"
1007175,"kruegbi01"
1551,"rossda01"
1001200,"bordlbi01"
1000637,"bashaal01"
1009687,"o'brida02"
31661,"meltoja01"
2246,"beanco01"
1006147,"huged01"
1000898,"berrayo01"
16358,"mahlety01"
1000909,"berryne01"
2191,"labanjo01"
19212,"kohlwta01"
1005758,"hevinjo02"
5523,"mcdonja03"
1003189,"demarfr01"
21534,"raleica01"
1010835,"renkost01"
757,"thomabr01"
14776,"goldbbr01"
1004912,"graceea01"
1013270,"ulisnmi01"
10954,"degroja01"
1010747,"recciph01"
1008834,"meyersc01"
1774,"reyesre01"
1008132,"marsed01"
15161,"garvemi01"
1190,"williwo02"
14330,"willini01"
1009293,"mullebi01"
9364,"sinkbbr01"
2090,"riosal01"
11446,"segedro01"
8,"cookde01"
1011648,"schumha02"
1007743,"lookbr01"
13755,"nidoto01"
1001628,"buddido01"
1006056,"houseed01"
1001871,"camparo01"
25097,"hillga02"
1014031,"willire01"
1005289,"hamra01"
20242,"smithke05"
1008689,"mcrem01"
21620,"cousija01"
1000894,"bernica01"
1010277,"phelpke01"
1013639,"warrebe01"
1107,"aybarma01"
11875,"rodriro03"
19611,"guerrvl02"
1011258,"rowened01"
287,"liebejo01"
1000938,"bevilbe01"
1000533,"barbiji01"
1012467,"steinha02"
1011420,"sandero01"
29912,"bakerda02"
15240,"mccarke01"
1003434,"douglkl01"
1008334,"mcavoge01"
1008705,"meadole01"
25553,"enrigni01"
122,"allench01"
14445,"limch01"
1007334,"lansimi01"
1003294,"diggsre01"
20191,"whitlga01"
1014313,"wynnji01"
1010237,"peterri01"
20643,"quezajo01"
1009849,"orreljo01"
1008452,"mcdevda01"
1007948,"maddoga01"
1011528,"schatje01"
1005164,"gwosddo01"
1011957,"sierrca01"
1001478,"brosksi01"
1012807,"taborgr01"
189,"garceri01"
4746,"faheybr01"
1002450,"collido01"
1009509,"nelsori01"
1013253,"tyngji01"
1001443,"bristge01"
23165,"cruzst01"
1009245,"moskapa01"
1011760,"several01"
1000687,"baumgha01"
1014287,"wrighlu01"
1007967,"maggeha02"
21730,"camarja01"
1010799,"reillch01"
1013467,"wadderu01"
1011158,"rolisna01"
1008492,"mcfarhe01"
1012512,"stevero01"
1010817,"reisja01"
1006199,"hunteca01"
1007468,"leeth01"
1011306,"rushan01"
1008316,"mazerbi01"
1003465,"doylejo01"
19872,"deichgr01"
4168,"pareded02"
1002012,"cartean01"
1000316,"arndtla01"
1000556,"barnaba01"
19582,"bailebr01"
1128,"rueteki01"
12049,"hendrky01"
8490,"boshebu01"
20206,"baumami01"
1008999,"mitchcr01"
1004139,"flaskro01"
5088,"moralfr01"
303,"stynech01"
1014107,"wilsote01"
1005723,"herremi01"
1005556,"hearnji01"
927,"longte01"
1010247,"pettepa01"
383,"escobal01"
1005163,"guzmasa01"
1002091,"causewa01"
1004449,"gallado01"
1001108,"bochybr01"
1012944,"thakeal01"
19191,"duggero01"
1010719,"rawlesh01"
1010555,"pryorgr01"
1008590,"mckelru01"
1014098,"wilsone01"
21310,"maciejo01"
1483,"edwarjo02"
15594,"wittgni01"
1012896,"tayloza02"
1001293,"brabege01"
7480,"carpmi01"
27883,"saggeth01"
25616,"luciama01"
17490,"cabrege01"
1004851,"goodebi01"
1009142,"moranal01"
315,"castrju01"
1008187,"martipa02"
1004547,"garrewa01"
1000891,"bernhbi01"
1005907,"hoffmhi01"
1007198,"kuczybe01"
1000206,"amaroru01"
1001715,"burnsjo03"
14309,"montafr02"
6068,"chicoma01"
1010798,"reillba01"
1013400,"veltmpa01"
1000733,"beaumgi01"
1012186,"smithoz01"
1008680,"mcquemi01"
1006915,"kimbesa01"
13435,"johnspi01"
1013543,"wallada01"
1003955,"fastda01"
1002524,"connoch01"
1002038,"caseydo01"
1005092,"groteje01"
1003560,"dunegji01"
22387,"winckjo01"
1010788,"reibefr01"
1013331,"valerju01"
1010958,"righeda01"
1004532,"gardnwe01"
1001209,"bortoba01"
1006897,"kildupe01"
2567,"peterbr01"
1003143,"degroru01"
1014085,"wilsohi01"
1004785,"glinage01"
1001812,"cadych01"
1009070,"montgbo01"
14558,"toccica01"
1011178,"ronanma01"
1286,"youngmi02"
1001084,"bloodji01"
1007926,"mackra01"
4621,"tracese01"
1004608,"gelnajo01"
886,"johnskr01"
1011814,"shaveje01"
1000710,"beamoch02"
992,"housejr01"
22201,"gorema01"
1012788,"swiftbi02"
1007365,"laryly01"
1010459,"portoar01"
2231,"jacobmi02"
1008295,"mayered01"
14239,"alvarda01"
1003996,"fernaed01"
1014212,"woodcfr01"
1082,"hasegsh01"
1003889,"faberre01"
1013912,"whitter01"
1005030,"grevebi01"
1006256,"imlaydo01"
1005471,"harveza01"
2562,"dortame01"
1012955,"thielja01"
9803,"mikolmi01"
31261,"roycrch01"
17526,"miranar01"
22274,"taylosa04"
2011,"cancero01"
1001123,"boggsto01"
1006363,"jarvipa01"
1006092,"howear01"
1002184,"chifffl01"
1002866,"culmewi01"
1003663,"eddydo01"
1009924,"owensp01"
930,"mecirji01"
1124,"ortizru01"
4553,"braddza01"
7412,"janispa01"
1014326,"yastrca01"
1010458,"portoal01"
1007377,"latmaba01"
1477,"smallaa01"
1000342,"asproke01"
10591,"alexasc02"
1000800,"bellch01"
1011018,"roatfr01"
1011561,"schilre01"
17034,"reidfse01"
1012397,"standpe01"
1013633,"warneja01"
1559,"alvarvi01"
15274,"tauchmi01"
1003414,"dornegu01"
1012780,"sweenro01"
5673,"berkeja01"
966,"persoro01"
1012606,"strawda01"
1007166,"kriegku01"
11385,"dendema01"
27615,"burleal01"
1001441,"briscjo01"
1000973,"binksge01"
1003223,"derrimi01"
2646,"matusbr01"
67,"morgami01"
4613,"fieldpr01"
1001714,"burnsjo02"
1000200,"alvarta01"
1002034,"caseybi01"
1013131,"torregi01"
1012403,"staniro01"
377,"depause01"
1009529,"newcodo01"
1002672,"coughro01"
1007200,"kuennha01"
15149,"mancitr01"
20349,"kellyza01"
1012041,"skokcr01"
15644,"hanneja01"
1009014,"mizejo01"
9392,"holdzjo01"
1011172,"romerra01"
1007819,"luebbst01"
1004491,"garbeba01"
20167,"mulleky01"
975,"wendetu01"
1003307,"dillopo01"
1012768,"swartpa01"
1010281,"phillbi01"
1013472,"wadeja01"
5928,"bartoda02"
1002927,"dahlkje01"
1009604,"nischro01"
1011664,"schweru01"
3116,"gwynma01"
1010733,"raymoha01"
1004672,"gibsoro01"
1005561,"heathje02"
31741,"barnema02"
1013412,"veresra01"
1001931,"caprora01"
1005434,"harrivi01"
1007628,"lindsch01"
15767,"marmojo01"
8245,"howeljp01"
1000372,"austiji01"
1099,"sierrru01"
1000655,"batesbu01"
20003,"hiurake01"
1002384,"cochrmi01"
1476,"sanchje01"
1009335,"munyajo01"
1014175,"wittwh01"
1008967,"milosmi01"
1009652,"noursch01"
1014321,"yantzge01"
1007323,"langsma01"
1013442,"viteljo01"
1008321,"mcaleja01"
1011553,"scherbo01"
27942,"mcmiljo01"
311,"booneaa01"
12916,"lindofr01"
1008678,"mcquaje01"
1001282,"boyercl02"
22175,"kranima01"
949,"burrepa01"
1004748,"giustda01"
1195,"brazede01"
1005697,"hernaca02"
21716,"valdeen01"
1010807,"reimeke01"
1004448,"gallada01"
17016,"castiru02"
17586,"scottta01"
1002176,"chenela01"
10340,"ngoepgi01"
1014452,"zinnji01"
14145,"roberda10"
15761,"jimenjo02"
1007294,"landibi01"
20447,"pareden01"
1000007,"abbeych01"
1002744,"crawfke01"
1005928,"hoggbr01"
1005277,"hamilst01"
1012920,"terlegr01"
1004581,"gazelmi01"
1011372,"saiervi01"
1003887,"ezzelho01"
1002500,"congedi01"
29960,"smithaj01"
16398,"navarbr01"
1845,"gomesjo01"
1002624,"coreyed01"
14691,"castrha01"
1006595,"joneste01"
4656,"joneshu01"
1011023,"roberbi01"
1012416,"stanlmi02"
25346,"simonro01"
4798,"hansecr01"
1012841,"tatumja01"
1006757,"keerlge01"
1008825,"meyerdu01"
1010757,"redmowa01"
10504,"hollama01"
1012741,"suthesu01"
1013340,"vanbuty01"
1012908,"templch01"
1001502,"brownch01"
1003312,"dimagvi01"
27630,"loftini01"
1010144,"penage01"
1010409,"pofahji01"
20010,"millswy01"
1000623,"barthbo01"
1008679,"mcquama01"
1004936,"grahask02"
1000957,"bigbely01"
1006414,"jimenmi01"
1006330,"jacomja01"
1000203,"alyeabr01"
4253,"owingmi01"
1004612,"gentiji01"
1002010,"carsoki01"
1001021,"blackro01"
1008933,"milleru01"
1008306,"maynach01"
1011056,"robinbr02"
25475,"drisclo01"
1008312,"maysc01"
1012229,"snellwa01"
1009592,"niesoch01"
1001546,"brownmi02"
1003916,"falloch01"
727,"guarded01"
1007023,"kmakjo01"
16680,"okeefbr01"
7620,"ruggiju01"
1008146,"marshru01"
1006926,"kingcu01"
1006839,"kenneed02"
1007173,"krsnimi01"
1012784,"swentau01"
25174,"murfepe01"
9253,"broxtke01"
1003986,"fergubo02"
1013087,"tobinbi01"
1001951,"carisfr01"
1012573,"stonest01"
1006728,"kearnbo01"
1012525,"stewama01"
7232,"oxsprch01"
3893,"velezeu01"
1007080,"kohlehe01"
1007253,"lagami01"
1008971,"minahco01"
1005367,"harledi01"
18105,"meisiry01"
1003644,"eastha01"
8037,"clemepa02"
1013023,"thompro01"
1006103,"howelro01"
1013624,"wardru01"
1004049,"finchjo01"
1005592,"heimugo01"
19444,"ramiryo01"
1007503,"leitndo01"
1010413,"poindje01"
1006137,"hudsojo01"
1003800,"epstemi01"
1013420,"viaule01"
1012924,"terrewa01"
9124,"leesmch01"
1011527,"schatda01"
1005493,"hathara01"
13604,"smithch09"
1221,"phelptr01"
15402,"mayfija01"
1006381,"jeffere01"
1004305,"frasech01"
1000946,"bicheda01"
1003891,"facero01"
1002030,"casanpa01"
1013191,"troskha02"
334,"texeika01"
1008086,"manueje01"
1005412,"harrifr01"
3711,"thameer01"
10234,"morribr01"
27552,"ashcrgr01"
1001872,"campbar01"
1005460,"hartrra01"
7560,"hynesco01"
21224,"oberba01"
13718,"bostich01"
1006069,"hovlied01"
19835,"garabge01"
1007744,"lookde01"
1000955,"biesest01"
11176,"buchada01"
1004023,"fidryma01"
200,"martipe02"
1007804,"lucasfr01"
11674,"taillja01"
18347,"waddebr01"
1013084,"titcoca01"
1003113,"dearbu01"
17738,"shawch01"
1005626,"hemslro01"
3469,"scottlu01"
1003911,"falkbi01"
1003587,"durhabu01"
1010351,"pillehe01"
1008818,"meuseir01"
22202,"downsje01"
1010587,"quallji01"
1009762,"oldhare01"
1006589,"jonessa01"
7488,"ekstrmi01"
1001553,"brownpa01"
1003720,"eiteled01"
2727,"mussene01"
1182,"smithbu02"
1008307,"mayoed01"
1000269,"angleto01"
1004659,"gibbojo02"
1713,"loeweca01"
1012329,"spencst02"
1000027,"abregjo01"
7874,"weilaky01"
1003058,"davisji01"
1009950,"paganjo01"
1005855,"hinzoto01"
1007281,"lamonge01"
1285,"woodast01"
1001199,"bordiri01"
1005378,"harpege02"
1009316,"munchja01"
1008265,"mattiwa01"
1005781,"hicksna01"
1001269,"bowmajo01"
370,"branyru01"
2860,"osorifr01"
1006769,"kelledi01"
19909,"tejedan01"
8337,"luetglu01"
1002422,"colemgo01"
1013011,"thompha01"
1002670,"coughed01"
1005911,"hoffmla01"
1013678,"watsodo01"
1010960,"rignebi01"
1001758,"buskemi01"
1013344,"vancesa01"
1001163,"boneyha01"
1013433,"vinsoru01"
1008503,"mcgarda01"
1010717,"raudo01"
1013489,"wagnema02"
1012597,"stranla01"
4866,"dysonja01"
917,"johnsal02"
1003240,"devarce01"
2621,"rohliry01"
1000727,"beatied01"
19666,"alexaja01"
1004120,"fitzmsh01"
1001412,"brewsch01"
1002271,"clarkbu01"
1013764,"wellmbo01"
1008709,"meakige01"
1003413,"dormare01"
14106,"russead02"
1007921,"mackife01"
1007183,"krugma01"
1014218,"woodha01"
1008859,"milchmi01"
1002163,"chaseha01"
1003670,"edenmi01"
1717,"bayja01"
1000826,"benchjo01"
1009561,"nichofr01"
3373,"thomacl02"
635,"tuckemi01"
1004180,"flynnca01"
9895,"rusinch01"
1002587,"cooneji02"
1014439,"ziesbi01"
1012001,"simsgr01"
2034,"maldoca03"
1009527,"neverer01"
19948,"pachecr01"
1004657,"giardjo01"
19427,"biebesh01"
1013022,"thompri01"
482,"palmede01"
1006653,"jurgebi01"
1012464,"steined01"
1014396,"yountro01"
1004062,"fioremi01"
2242,"colonro01"
1012922,"terreje01"
1008085,"manuech01"
1658,"nadyxa01"
1006430,"johnsbo03"
1009167,"morenom01"
1012131,"smithed03"
1005631,"hendeed01"
1012034,"skidmro01"
1002449,"collida02"
14862,"godleza01"
1000994,"bishoma01"
1005776,"hickmji01"
1002389,"coffeja01"
1002252,"clancal01"
21078,"cabbatr01"
2175,"hendrbe01"
1000222,"anderda01"
1002362,"cloudke01"
5386,"lamboan01"
13132,"susacan01"
1004798,"goetzge01"
23796,"weathry01"
1002770,"cripeda01"
1014065,"wilsobo01"
1009050,"monchal01"
1003542,"dugglbi01"
1002577,"cooksbr01"
1003769,"emmerbo01"
1011633,"schulha01"
1005324,"hansebo01"
1010058,"patteda01"
12781,"gilmase01"
1002820,"crowdal01"
1002536,"connore01"
14200,"simmosh01"
1003188,"demarbi01"
23782,"jimenle01"
1006437,"johnscl01"
16835,"bernabr01"
1004948,"grantge02"
1002152,"chapmsa01"
1005458,"hartnga01"
4026,"santihe01"
19198,"gourryu01"
1008298,"mayersa01"
10257,"olivean01"
1006792,"kellybi01"
1011805,"sharmra01"
7841,"blevije01"
30038,"willica02"
1005562,"heathke01"
21448,"martida03"
4422,"loeka01"
1000664,"bathebi01"
6144,"anderbr03"
1012283,"sorrevi01"
1009929,"oylerra01"
12282,"odorro01"
1009557,"nichoch02"
1006142,"huelsfr01"
29788,"harribr02"
1004678,"gideoji01"
1011349,"ryanro01"
1006067,"houtzle01"
1005201,"hahndi01"
8228,"ryuja01"
1008766,"menkede01"
1003175,"delkeed01"
1001496,"brownbo03"
1002879,"cunnibr01"
1003814,"ernagfr01"
1000782,"behenri01"
1000725,"beaslch01"
1616,"orieke01"
1003539,"dugdada01"
1011523,"scharar01"
1003045,"davisdi01"
1014123,"wineaed01"
15983,"frazicl01"
1010336,"pierrbi01"
1002357,"clintji01"
1000563,"barnefr01"
1002975,"daniepe01"
1007240,"lacosmi01"
1012940,"teufeti01"
1010877,"rheamcy01"
1010557,"puckeki01"
11712,"goedder01"
6222,"mortoco01"
1004712,"gillejo01"
1002296,"clarkma01"
1012643,"stubbfr01"
8410,"guerrde01"
1012679,"sulli01"
1004759,"glaubke01"
1014248,"woodwi01"
1005903,"hoffmdu01"
1012956,"thiesda01"
1011849,"sheelbu01"
1004646,"gettito01"
1004136,"flanito01"
1005765,"hibbajo01"
31522,"elkoti01"
1013349,"vandehy01"
1009382,"murrabo01"
1002032,"casech01"
1002122,"chambel01"
1010594,"questjo01"
1009885,"ostrobr01"
14678,"lintz02"
133,"douglse01"
1013482,"wagneha01"
1012038,"skinnca01"
1009494,"neitzer01"
1003786,"ennisde01"
2236,"capeljo01"
1014440,"zimmebi01"
1010151,"penara01"
1013552,"wallale01"
2907,"bottsja01"
1005712,"hernaru02"
1002520,"connete01"
1001258,"bowlech01"
1004084,"fisheed01"
1010043,"pasleke01"
1003460,"doylede01"
31967,"thorpdr01"
1007448,"leebi03"
1012833,"tateal01"
1001526,"brownji01"
1014266,"wotusro01"
1003651,"eavega01"
1007259,"lajoina01"
1001552,"brownos01"
1010773,"reedro01"
4971,"salasfe01"
1007522,"lenhado01"
3123,"blancgr01"
8136,"anglema01"
19521,"youngan02"
1000567,"barnejo01"
718,"balfogr01"
1000828,"benedar01"
7223,"casteal01"
1007480,"legetlo01"
1004318,"freemha01"
1002733,"cranesa01"
31730,"cannojo02"
1000139,"allenet01"
2533,"salasju01"
1000252,"andrehu01"
1007317,"langeer01"
96,"jonesan01"
1006783,"kellge01"
12253,"ogandne01"
1012547,"stiveja01"
1007836,"lundgca01"
1001607,"bryanra01"
1013508,"walkebi01"
1004942,"grampha01"
1008445,"mcderjo01"
19635,"neusesh01"
1193,"alvarwi01"
9431,"goebbja01"
434,"jennija01"
1010278,"phelpne01"
20373,"munozan01"
1006215,"huppeda01"
1002407,"colbena01"
1003382,"donneed01"
1008134,"marshch01"
1005554,"hearned02"
1010713,"ratzest01"
16417,"alcanse01"
1000651,"batchjo01"
14712,"margoma01"
1007444,"ledesaa01"
1011576,"schmibo02"
1008219,"masonha01"
1003700,"eganji01"
1004144,"flemibi01"
1013760,"welchte01"
1007541,"leoniz01"
1009480,"neeltr01"
22411,"steveca01"
20276,"garcide01"
12800,"ramirno01"
20367,"gratebr01"
1000292,"archige01"
1014151,"wisebi01"
26213,"kiliaca01"
1005366,"harknti01"
1007833,"luname01"
1007464,"leero01"
29564,"montepa01"
12926,"hansoal01"
13799,"strahma01"
27784,"gentrty01"
509,"brummty01"
4521,"spilbry01"
9744,"bourju01"
1001235,"bouldca01"
1013545,"wallado01"
1007055,"knoufed01"
1004145,"flemida01"
2913,"pegueja01"
1011153,"rojasme01"
1008424,"mccoyar01"
1004853,"goodejo01"
1002517,"connejo01"
1003498,"drewsfr01"
4359,"drabeky01"
1007098,"konstji01"
389,"kiescbr01"
1014074,"wilsoed01"
16587,"swanser01"
1009436,"nagelru01"
1001675,"burkebi02"
14811,"voitlu01"
1011412,"sandean01"
1013844,"whisepe01"
3114,"lopezjo01"
16958,"jewelja01"
1011405,"sanchal02"
1014275,"wrighdi01"
1004376,"frostda01"
1000603,"barrifr01"
1001246,"bowench01"
1005642,"hendrge01"
19824,"robinch04"
1008048,"malzofr01"
18554,"dejesen01"
1001126,"bohanbr01"
28820,"ballemo01"
1013834,"wheelga01"
1013845,"whistle01"
2087,"olsonti01"
87,"francju01"
1003713,"eichrik01"
1007581,"lewisja01"
10264,"beltbr01"
1888,"tracych01"
1007284,"lampde01"
1013058,"tiefeve01"
1492,"bellro01"
19768,"bannory01"
1001371,"brazlal01"
5841,"delosfa01"
1000312,"armstho01"
723,"cressja01"
1002082,"cathemi01"
1005494,"hattecl01"
1006567,"jonesje02"
1663,"lopezja02"
3951,"ascanjo01"
1008003,"maisech01"
1005575,"hedlumi01"
1000260,"andrero01"
1007812,"lucielo01"
1008832,"meyerlo01"
1006133,"hudsoch01"
1012327,"spencse01"
1013946,"wilheji01"
1011409,"sanchor01"
1007286,"lanahdi01"
3269,"canoro01"
1004173,"flowebe01"
269,"chiassc01"
14874,"mollsa01"
1004319,"freemhe01"
1001381,"breinfr01"
1000663,"batesra01"
8182,"greenni02"
1005283,"hammost01"
1005963,"hollobo01"
17588,"trahabl01"
1003562,"dunhale01"
1008664,"mcneaha01"
1166,"marreel01"
1011011,"rizzuph01"
1005953,"holleed01"
1002611,"corbesh01"
1010308,"pichero01"
1002503,"conkwal01"
1011856,"sheldsc01"
21131,"espadjo01"
1009260,"motleda01"
1012562,"stonedi01"
13172,"smithca02"
1006060,"housejo01"
1000191,"altroni01"
1013183,"tricebo01"
76,"swindgr01"
21390,"ryanjo04"
5411,"liddial01"
1010312,"picked01"
11261,"darnelo01"
1008614,"mclaujo01"
1055,"tollbbr01"
1028,"dewitma01"
1001425,"briggch01"
1009923,"owensji01"
1005997,"hookch01"
6389,"perezlu01"
26413,"hodgepo01"
26030,"owensty01"
1004980,"greasbi01"
1001179,"bookegr01"
1012289,"sotoma01"
1565,"duffma01"
1002623,"cordofr01"
21489,"sengeha01"
1010638,"raderdo02"
1004883,"gormaho01"
6652,"darnach01"
11369,"eibnebr01"
1002457,"collike01"
1003375,"donahti01"
81,"blanche01"
19206,"hudsoda02"
1003255,"devoywa01"
1010108,"pearsal02"
1009042,"mollwfr01"
1003806,"ericker01"
1005376,"harpebr01"
1003314,"dimmemi01"
9904,"villape01"
4608,"korecbo01"
1005859,"hisneha01"
14566,"reyesfr01"
1010253,"pettine01"
1000296,"ardnejo01"
17995,"webblo01"
1004405,"fundema01"
26231,"holtoty01"
1011051,"robidbi01"
1004803,"gohrgr01"
11746,"romerst01"
1000494,"ballima01"
1005519,"haworho01"
1000764,"bediehu01"
1002180,"chesnbo01"
1012304,"sparkje01"
1012718,"summech01"
1013734,"weikdi01"
1009434,"nagelbi01"
1004685,"gilbebi01"
1009790,"olsenve01"
1940,"sullico01"
1001111,"boddimi01"
1003395,"donovdi01"
1010797,"reillar01"
522,"izquiha02"
1000513,"banksev01"
1007482,"lehanja01"
1007594,"libbyst01"
14477,"caveja01"
1007002,"klinebo01"
16128,"curtijo02"
22168,"baddoak01"
4732,"cainma01"
1001721,"burnsto02"
823,"hernaor01"
1011414,"sandede01"
698,"neugeni01"
1013695,"weaveer01"
1003178,"delmabe01"
1002137,"chantch01"
25660,"brennwi02"
15104,"davisjo05"
1001759,"busketo01"
13153,"sardilu01"
8844,"bastaan01"
1014124,"winebo01"
1004904,"gowdyha01"
1003355,"doerrbo01"
15832,"frypa01"
1000119,"alenoch01"
1009671,"nymanny01"
1012401,"stanhdo01"
1667,"bondeje01"
6984,"garcilu03"
1004391,"fulleed01"
1672,"milletr02"
1000321,"arnolto01"
1004082,"fishecl01"
1014199,"wolstab01"
1010982,"ripplch01"
1003152,"dejohma01"
1009742,"ogdencu01"
1003131,"dedearo01"
26353,"churcma01"
1011541,"scheiri01"
1002960,"dambi01"
1005209,"haineje01"
1009011,"mitchwi01"
1801,"sweenbr01"
1005185,"haddoge01"
1007016,"klozana01"
1007191,"kubinti01"
1001379,"breedha01"
13128,"wheelja01"
1003360,"dolanco01"
8360,"purceda01"
1007636,"liniaco01"
1001910,"candimi01"
1630,"vanhean01"
1002294,"clarkjo02"
11394,"wimmeal01"
1014238,"woodsji01"
1003929,"fariepa01"
1009961,"paigepa01"
4006,"selleju01"
1012180,"smithmi02"
1000080,"ageeto01"
1000263,"andrubi01"
1004471,"gambljo01"
1010335,"pieroal01"
1009041,"mollefr01"
1010640,"radfopa01"
1001821,"cainle01"
1002621,"corcoti01"
1011982,"simmojo01"
1001636,"bufordo01"
9388,"tomlijo01"
1001547,"brownmo01"
1007162,"kreugri01"
1784,"halljo03"
1001274,"boydbi01"
1010408,"poetzjo01"
1012656,"sturgde01"
1009104,"mooreed01"
1001368,"braxtga01"
1013890,"whitero01"
1005321,"hannilo01"
1007852,"lutzkru01"
1000693,"bautaed01"
1001326,"bradydo01"
1014,"willimi03"
1007415,"laydope01"
1011658,"schwaje01"
1001493,"brownbi01"
1007237,"lacke01"
1073,"cirilje01"
1003804,"erdosto01"
3648,"riverre01"
1004697,"gilbeto01"
3420,"browndu01"
1906,"frasoja01"
1010867,"reynocr01"
1000354,"atkinto01"
1014160,"wissmda01"
16977,"willitr01"
1003121,"debusda01"
1010198,"perlosa01"
1011860,"sheltbe01"
1004809,"goldsgo01"
1012660,"stylele01"
16135,"leibrbr01"
1011047,"robersh01"
1136,"riverca02"
1008269,"matusle01"
1003844,"estraos01"
1013796,"wessiji01"
1007554,"leroylo01"
4241,"lincobr01"
15766,"readra01"
1009560,"nichodo02"
1004482,"gantejo01"
1007475,"lefeval01"
1008197,"martisp01"
1011314,"russeje01"
1000691,"baumhfr01"
1000808,"bellge02"
1003869,"evansro01"
1013110,"tomlida01"
1007513,"lemasjo01"
1002430,"colempe01"
1013839,"whelaji01"
1001842,"callaji02"
1014028,"williot01"
1008364,"mccaral01"
848,"spencsh01"
1002855,"cuetoma01"
2638,"rakeraa01"
1002426,"colemjo03"
1000736,"becanbu01"
1012785,"swetost01"
15010,"knebeco01"
5408,"smolija01"
1010341,"pierswi01"
1010683,"ramsdwi01"
5225,"kiescro01"
1014361,"youmafl01"
1012644,"stubimo01"
1014243,"woodsro01"
1005438,"hartbi01"
1008786,"merried01"
1002522,"connobi01"
15451,"mayermi01"
14646,"wickro01"
1003905,"faireji01"
1012883,"tayloli01"
785,"frazito01"
1013663,"waterfr01"
1010812,"reipsch01"
1006781,"kellero01"
1000872,"bergejo02"
1009213,"morrija03"
1005933,"hohmabi01"
1001479,"brosnji01"
1005468,"hartzro01"
1014405,"zachato01"
3,"appieke01"
1012633,"stroust01"
1005650,"henlebo01"
344,"penawi01"
1000358,"atzja01"
1008861,"milesde01"
1009983,"papeke01"
1011895,"shiffga01"
384,"finlech01"
1006810,"kellypa01"
1003963,"fazioer01"
1000395,"babelo01"
13267,"fontano01"
1345,"woodbl01"
1008951,"millsbi01"
1014075,"wilsofi01"
4955,"defraju01"
1014251,"wooldfl01"
12590,"feathta01"
1013473,"waderi01"
1203,"deloslu02"
3106,"frutoem01"
1008879,"millech01"
1004007,"ferreri01"
1003244,"devinha01"
1004814,"goldswa02"
10620,"roachdo01"
1003298,"dillago01"
1005496,"hattogr01"
1012233,"snodgch01"
22182,"greenhu01"
1013602,"wardaa01"
13110,"cespeyo01"
1005784,"higby01"
1002223,"chrisst01"
1009120,"mooreke02"
1012434,"starrhe01"
1012642,"stuarma01"
1601,"felicpe01"
1532,"cerdaja01"
1009012,"mittege01"
12760,"montera01"
1013970,"willial02"
1004794,"goddajo01"
1010321,"piconma01"
27513,"yanghy01"
1011832,"shealal01"
13408,"bernawy01"
1013899,"whitfte01"
1014094,"wilsoma01"
15821,"agrazda01"
8434,"wallabr01"
1001203,"borkfr01"
1000869,"bergecl01"
22872,"gomezyo01"
1002212,"chrisga01"
527,"lowelmi01"
1333,"partccu01"
1009343,"murnati01"
19928,"mckenry01"
14387,"ramirha02"
1005565,"heathmi03"
1012297,"sowdele01"
1004334,"freitto01"
1013986,"willida05"
1011775,"seyboso01"
1008826,"meyerge01"
1006708,"karrbe01"
30076,"rouppla01"
1012809,"tackeje01"
1012819,"tankele01"
24862,"fernary01"
1006982,"kittlro01"
1003174,"delisju01"
1003447,"dowlipe01"
1000666,"batiski01"
15126,"danisty01"
1008814,"metzlal01"
13818,"ogradch01"
1005762,"hiattja01"
1004850,"goodahe01"
1012703,"sullijo07"
1011647,"schumha01"
1011090,"rochfmi01"
1010597,"quilifr01"
1010182,"perezma01"
1009220,"morrijo07"
1008975,"minchna01"
1002067,"castipe01"
1011575,"schmibo01"
21501,"larnatr01"
1012158,"smithja01"
4920,"colonjo01"
1005203,"hahned01"
19734,"rojasjo01"
2168,"buchhta01"
15223,"fraziad01"
1000411,"bagbyji01"
798,"tatisfe01"
12020,"snodgsc01"
978,"arroybr01"
2194,"mcpheda01"
8270,"colemca01"
1010932,"richtre01"
30085,"caspabe01"
361,"willisc01"
1000974,"birasst01"
1008140,"marshji01"
1013523,"walkeje01"
1005359,"hargrbu01"
1004067,"fischca01"
1003388,"donohji01"
6230,"kendrky01"
1005405,"harrica01"
19369,"hwangja01"
2266,"robbija01"
1002321,"claryma01"
16317,"mcraeal01"
22218,"sceroma01"
21584,"becktr01"
16074,"burdini01"
1011504,"schacha01"
1297,"delgaca01"
1010716,"raudmbo01"
1000754,"becklja01"
1007959,"madrisa01"
1012831,"tarvela01"
2743,"ricesc01"
1003437,"douglwh01"
1008770,"meolami01"
1003138,"deesch01"
1002314,"clarkwa01"
1005056,"griggha01"
1013632,"warneho01"
1003588,"durhado01"
1013971,"willial03"
1010342,"pietto01"
1006975,"kiserga01"
1014247,"woodwfr01"
25636,"gaddihu01"
15552,"greench03"
1011226,"rosscl01"
1005757,"hevinjo01"
17719,"duggast01"
3448,"mathije01"
1011192,"rosadjo01"
1003402,"doolami01"
1008784,"merribi01"
1009536,"newkifl01"
1006590,"jonessa02"
1006546,"jonesda03"
15502,"stewako01"
1006916,"kimbldi01"
1004336,"frencch01"
18564,"grishtr01"
8099,"bradeda01"
318,"dingmcr01"
29712,"montgco01"
1001416,"brickge01"
6902,"perezma02"
1004315,"freehbi01"
1006385,"jelinfr01"
1012008,"singldu01"
1013436,"vioxji01"
1003272,"dickebu01"
1789,"budzima01"
1007919,"mackeke01"
6623,"lolliry01"
27577,"schmica01"
1948,"dominan01"
1007887,"lyonste01"
1008378,"mccarti01"
9926,"parnebo01"
883,"leiteal01"
1001041,"blancda01"
1014448,"zimmero01"
1652,"sprinru01"
1007268,"lamanfr01"
1014363,"youngba01"
1008015,"maldoca01"
9343,"antonma01"
3568,"sternad01"
22717,"zerpaan01"
1006761,"kehnch01"
3728,"guzmajo03"
1006650,"jungeke01"
1004290,"francos01"
1006688,"kanehro01"
9412,"burgohi01"
1007532,"leonadu01"
20805,"perezca03"
1000098,"akersbi01"
1008605,"mclarar01"
1002316,"clarkwe01"
1013643,"warstra01"
1008443,"mcdanvo01"
1002808,"crossla01"
1012052,"slapncy01"
1080,"halamjo01"
1001742,"busbyji01"
1011720,"seerepa01"
1005777,"hickmji02"
636,"wilsokr01"
1002323,"clausal01"
1010809,"reinewa01"
1000874,"bergetu01"
18152,"misiean01"
1003518,"duboibr01"
3310,"oeltjtr01"
7531,"mchugco01"
1008019,"maliscy01"
1008186,"martipa01"
1009173,"morgach01"
1000897,"berrade01"
1002365,"cluttbr01"
19580,"ruizno01"
1014159,"wisneph01"
1646,"tallebr01"
1009264,"mouldgl01"
17679,"armenro01"
7056,"jorgery01"
1009034,"mohorda01"
1013024,"thompsa01"
20100,"baezmi01"
1001558,"brownsa01"
2238,"thormsc01"
1003614,"dyered01"
1001315,"bradlsc01"
1009546,"newsobo01"
1010582,"pyleew01"
1007877,"lyonsba01"
1012579,"stottme01"
1006878,"kessike01"
1010443,"poqueto01"
1001823,"cairnca01"
1006802,"kellyjo01"
1010588,"qualtto01"
10636,"youngma03"
1008217,"masondo01"
3732,"teafoev01"
9133,"hamreer01"
21735,"riverse01"
1012072,"smajscr01"
8044,"vargaja01"
1004386,"fuhrmol01"
1009789,"olsenol01"
11762,"syndeno01"
1009590,"niemeja01"
1003173,"delhifl01"
1013688,"waybo01"
1010521,"prescbo01"
1005503,"hausmcl01"
1010115,"peckha01"
1001144,"bolgeji01"
7341,"jacksst01"
1013471,"wadeha01"
1005936,"holbebi01"
1014353,"yorkmi01"
1012469,"steinju01"
1009709,"o'conbr02"
9060,"darneja01"
1001036,"blakeha01"
19352,"murphse01"
1014205,"wood01"
854,"venturo01"
1001856,"camacer01"
21241,"bermujo01"
1011700,"scurrro01"
8361,"powella01"
1009493,"neisbe01"
1738,"peraljh01"
1007668,"littogr01"
1011989,"simonha01"
1009643,"northro01"
1001054,"blankte01"
1006184,"humphbo01"
1141,"butlejo03"
1007483,"lehanmi01"
1005588,"heifefr01"
1011640,"schuljo04"
1007320,"langfsa01"
1006651,"juraked01"
1001598,"bruskji01"
1012651,"stumpji01"
2735,"thompmi03"
1010674,"ramirro01"
1014289,"wrighpa01"
1006586,"jonesro01"
3192,"harriwi10"
1005021,"greggto01"
1007134,"krakajo01"
1000472,"balazjo01"
1001753,"bushich01"
1011293,"ruffcsc01"
3371,"deazaal01"
1003683,"edwarbr01"
1006556,"jonesfr01"
1731,"griffje01"
1000036,"acostme01"
25814,"stubbcj01"
1001719,"burnssh01"
6419,"madriwa01"
1011255,"roweja01"
1012005,"sincobe01"
17755,"smithdr01"
1005615,"helmbho01"
4655,"mclemma02"
1002436,"colesda01"
1001624,"bucklke01"
1001007,"blackbu02"
1013483,"wagnehe01"
39,"walldo01"
1000065,"adamswi01"
14696,"kelake01"
6165,"faluir01"
14510,"vieirth01"
1005169,"haasbr01"
1005197,"hagenke01"
1001025,"blaehge01"
1005809,"hillca01"
2963,"gonzaed02"
1675,"paintla01"
1006540,"jonescl01"
1007631,"lindsfr01"
1010034,"partest02"
1001554,"brownpe01"
12533,"semiema01"
1001876,"campbda01"
1003007,"daughbo01"
1000650,"batchem01"
1013871,"whiteer01"
796,"stevele01"
1007699,"loesbi01"
1001457,"brockle01"
1012127,"smithea02"
3528,"gorneni01"
13183,"davieza02"
1005555,"hearnhu01"
1007992,"mahonda01"
1009732,"o'donjo02"
1004111,"fitzgjo04"
8216,"krynzda01"
1012076,"smallma01"
1009753,"o'harto01"
1001336,"brainfr01"
1009137,"moragda01"
1009045,"monacbl01"
25967,"martior01"
6101,"beamtj01"
1013920,"wicklal01"
1005836,"hiltoda01"
1006618,"jordasl01"
1011747,"sentepa01"
4270,"blackni01"
716,"younger01"
1002928,"dailebi01"
12562,"leathja01"
1012119,"smithda04"
1011742,"seminan01"
1000196,"alvarlu01"
9480,"kimbaco01"
1010492,"powelle01"
1005512,"hawked01"
1013989,"willide02"
833,"lillyte01"
1004098,"fisheto01"
1556,"nievewi01"
1006030,"hornsro01"
33850,"sproabr01"
1007523,"lennobi01"
1005498,"haughch01"
25427,"holloga01"
31595,"leebr02"
1003236,"dettmjo01"
15036,"dejonch01"
1008749,"mellajo01"
1000420,"bailebo01"
661,"kreutch01"
1002620,"corcomi02"
815,"clemero02"
1013653,"washebu01"
1000749,"beckeri01"
1013772,"welshch01"
1004201,"foleywi01"
1011566,"schlead01"
877,"hestejo01"
9628,"mckenmi01"
1004438,"gajkost01"
1008737,"meistka01"
1012870,"tayloed02"
5297,"hicksaa01"
1012306,"sparktu01"
1013403,"verasda01"
1014097,"wilsomu01"
1012214,"smithwa01"
1000729,"beattbl01"
1010923,"richile01"
27581,"wesneha01"
29107,"rodribr01"
1007856,"lydenmi01"
1012756,"swandpi01"
1002507,"conlege01"
1014230,"woodpe01"
1012974,"thomafr01"
1010639,"raderdr01"
1011703,"searara01"
712,"stullev01"
1008874,"millebo01"
1315,"mottoch01"
633,"suppaje01"
54,"finlest01"
1010078,"pattoto01"
1000631,"bartoda01"
1008142,"marshke01"
33628,"farrimi01"
1006465,"johnsje02"
1006529,"jonesbi03"
1012505,"sterrdu01"
1011127,"rogaljo01"
12972,"rossjo01"
1010926,"richmdo01"
1011757,"sessiwa01"
1002364,"clowebi01"
1011918,"shockur01"
7430,"suttodr01"
1000187,"altenje01"
1009788,"olsenba01"
1007570,"levsedu01"
1007008,"klingjo01"
1915,"pascuva01"
7099,"tosonre01"
1011841,"sheasp01"
15941,"nolaau01"
1002800,"crosbge01"
1008751,"meloapa01"
1006923,"kinerra01"
1010208,"perrybo02"
1002625,"coreyfr01"
1006134,"hudsoch02"
7304,"perezsa02"
316,"dawkitr01"
1013881,"whitejo01"
1011434,"sanguma01"
1010647,"raffoal01"
1011229,"rosser01"
1008114,"marlodi01"
1004332,"freigho01"
1004030,"fieldsa01"
1003130,"dedear01"
1002043,"cashno01"
1014311,"wynnebi02"
17860,"rodrijo07"
1005571,"hebneri01"
1001828,"caldwch01"
1001184,"booneda01"
1001093,"bluelu01"
1004801,"goggich01"
27481,"wilcoco01"
12185,"morriak01"
1000739,"beckcl01"
1006441,"johnsda03"
1004169,"floregi01"
3089,"whitebi04"
1005315,"hannage01"
1006503,"johnssp01"
1006169,"hughste01"
2038,"masteju01"
5503,"josepco01"
1014182,"wojeype01"
1010656,"rainela01"
12768,"grayso01"
1003229,"deshoji01"
1012806,"tablepa01"
1009804,"o'neibi01"
1010377,"pittmjo01"
25582,"bassobr01"
1004306,"frasewi01"
805,"willito02"
4243,"lobatjo01"
1003097,"dayleke01"
1013225,"turlebo01"
1007564,"leverdi01"
1003368,"donahde01"
1012737,"sutheda01"
1012351,"spoonka01"
10756,"greensh02"
1006509,"johnsto03"
1009285,"muellwi01"
304,"woodke02"
1003948,"farrejo03"
479,"millema01"
1007209,"kumemi01"
4080,"runzlda01"
1012534,"stigmdi01"
1374,"malloma01"
1008117,"maronlo01"
6293,"hirshja01"
1002238,"cihocal01"
24993,"fundeko01"
1005124,"guidrro01"
1005837,"hiltoho01"
19599,"mccorch01"
29832,"wolfja01"
2857,"gaubjo01"
23631,"andrecl02"
1012243,"snydeco01"
1004738,"gilsoha01"
1009918,"owenma01"
8471,"averyxa01"
1010252,"pettile01"
1965,"jennide01"
1006904,"killefr01"
18815,"diazmi02"
1008512,"mcgeepa01"
1011031,"roberda05"
1000751,"beckfr01"
1003736,"elliodo01"
11592,"perezwi01"
1085,"kingsge01"
19533,"jonesta01"
1002939,"dalenpe01"
12856,"springe01"
1012613,"striccu01"
9736,"badenbu01"
1013852,"whiteba01"
1001210,"boschdo01"
1000219,"anderbo01"
24935,"vallich01"
1008123,"marquol01"
12284,"smithke04"
4939,"hansade01"
1004722,"gilligr01"
1003734,"ellioca01"
14139,"almonmi01"
1003906,"fairge01"
1012138,"smithfr02"
1006764,"kekicmi01"
1013237,"turnetu01"
1012824,"tapanke01"
1009741,"officro01"
1008294,"mayele01"
16429,"martija03"
1003511,"drottdi01"
1008170,"martihe02"
1176,"polanpl01"
1002518,"connepe01"
1006928,"kingemi01"
1006113,"hoype01"
1000177,"aloufe01"
13355,"mailelu01"
1009079,"moockjo01"
25880,"brownhu01"
1004545,"garregr01"
1003898,"faheyfr01"
1008884,"milledo01"
1013000,"thompan02"
1009189,"moriage01"
1010734,"raymolo01"
14,"gilbe01"
7370,"bisenjo01"
1011709,"sebrabo01"
1009982,"papajo01"
97,"jonesch06"
11680,"diazel01"
1001947,"careysc01"
1001004,"blackbi01"
30106,"neelyja01"
19848,"hernada02"
1011308,"rusieam01"
1001898,"campki01"
1014038,"willist01"
1005733,"herrmle01"
1001018,"blackjo01"
1009169,"moreyda01"
1657,"mccluse01"
1013215,"tudorjo01"
1002569,"cookefr01"
1009839,"o'rouji01"
8979,"colemdu01"
1000096,"akerfda01"
1007431,"leallu01"
1009302,"mullige01"
2431,"carigan01"
1008554,"mcguiji01"
1005508,"hawblry01"
21333,"romerse01"
1007389,"lavelga01"
814,"clausbr01"
1000767,"beebefr01"
740,"maysjo01"
1001470,"brookbo01"
1014132,"wingoed01"
1014081,"wilsogl01"
1592,"cartela02"
1000126,"alexama01"
13042,"scottro02"
1000016,"aberal01"
1002227,"churcle01"
1000582,"barnige01"
2331,"alfonel01"
3129,"romeral01"
1000936,"bevanha01"
1009734,"o'doule01"
2074,"wangch01"
1004864,"goodwda01"
1002113,"chakabo01"
1006731,"kearsed01"
1013498,"wakefdi01"
1006105,"howerbi01"
10045,"dwyerch01"
1001666,"burgeto01"
1013797,"westbi01"
12546,"croncj01"
1014184,"wolcobo01"
1000738,"beckbo01"
1003373,"donahre01"
17806,"bishobr01"
2394,"baileje01"
1001011,"blackea01"
8055,"bixlebr01"
1006158,"hughejo01"
1006374,"jeando01"
1011823,"shawje01"
2784,"robinde02"
13211,"saupowa01"
1010455,"portema01"
1009727,"odomda01"
1013777,"wengedo01"
1005242,"halldr01"
1007330,"lannito01"
2461,"shackbr01"
8217,"thompju02"
26148,"englitr01"
10047,"myerswi01"
1000490,"ballaje01"
1002724,"craigro02"
1002140,"chaplti01"
1013353,"vandybi01"
1008996,"mitchbo03"
548,"berkmla01"
1000506,"baneed01"
1009175,"morgacy02"
1013972,"willian01"
1005982,"holshhe01"
21853,"bensowi01"
770,"cordewi01"
1000291,"archeji02"
26378,"lodolni01"
1007806,"lucasjo01"
221,"alomasa02"
1011889,"shielbe01"
1006097,"howelha01"
7641,"reinech01"
1008008,"makowto01"
758,"trombmi01"
1000512,"bankser01"
1004385,"fuentti01"
15038,"marquge01"
1008284,"maxiela01"
19563,"mondona01"
1008644,"mcmilto01"
1008218,"masoner01"
1012291,"southbi01"
1006371,"javieju01"
1007670,"litwhda01"
1003924,"fanokha01"
1012387,"stalega01"
1011207,"rosemch01"
1000377,"autrych02"
1003243,"devinad01"
1003234,"dethebo01"
1479,"smithmi06"
1013931,"wiggial01"
1007129,"koyer01"
1013560,"wallijo01"
1009203,"mooreha01"
1005374,"harnipe01"
1004243,"fossera01"
1004435,"gainene01"
1013993,"willido02"
1000855,"bentola01"
1011621,"schubhe01"
1004510,"garcira02"
1006293,"jacksch03"
19562,"shortza01"
1008507,"mcgeebi01"
1010989,"ritchwa01"
25467,"roberwi02"
1006192,"huntbe01"
1005078,"grohhe01"
722,"canizja01"
1009083,"mooneji01"
1011828,"shayma01"
5997,"jacksco01"
1006477,"johnske02"
1008148,"marshwi01"
1001674,"burkebi01"
4141,"hollade01"
1004234,"forscke01"
1013141,"touchcl01"
1007615,"lindca01"
1001320,"bradste01"
1010864,"reynoca01"
1511,"myersro01"
13736,"rothmi01"
1003619,"dykstle01"
1014341,"yerkest02"
1007815,"ludwibi01"
1003429,"doughji01"
1008180,"martijo06"
5952,"orvelch01"
1006273,"irvinda01"
1013487,"wagnele01"
1005088,"grosske01"
1009116,"moorejo01"
1009320,"mungere01"
1010619,"quirira01"
1000045,"adamsbo03"
10732,"hutchdr01"
1003010,"daultda01"
1000617,"barryje01"
1007208,"kulljo01"
1009082,"moonebi01"
12515,"hillta01"
1013103,"tollewa01"
1011134,"rogerji02"
17964,"gilbety01"
6035,"murphda07"
1008667,"mcneeje01"
1014449,"zinkwa01"
1000373,"austiji02"
14350,"tapiara01"
1002922,"daglipe01"
201,"merlolo01"
1009466,"navarju01"
1003493,"dresski01"
1006226,"hurstjo01"
1012300,"spaldal01"
18581,"bergetr01"
29866,"mcderch01"
1010576,"putmaed01"
1697,"johnsga01"
2385,"varvaan01"
1003576,"dunnro01"
1004335,"frencbi01"
1011082,"roblese01"
2218,"raburry01"
2492,"vanbuje01"
1002902,"curtige01"
1004002,"fernato01"
1000865,"berenju01"
1006242,"hutsohe01"
1005879,"hoderme01"
19853,"kingmi01"
1009086,"mooreal01"
1004079,"fishech02"
1000182,"alstoga01"
1004339,"frencpa01"
1001961,"carlsha01"
6887,"maldoma01"
705,"queveru01"
1003428,"doughch01"
1048,"middlja01"
1001822,"cainsu01"
1007830,"lumleha01"
1011750,"sepkote01"
11783,"wernean01"
1010487,"powelja01"
1002547,"consusa01"
1000419,"bailebi02"
1002681,"covelha01"
1004583,"gearhga01"
1008323,"mcallbi01"
1009256,"motaan01"
1129,"sandere02"
22799,"perdoge01"
1010888,"rhombke01"
1013725,"weekljo01"
1006858,"keougma02"
1011464,"sauteal01"
1491,"wiggity01"
1008768,"mensoed01"
1008024,"malloal01"
6927,"mosebro01"
1000285,"aquinlu01"
1014427,"zeberge01"
1814,"waechdo01"
1002482,"comerst01"
1001256,"bowesfr01"
1008535,"mcglopa01"
1007428,"leachto01"
1008505,"mcgeaja01"
1000947,"bickfve01"
12575,"ramirni01"
1012601,"strated01"
1005938,"holbowa01"
3241,"roenijo01"
12297,"marshev01"
1004487,"garagjo01"
1001147,"bollifr01"
1005450,"hartlgr01"
1001594,"brunoto01"
1005916,"hofmafr01"
1014380,"youngir01"
1000348,"atherke01"
27555,"mitchga01"
1635,"lambda01"
25416,"calvobl01"
11391,"holtty01"
14107,"gausmke01"
1010265,"pfeilbo01"
11250,"rasmuro01"
1009020,"modakmi01"
1002889,"curribi01"
10976,"orourry01"
1004138,"flannti01"
1008276,"mauner01"
1004952,"grantmu01"
1007702,"loftufr01"
1001012,"blacket01"
1008099,"maranra01"
1464,"monrocr01"
1012586,"stoveha01"
1006269,"iottha01"
16939,"thomala02"
1007479,"leftwph01"
1002799,"crosbed01"
1003304,"dillmbi01"
12876,"zychto01"
1012818,"tananfr01"
1013392,"veddelo01"
1000553,"barlomi01"
1000705,"beallwa01"
18363,"roblevi01"
1005465,"hartto01"
1011552,"scherbi01"
6863,"sandofr01"
1014257,"workmho01"
1014133,"wingoiv01"
1012853,"tayloar01"
3411,"buterdr01"
4672,"lakeju01"
1012730,"suscege01"
13621,"candeje01"
26546,"ramirag01"
27914,"palenda01"
1012898,"tebbebi01"
12148,"kubitky01"
1010244,"petrage01"
7507,"sanchjo01"
1011484,"saylo01"
1003942,"farredu01"
1002798,"crookto01"
1005856,"hippahe01"
1002708,"coxte02"
1007563,"levanje01"
5535,"cokeph01"
22288,"englema01"
1006345,"jamesbo01"
817,"manuero01"
1005237,"hallbo02"
1004202,"foliti01"
1012719,"summeed01"
1010051,"patejo01"
1002020,"carteni01"
1009990,"pardoal01"
1004977,"graydo02"
2548,"richadu02"
1004840,"gonzala02"
20404,"youngja02"
6002,"owensje01"
8302,"ramirjc01"
1008342,"mcbrige01"
1009993,"parenma01"
1000732,"beaucji01"
1011339,"ryanja03"
1000879,"bergmda01"
1002164,"chaseke01"
1005287,"hamnera01"
1001814,"cafegto01"
1000431,"bailest01"
4424,"niesejo01"
1001631,"bueloch01"
11428,"workmbr01"
1009463,"natonpe01"
33266,"wilsoja05"
1005326,"hansegr01"
1010646,"raffeke01"
1005017,"greered01"
1006972,"kirkwdo01"
1012139,"smithfr03"
13269,"vinceza01"
1010382,"pizarju01"
19343,"pukaj01"
1011470,"savagte01"
1011241,"rothfja01"
1003077,"davissc01"
1007985,"maherto01"
1003134,"deegadu01"
13795,"stameer01"
25183,"avansdr01"
1007497,"leiped01"
1003768,"emigch01"
1011985,"simmopa01"
1011070,"robinja02"
1011144,"rohdeda01"
1012241,"snydebr01"
1006074,"howarda01"
4220,"zimmery01"
1012704,"sullile01"
1004991,"greendi01"
1011404,"sanchal01"
1012843,"tatumke01"
13228,"reedmi02"
1200,"coxst01"
1007360,"larsesw01"
24492,"rodrigr01"
1000786,"belanma01"
1014129,"wingaer01"
1012441,"staufed01"
1000864,"berenbr01"
1002566,"cookdo01"
1009363,"murphfr01"
1009501,"nelsoge01"
26197,"vaughan01"
1001748,"buschmi01"
380,"drewti01"
1004824,"gomezpa01"
15603,"hernaar01"
1012865,"tayloda01"
1011398,"samueam01"
1011131,"rogerfr01"
5985,"delgara01"
1389,"rebouje01"
3217,"valdejo01"
21614,"isbelky01"
1011864,"shepaja01"
1011682,"scottge02"
1007644,"lipetan01"
1010859,"reyesna01"
14707,"lailbr01"
1013075,"tinkejo01"
21635,"matonni01"
7208,"hermije01"
1003901,"fahrje01"
1008208,"marzajo01"
27515,"sawamhi01"
1006167,"hugheto05"
1009084,"moonle01"
2429,"klubeco01"
30056,"festada01"
6620,"burnsco01"
1001145,"bolicfr01"
1561,"bowiemi01"
13781,"woodal02"
22530,"rodrijo10"
1013102,"tolivfr01"
1000883,"berkena01"
15006,"santolu01"
1012892,"tayloto02"
1000870,"bergehe01"
1010474,"pottsda01"
1007539,"leoned01"
1296,"cruzjo02"
1006130,"hudgeji01"
4632,"kigerma01"
1001662,"burdele01"
1007786,"lowebo01"
1011057,"robinch01"
1005469,"harvebr01"
1003021,"daviara01"
1012059,"slaugdo01"
1013650,"washbgr01"
1009208,"morriha01"
1011074,"robinke01"
1010712,"ratlipa01"
1013788,"wernedo01"
1003655,"ebrighi01"
754,"romerj.01"
1013817,"wetzedu01"
23296,"amayaja01"
1006723,"kaybi01"
24729,"ohopplo01"
1013112,"tomneph01"
1004489,"garbabo01"
1007603,"liesefr01"
6132,"elyjo01"
21682,"deloslu03"
1002964,"danekpa01"
1006762,"keifeka01"
1009854,"ortegbi01"
1011569,"schlidu01"
1648,"wathadu01"
1012581,"stoucto01"
1001793,"byrdha01"
20175,"braymbe01"
1303,"hallaro01"
4313,"poredaa01"
1006784,"kellifr01"
1011264,"roych01"
12691,"wilsoty01"
1012554,"stodd01"
1004691,"gilbejo01"
14033,"hauscmi01"
14329,"alforan01"
1011184,"rooksge01"
1001653,"bunniji01"
1007611,"lincoez01"
20375,"weissgr01"
1000835,"benjast01"
1001436,"brinkbr01"
1007400,"lawrese01"
1010177,"percoja01"
1013849,"whitbbi01"
1001142,"bolesca01"
1003593,"durnbbo01"
3107,"slatedo01"
1014295,"wrighsa01"
16703,"merryju01"
2502,"dudalu01"
1014222,"woodji01"
1011698,"scrugto01"
11166,"barriyh01"
1013902,"whitmda01"
1002645,"cortaje01"
1009534,"newhado01"
1002610,"corbejo01"
1007405,"lawsobo01"
1744,"cabremi01"
1012162,"smithji01"
4538,"hammeja01"
1011198,"rosarvi01"
1009674,"oatesjo01"
1005478,"hassebu01"
1002887,"currela01"
1014187,"wolfech01"
1004365,"friseda01"
19458,"hummeco01"
1011415,"sandede02"
1045,"lawrebr02"
1010686,"ramsemi01"
1005882,"hodgeed01"
1010565,"puleoch01"
1013429,"vinesbo01"
3457,"stockme01"
1005849,"hinshge01"
29573,"cookbi01"
27819,"youngbr01"
1011021,"roberan01"
1001929,"caprani01"
25873,"thomaco02"
1007500,"leistjo01"
1004077,"fishebr01"
1006471,"johnsjo03"
1002499,"congabu01"
1005606,"heitmha01"
1001626,"budasma01"
2040,"shearto01"
1007236,"lachoal01"
1006222,"hurstbr01"
1002870,"culvege01"
20,"levinal01"
1008356,"mccalbr01"
1058,"vazqura01"
1001971,"carmora01"
1004427,"gagnegr01"
33825,"yamamyo01"
1475,"rauchjo01"
1002065,"castima01"
1012481,"stengca01"
26034,"maldoan01"
1007555,"lerscba01"
1007102,"koonsha01"
27505,"arihako01"
1003601,"duserca01"
18256,"grotzza01"
1014408,"zackege01"
749,"randasc01"
1000967,"billibr01"
1005300,"handlle01"
1012028,"skafffr01"
14813,"farmeky01"
1011727,"seibeku01"
1007605,"lillage01"
1013005,"thompfo01"
16981,"beedety01"
16943,"newcose01"
1001788,"buzhajo01"
535,"pennybr01"
1004072,"fischto01"
1004675,"gibsowh01"
3087,"ariasal02"
1003225,"derryru01"
1000837,"benneda01"
7655,"boscawi01"
8272,"tuiasma01"
2283,"lopezmi01"
6936,"sosahe01"
1011660,"schwara01"
1003600,"dusaker01"
1001644,"bullesc01"
17304,"ramirem01"
1006426,"johnsbi03"
6869,"mateoma01"
1008087,"manuemo01"
1003811,"erickra01"
1011291,"ruethdu01"
1007766,"loudeba01"
1009892,"oteybi01"
1000805,"bellfr01"
27783,"brzykza01"
1009314,"mumphje01"
1013634,"warneja02"
227,"credejo01"
1003003,"daubda01"
1009947,"paepkde01"
552,"bulliki01"
1001434,"brillji01"
20233,"celesgi01"
1012029,"skaggda01"
1014324,"yarriru01"
16115,"gerbemi01"
19238,"gurrilo01"
29833,"nastrni01"
11133,"gastjo01"
1007945,"maddemo01"
1003192,"demerla01"
13359,"naquity01"
1003219,"derbyge02"
1010816,"reisich01"
1003230,"desiljo01"
1011897,"shillji01"
1011716,"seedsbo01"
1000324,"arntzor01"
1006727,"kealest01"
1002775,"crissdo01"
19608,"lopezot01"
1006843,"kennejo02"
1006160,"hughemi01"
5380,"perdolu01"
1013674,"watline01"
921,"hudsoti01"
1008190,"martipe03"
1010048,"pastofr01"
1011485,"sayloph01"
475,"limajo01"
1003706,"eglofbr01"
1007263,"lakemal01"
1012200,"smithre05"
19961,"welkeco01"
1001465,"brohaja01"
5248,"casilal01"
18525,"ceasedy01"
1012477,"stelmri01"
1006055,"housecr01"
1000101,"albanjo01"
2481,"martilu02"
1004976,"graype01"
1012778,"sweenje01"
1000053,"adamshe01"
1004715,"gillepe01"
1002215,"chrisla01"
22275,"burgeja01"
1000526,"barbech01"
1006692,"kanejo02"
4534,"wolfro01"
1008897,"millefr02"
1000244,"anderva01"
1212,"hoovepa01"
1009907,"oullijo01"
1004777,"glennbo01"
1001895,"campfsa01"
1010031,"parsoto01"
9646,"moranbr01"
1002848,"cuccito01"
1008531,"mcglike01"
1013847,"whitapa01"
1010465,"posselo01"
1013630,"warneed01"
466,"fickro01"
1007454,"leedu01"
1012230,"snidedu01"
5107,"marteje01"
1006751,"keenaki01"
1007739,"longry01"
1012671,"suerowi01"
4222,"galarar01"
10603,"salech01"
1005062,"grimeed01"
1011955,"siegljo01"
19968,"olivaja01"
1013793,"wertzbi01"
1000173,"almeira01"
4875,"watkilo01"
1013721,"webstra02"
1003907,"fairlro01"
1012659,"st.vrji01"
1009300,"mullied01"
1013238,"tuttlbi01"
1002992,"darrmi01"
1001279,"boydoi01"
2329,"decasyu01"
1006263,"ingrame01"
1005891,"hodnech01"
1006969,"kirkped01"
1005250,"halline01"
8267,"iannech01"
1001549,"brownno01"
5938,"saccoma01"
1010306,"piccini01"
1010603,"quinnfr01"
1013842,"whisela01"
1005292,"hanckbu01"
1007101,"kooncca01"
1010804,"reilljo02"
1009593,"nietoto01"
1003246,"devinmi01"
1006472,"johnsjo04"
480,"moehlbr01"
1004340,"frencra01"
1003020,"daveymi01"
1013180,"trevial01"
1005816,"hilleho02"
1001877,"campbda02"
5365,"banuema01"
1010172,"peppeha01"
1004015,"ferrycy01"
1007197,"kuczest01"
1748,"vitiejo01"
1002742,"crawfji01"
1013117,"tonkido01"
20505,"waterdr01"
6387,"bournmi01"
1002366,"clybuda01"
16990,"banksta01"
1008882,"millecy01"
16165,"povsema01"
1007306,"lanech01"
3443,"robinch02"
7331,"smithse01"
1000673,"battlal01"
1009284,"muellwa01"
115,"smoltjo01"
26190,"henlebl01"
1007900,"macdoro01"
1013537,"walketo03"
1006895,"kielyle01"
1005520,"haydeha01"
1008110,"marisro01"
1004706,"gilkebe01"
1013555,"walleno01"
1009179,"morgajo02"
4781,"geerjo01"
1009507,"nelsora01"
1009663,"nuszem01"
7095,"dickech01"
1554,"wisede01"
1003235,"detorge01"
1009365,"murphjo01"
1005079,"grohle01"
847,"soriaal01"
1011476,"sawyeca01"
10950,"duvalad01"
1036,"hubbatr01"
651,"greensh01"
14672,"mapledi01"
1863,"valdewi01"
1005817,"hillejo01"
1005262,"hallto01"
1009614,"noftsge01"
1009498,"nelsoca01"
16432,"grifffo01"
5867,"salazda01"
1003969,"feldema01"
1006007,"hoovech01"
1005931,"hoguebo01"
1014210,"woodbge01"
15734,"kellebr01"
23818,"baeji01"
1011176,"romonjo01"
1000889,"bernato01"
21562,"gonzaro01"
1001187,"booneik01"
1011520,"schanch01"
1005193,"haffole01"
11146,"ruppca01"
1062,"tuckery01"
1012580,"stottme02"
25813,"kessigr01"
1001091,"bluegot01"
1014110,"wilsotu01"
1002652,"cosmaji01"
5640,"clippty01"
1758,"smithst02"
1012706,"sullima02"
1003512,"drucklo01"
1004951,"grantma01"
1001083,"blongjo01"
2103,"willijo03"
1932,"diazfe01"
1009176,"morgaed01"
1010086,"pavledo01"
1010749,"rederjo01"
1007533,"leonadu02"
1002150,"chapmke01"
1005068,"grimmch01"
1003441,"dowdki01"
1001158,"bondto01"
5834,"pillbr01"
1007256,"lahoujo01"
1002756,"creelgu01"
14506,"wendejb01"
2149,"ventomi01"
1003808,"erickha02"
1007218,"kushem01"
21649,"medinlu02"
1007049,"knoopbo01"
1006801,"kellyji01"
1013450,"volzja01"
1007776,"lovetjo01"
1002274,"clarkda02"
893,"piazzmi01"
1009272,"mowryjo01"
8173,"gallayo01"
1010681,"ramospe01"
1005587,"heidrem01"
3674,"hollimi01"
1012943,"thackmo01"
4199,"nifu01"
12364,"cornejo01"
20036,"paredis01"
1004758,"glassto01"
1009342,"murffre01"
24671,"wilsoco01"
1002936,"dalcabr01"
1001486,"broutda01"
3868,"navaros01"
1000905,"berryjo01"
1006153,"hugheed01"
4696,"jonesna01"
1006623,"jorgeor01"
10655,"brantro01"
1009126,"moorero01"
1007189,"kubenje01"
12552,"suareeu01"
1006725,"kazante01"
3085,"esposbr01"
1011605,"schoomi01"
1013421,"vicker01"
1001606,"bryange01"
1013771,"wellste01"
1004047,"fimplja01"
10265,"marksju01"
1014394,"younted01"
1006172,"huismri01"
1014039,"willist02"
31437,"jungja01"
1010380,"pitulst01"
1010442,"popplge01"
1553,"gonzara01"
1008246,"matlajo01"
1010514,"prattla01"
1000078,"adlesda01"
1013891,"whitesa01"
1006868,"kernji01"
1010023,"parroji01"
1010634,"radclri01"
1005978,"holmefr01"
8380,"brignre01"
844,"riverma01"
442,"ortizjo04"
1001181,"boolal01"
1013586,"waltefr01"
20043,"roberlu01"
78,"womacto01"
1003536,"duganed01"
12158,"barneau01"
13338,"narvaom01"
3293,"bowerce01"
1003846,"etchibu01"
16634,"sanabca01"
1006128,"hudekjo01"
1009076,"montral01"
1003350,"doddto01"
7,"callami01"
1004513,"gardeda01"
1002546,"constji01"
1007589,"lewiste01"
1002177,"cheneto01"
1003374,"donahsh01"
1004223,"fordru01"
1001353,"brannot01"
1008446,"mcdermi01"
1010012,"parksar01"
1011343,"ryanjo02"
1012427,"starkco01"
11855,"ventuyo01"
10348,"santado01"
1008167,"martige01"
1004022,"fickjo01"
1008841,"mickeed01"
26,"nievejo01"
22286,"rogertr01"
1004182,"flynndo01"
1228,"sosajo02"
1274,"rodrial01"
11528,"osichjo01"
1005340,"hardesc01"
1000873,"bergema01"
1012655,"sturgbo01"
19614,"perezci01"
188,"fossuca01"
1006478,"johnske03"
1013025,"thompsc01"
1009017,"mizeubi01"
21626,"coningr01"
1000085,"aguaylu01"
1002361,"clostal01"
6978,"francju02"
18454,"kelletr01"
1003466,"doylejo02"
1002597,"coopegu01"
1004947,"grantge01"
1013892,"whitesa02"
1695,"vargacl01"
1012618,"striege01"
1013304,"ussatdu01"
1012466,"steinha01"
17897,"cleavga01"
669,"quantpa01"
23429,"searsjp01"
1002829,"crowlte01"
1006235,"hutchbi01"
1003710,"eibelha01"
1003469,"doylesl01"
1011723,"segelhe01"
1008541,"mcgraho01"
1001151,"bollwdo01"
17750,"schroma01"
1011813,"shautjo01"
1005413,"harriga01"
1002668,"coughbi01"
1008053,"mandeha01"
1007723,"lomonke01"
1011738,"selmafr01"
9195,"blackvi01"
1014119,"winchfr01"
1013282,"underwi01"
1009384,"murrada02"
1014468,"carfred01"
1012568,"stonejo01"
20536,"brujavi01"
1005144,"gundeer01"
14453,"heinesc01"
1001976,"carpebo01"
18872,"jonesja08"
1007423,"leach01"
1005133,"guldebr01"
1009328,"munozmi01"
1005312,"hanleji01"
1007698,"loeppge01"
1014407,"zachrpa01"
19876,"ginkeke01"
1005022,"greggve01"
1009290,"muldomi01"
1009828,"oquismi01"
1009155,"morefo01"
1005987,"holtre01"
1005074,"grissma01"
1004635,"gerlajo01"
1004379,"fryje01"
21837,"arandjo01"
1013832,"wheeled01"
1005618,"hemanru01"
29754,"bachmsa01"
1002255,"clancji01"
1013612,"wardha01"
1721,"reyesca01"
23974,"rodrira02"
1010388,"plantph01"
1002489,"comptmi01"
1004695,"gilbepe01"
1009067,"montere01"
12042,"grahajr01"
1013990,"willidi01"
1010349,"pilaral01"
1007147,"kraveke01"
8137,"garcija02"
1007228,"kylean01"
1004569,"gastrha01"
1010766,"reedho01"
1001542,"brownma02"
1000086,"aguilri01"
1005614,"hellmto01"
3873,"spruize01"
1007969,"magnejo01"
1006748,"keelybo01"
1000766,"bedrost01"
1013744,"weisbu01"
1007655,"listapa01"
1012326,"spencro01"
24452,"avilalu02"
1000048,"adamsda01"
9334,"hamilma01"
1750,"raggibr01"
1008571,"mcintha01"
1011916,"shochge01"
3855,"oberhbr01"
30162,"colasos01"
1013835,"wheelge01"
1001595,"brunsar01"
1007254,"laggeed01"
1004446,"gallabi01"
1000144,"allenhe01"
1009886,"ostrojo01"
1004129,"flahepa02"
1004962,"gravejo01"
970,"rolensc01"
1003203,"dempsri01"
1008310,"mayru01"
1004516,"gardimi01"
1008622,"mcleala01"
1001654,"burbabi01"
1002230,"ciaffla01"
1011834,"sheami01"
1000371,"austihe01"
3271,"waldejo01"
1002151,"chapmra01"
1808,"hessmmi01"
26368,"bledajj01"
1013911,"whitsed01"
1006941,"kingne01"
1012007,"singebi01"
1010558,"pucketr01"
18083,"allenau01"
3811,"theriry01"
1008602,"mcknito01"
1003109,"deanha01"
1004199,"foleyto01"
1001708,"burnsge01"
1013245,"twittje01"
1000555,"barmebr01"
24978,"sabroer01"
1011530,"scheeal01"
1975,"judyjo01"
1001854,"calvepa01"
1465,"morenju02"
1009962,"paigesa01"
620,"perezne01"
1014185,"wolfeba01"
1000174,"almonbi01"
1002890,"curricl01"
1007251,"laforty01"
1004578,"gautrsi01"
1002602,"coopewi01"
1012769,"sweasch01"
1000211,"amoledo01"
1003249,"devliji01"
1010319,"pickuty01"
1007070,"kochebr01"
1010578,"puttmam01"
16944,"holmegr01"
10843,"kolarad01"
9155,"brewech01"
15454,"pivetni01"
1001292,"bozema01"
1011123,"roeslmi01"
1008374,"mccarjo02"
1007736,"longle01"
1991,"willigl01"
400,"perezed02"
1010017,"parneme01"
1012053,"slappjo01"
1008156,"martibu01"
1008499,"mcgahed01"
1011147,"rohrbi01"
1013551,"wallaji01"
1000279,"apodabo01"
1011066,"robinfr02"
1010207,"perrybo01"
1000393,"babbch01"
6113,"houseja01"
1009703,"o'brito01"
1011177,"romovi01"
1000635,"bartsch01"
1005932,"hogueca01"
16448,"nottija01"
1006778,"kellemi01"
1008748,"melilsk01"
1012404,"stanist01"
1009091,"moorebi01"
4138,"villaca01"
1011564,"schirdu01"
1012101,"smithbo03"
1008419,"mccormi02"
1000055,"adamsjo01"
1004191,"fogarji01"
1013855,"whitebi03"
1014338,"yelloch01"
18314,"swansda01"
1004718,"gilleto02"
1009445,"nancedo01"
1009118,"mooreju01"
1001745,"busbyst01"
1009705,"o'brito03"
1012631,"stroued01"
1011643,"schulmi01"
26294,"stottbr01"
12220,"hesslke01"
1797,"cottsne01"
1002984,"darcypa01"
1000476,"baldwbi01"
1006052,"housebe01"
1013626,"wareje01"
1002954,"dalyge01"
1006318,"jacobbr01"
11281,"merriwh01"
25645,"cronide01"
1013335,"valoel01"
1001100,"boakch01"
1007871,"lynnby01"
1944,"martian01"
1004490,"garbami01"
1240,"carrahe01"
1011429,"sanfoch01"
826,"jeterde01"
1013164,"trayji01"
1013618,"wardjo04"
1004193,"fohlle01"
1001155,"boltoto01"
1012456,"steenmi01"
2332,"peraljo01"
1008332,"mcaulge01"
1002435,"colesch01"
14677,"underdu01"
1199,"contija01"
1012192,"smithph01"
1012498,"stephph01"
1005715,"hernaxa01"
447,"mesame01"
27470,"hancoem01"
1012893,"taylowa01"
1002451,"collied01"
1010591,"queenme01"
1005310,"hankifr01"
1007132,"kraemjo01"
1628,"torresa01"
1004462,"galliph01"
3472,"holmst01"
936,"augenbr01"
1006466,"johnsji01"
4328,"eldrebr01"
2835,"saverjo01"
1014453,"zinsebi01"
1002943,"daleyjo01"
1000194,"alvarga01"
1012018,"siskto01"
20231,"logueza01"
1008034,"malonbi01"
1014392,"youngti01"
29554,"delcaad01"
1002149,"chapmjo01"
1000570,"barnere01"
5066,"bullibr01"
1007390,"lavenji01"
2145,"guzmaan01"
1002257,"clapich01"
1012171,"smithke03"
1013573,"walshji02"
1011225,"rossch01"
1005845,"hinespa01"
1014200,"wolteha01"
11812,"baldoal01"
1001003,"bjorkge01"
1009295,"mullefr01"
1012988,"thomamy01"
1000561,"barneed01"
1014446,"zimmeje02"
21652,"pegueel01"
1953,"valdera02"
1010400,"plunker01"
1004203,"folkeri01"
1013293,"upshawi01"
1008349,"mccabjo01"
1013514,"walkeed01"
940,"tamje01"
1010706,"rathfr01"
16218,"gravebr01"
1013244,"twitcwa01"
1013866,"whiteea01"
1008627,"mcmacsa01"
1004043,"filipst01"
1013554,"wallati01"
1006896,"kienzbi01"
1003500,"dreyest01"
1005864,"hittro01"
1001668,"burgmto01"
1012816,"tamarjo01"
1013982,"willida01"
1011773,"sextoji01"
5223,"maybica01"
3593,"wrighch01"
1004703,"gilgu01"
1001506,"browncu02"
2881,"sizemsc01"
1013213,"tucketo01"
2557,"perezju01"
1003149,"dejanmi01"
1875,"hamiljo03"
1003208,"denniot01"
1002115,"chalmge01"
22515,"ramoshe02"
12664,"eickhje01"
1001864,"cammaer01"
5564,"whitese02"
1008095,"mapleho01"
18313,"payanpe01"
1012773,"sweenbu01"
1013667,"watkibi01"
1013246,"twombba01"
495,"salazos01"
1000772,"beelejo01"
1000407,"baeched01"
1007966,"maggeha01"
49,"blankky01"
1284,"vanpoto01"
1013208,"tsitojo01"
1006883,"ketteph01"
1005461,"hartsgr01"
1012558,"stokear01"
1009832,"orengjo01"
1010643,"radmary01"
1895,"otsukak01"
14814,"farmebu01"
2344,"sandoda01"
1005235,"hallbi02"
1014061,"wilsoar03"
33482,"dollach01"
1003795,"enzmajo01"
1010317,"pickeur01"
1330,"beatope01"
1003254,"devorjo01"
3196,"youngch03"
1004897,"gotayju01"
6235,"sadlebi01"
1010478,"poundbi01"
22343,"alexyaj01"
1002631,"cornebr01"
4090,"gregelu01"
1008532,"mcgloji01"
1000701,"baynebi01"
8404,"figaral01"
6166,"kensilo01"
1006906,"killehe01"
1005695,"hernaal01"
10700,"lamarry01"
1009460,"nastuph01"
1013840,"whelato01"
1011994,"simpsdu01"
20151,"karinja01"
5342,"gomezma01"
1005037,"griffbe01"
1859,"falkebr01"
1002586,"cooneji01"
1001427,"brigggr01"
1012124,"smithdo01"
1001673,"burkael01"
1001780,"butleki01"
1007859,"lylesp01"
1312,"lyonbr01"
1002667,"couchmi01"
9954,"cecilda01"
1106,"aurilri01"
1005122,"guettle01"
1014231,"woodro01"
1000353,"atkinle01"
1010491,"powelji01"
1006770,"kelledu01"
3256,"castiwe01"
1000854,"bentobu01"
1011259,"rowesc01"
1005142,"gumpeda01"
1005596,"heintke01"
18335,"staumjo01"
14552,"ruizjo01"
9309,"baumabu01"
11579,"harpebr03"
1004171,"florepa01"
1005018,"greerke01"
1006520,"jones01"
1001706,"burnsed01"
1006635,"joycedi01"
1003726,"elkope01"
11580,"mulleco01"
1013427,"villahe01"
1007319,"langfri01"
1001950,"cargobo01"
15671,"hinojda01"
1011095,"rodgean01"
1429,"puntoni01"
1007814,"ludolwi01"
1008467,"mcdonke01"
1004480,"gannogu01"
5909,"mischpa01"
1005408,"harrida01"
14320,"difowi01"
1001232,"bouched01"
1003270,"dibutpe01"
1005175,"haberem01"
1004679,"giebefl01"
1010301,"phoebto01"
1004267,"foutzfr01"
1000217,"anderan01"
1000376,"autrych01"
1204,"escalfe01"
1005670,"henrydw01"
1007465,"leesa01"
1002096,"ceccaar01"
1014461,"zuberjo01"
1006231,"hustebi01"
1011684,"scottji01"
1012966,"thomabu01"
1012418,"stantbu01"
1009296,"mullegr01"
347,"reithbr01"
1006468,"johnsji03"
1007093,"koneted01"
1003088,"daviswi02"
1006533,"jonesbu01"
1008916,"milleno01"
1003849,"ettlema01"
1002228,"churnch01"
1003501,"driesda01"
1000066,"adamswi02"
1829,"hillko01"
1007791,"lowerte01"
1004688,"gilbech01"
1004933,"grahape01"
1012859,"taylobi04"
1001281,"boyercl01"
15915,"aranovi01"
1004531,"gardnro01"
1012572,"stonero02"
24485,"croplty01"
1004110,"fitzgjo03"
1012775,"sweenda01"
1009347,"murphbu01"
1000677,"battsma01"
27626,"orzeer01"
1260,"ludwiry01"
1703,"willido03"
1003566,"dunlafr01"
1011358,"sackafr01"
1012897,"teachbu01"
1008906,"millejo02"
6384,"brownma05"
1010961,"rignejo01"
1002297,"clarkme01"
6876,"trumbma01"
1005428,"harrire01"
1010608,"quinnjo03"
1013755,"welchhe01"
1002434,"colesca01"
1010205,"perrini01"
17701,"cuasjo01"
1009205,"morried02"
1001040,"blancal01"
1011894,"shielvi01"
26907,"iriarja01"
1013864,"whitedo01"
1001603,"bryancl01"
1002643,"corrire01"
1007941,"maddege01"
1006850,"kennete02"
1004486,"ganzejo01"
1011663,"schwepi01"
1001579,"bruetj.01"
12537,"mazzoco01"
1004926,"grahabi02"
1005231,"hallal01"
15986,"adamewi01"
1012125,"smithdw01"
1014443,"zimmeed01"
560,"hernaca03"
1002105,"ceronri01"
1001280,"boydra01"
14966,"moronre01"
1012903,"teeddi01"
1010924,"richiro01"
1012560,"stonebi01"
1012062,"slaybbi01"
11384,"kahnlto01"
1008855,"milacbo01"
1008629,"mcmahdo02"
1002397,"coggiri01"
1013184,"trillma01"
1007720,"lombaph01"
3622,"barfijo02"
251,"pauljo01"
1013997,"willifr01"
12147,"ahmedni01"
1010893,"ricebo01"
1010548,"prougbi01"
1009033,"mohlemi01"
1011543,"schelal01"
1011091,"rockeik01"
6986,"kenneia01"
5933,"segurje01"
1001979,"carpehi01"
20344,"cederbl01"
5224,"parkebl01"
1117,"jensery01"
1003117,"debarde01"
1011284,"rudoldi01"
1003590,"durhajo01"
1006065,"housiwa01"
1003946,"farrejo01"
1012932,"terryze01"
1007494,"leifile01"
1011509,"schaema01"
1002657,"cotepe01"
1008720,"meegape01"
1011909,"shiredu01"
1003503,"driscde01"
1003945,"farreja03"
15580,"alvarda02"
1006721,"kavanle01"
1000136,"allenbo04"
2882,"avilalu01"
1002727,"cramedo01"
1013228,"turneje01"
1006819,"kelsebi01"
1006427,"johnsbi04"
1012662,"suareke01"
1005883,"hodgegi01"
7468,"tatumcr01"
1375,"valenjo02"
1009378,"murphwi01"
8709,"andruel01"
1001782,"butleri01"
1012454,"steenbi01"
1008133,"marshbi01"
1010941,"ricoar01"
1008721,"meehabi01"
1004258,"fostero02"
1223,"rupery01"
21549,"kowarja01"
13005,"tomlike01"
1002876,"cunnibe01"
1009538,"newlima01"
1006668,"kahoemi01"
5567,"sharpjo01"
3395,"pennicl01"
11476,"herreod01"
1011311,"russebi01"
1013449,"vollmcl01"
1003494,"dressle01"
1011929,"shortbi01"
1009475,"nealejo01"
12564,"storytr01"
1000807,"bellge01"
1010997,"ritzji01"
1009625,"nordbti01"
1004920,"grafflo01"
1014456,"zitzmbi01"
12669,"knudsgu01"
1255,"irabuhi01"
18839,"naylojo01"
1007517,"lemonbo01"
4647,"greenad01"
4371,"hellije01"
1004322,"freemjo01"
1008437,"mcculpa01"
1008230,"mastewa02"
1003826,"esmonji01"
1003624,"eaglebi01"
1006094,"howeldi01"
1008116,"marolfr01"
1008164,"martife01"
1011991,"simonmi01"
1007934,"macphwa01"
1005732,"herrmed01"
1007003,"klinebo02"
1010644,"radtkja01"
1003732,"ellioal01"
1000290,"archeji01"
1066,"bloomwi01"
1460,"mallebr01"
1006658,"juulhe01"
1011959,"sievero01"
19583,"poppese01"
1397,"laneja01"
1012715,"sullito02"
1010156,"pendlji01"
90,"glavito02"
1006830,"kennaed01"
1004746,"girarch01"
30184,"camerno01"
1012433,"starrdi01"
1000138,"allendu01"
12268,"courtry01"
1000413,"bagwebi01"
1012341,"spikech01"
1001442,"brisslo01"
13293,"couloda01"
1000659,"batesfr01"
1001413,"briceal01"
1001785,"butteto01"
11157,"jokiser01"
547,"bagweje01"
1533,"clarkho02"
1008022,"mallema01"
1002722,"craigpe01"
1005714,"hernawi01"
1005246,"hallhe01"
3096,"janseke01"
1012211,"smithto03"
1006758,"keeseji01"
12979,"baezja01"
299,"osbordo01"
1002833,"crumlge01"
1004342,"freybe01"
13444,"perkica01"
1012912,"tenerjo01"
1004355,"frienbo01"
9629,"omallsh01"
1013828,"wheatza01"
1011919,"shoemch01"
1011360,"sadecra01"
1007664,"littlje01"
1007651,"lisenho01"
22224,"heasljo01"
1005673,"henryji01"
1011333,"ryanbl01"
10099,"ackledu01"
7316,"mastrda01"
1006335,"jaegejo01"
1011433,"sanfomo01"
1004439,"gakelda01"
1013923,"wieante01"
1011081,"roblera01"
12144,"keplema01"
1012240,"snydebi01"
1013680,"watsomi01"
7927,"sogarer01"
1010645,"raethha01"
1011838,"shearge01"
10441,"singljo02"
822,"hensodr01"
1005966,"holloke01"
2737,"rlealse01"
1006151,"hughebo01"
1004560,"gaspaha01"
1006995,"kleinre01"
1005311,"hankija01"
1005635,"hendero01"
1009177,"morgaed02"
12751,"pillty01"
24257,"noeljh01"
1001633,"buesar01"
20385,"mattsis01"
1519,"sedlash01"
1005598,"heinzja01"
1008272,"mauckha01"
25353,"stefami01"
1006015,"hopkiga01"
1011896,"shiffst01"
1011941,"shugafr01"
1002925,"dahlgba01"
1006825,"kemmlru01"
16511,"montgjo01"
13593,"perazjo01"
1007556,"leshndo01"
1014241,"woodsp01"
1003044,"davisda01"
1011713,"secrido01"
11071,"jannimi01"
1009995,"paristo01"
25931,"harrimi04"
1007036,"knickau01"
1095,"podsesc01"
1011513,"schaijo01"
1005189,"haefnmi01"
1010433,"pooleed01"
1006396,"jennihu01"
1007262,"lakejo01"
1006383,"jeffrir01"
1007194,"kucabjo01"
3978,"heisech01"
18684,"alcansa01"
1001963,"carlssw01"
1887,"bautijo02"
31900,"mazurad01"
27963,"acostma02"
2219,"bassbr01"
1376,"johnsma01"
1000963,"bilarda01"
48,"bellja01"
1001508,"brownda01"
21524,"bartjo01"
1001955,"carliji01"
1010008,"parkesa01"
1006837,"kennedo01"
29779,"muncyma02"
1006271,"irelaha01"
1006442,"johnsda04"
28312,"mayoco01"
1003605,"dwighal01"
1012370,"spurned01"
1010939,"ricklch01"
1010386,"planked02"
1001795,"byrdji01"
1014418,"zapusjo01"
1006210,"huntke02"
1006386,"jelksgr01"
523,"johnsch04"
1006317,"jacobbe01"
1004488,"garagke01"
11445,"canhama01"
1010114,"pechoch01"
1006138,"hudsojo02"
1013596,"wanerll01"
1011525,"scharge01"
1013810,"westoal01"
1013741,"weintph01"
1009900,"otted01"
1010504,"powerte01"
20491,"bukaujb01"
1006159,"hugheke01"
1010119,"pederst01"
1005782,"higbeki01"
33527,"waldrhu01"
1013930,"wietewh01"
1003147,"deisepa01"
1012236,"snopech01"
1013209,"tubbsgr01"
1000209,"amelued01"
1626,"sneades01"
1005483,"hastich01"
11189,"velasvi01"
1013150,"trabeji01"
1002055,"castege01"
1011239,"rothebo01"
19754,"sanmare01"
1013016,"thompjo01"
1010689,"randabo01"
8201,"devrico01"
1008025,"mallobe01"
1002040,"caseyjo01"
5128,"larisje01"
6012,"gregodi01"
6019,"clarkco01"
1010671,"ramirmi01"
1013976,"willibi02"
1012405,"stankan01"
1000706,"bealsto01"
1003650,"eatonze01"
1928,"croweji01"
1013532,"walkeru01"
24581,"richaly01"
1000813,"bellju01"
1000685,"baumeji01"
1014435,"zieglch01"
6422,"thompri03"
1011048,"robersi01"
894,"robergr01"
1012184,"smithna01"
1007014,"klobefr01"
1011667,"sciosmi01"
1005818,"hillesh01"
1004099,"fisheto02"
1003687,"edwarha01"
1003682,"edwar01"
1012473,"steinte01"
1006943,"kingsi01"
1005003,"greenju01"
19686,"codyky01"
2150,"brazoyh01"
1001620,"buckied01"
1008799,"messean01"
6417,"rodrira01"
1000142,"allenha01"
3312,"pradoma01"
13398,"rodrist02"
4886,"jamesch03"
1012378,"staffhe01"
1008480,"mcelwle01"
598,"febleca01"
1077,"garcifr03"
11652,"muratto01"
1004207,"fontera01"
1011815,"shavejo01"
1008514,"mcgehke01"
1004753,"gladefr01"
1007510,"lelivja01"
1011707,"seatsto01"
1002558,"conwari01"
1006515,"johnto01"
1002260,"clappst01"
1014330,"yeagege01"
18790,"peterdi01"
1660,"contrjo01"
23617,"walkejo03"
1012889,"taylosc02"
1013375,"vasqura01"
1008730,"meierdu01"
1005871,"hoblidi01"
1001661,"burdefr01"
1003828,"espinal01"
19407,"blancro01"
1013217,"tuftsbo01"
1005456,"hartmi02"
26319,"buschmi02"
1009055,"monrofr01"
1010047,"pastocl01"
15043,"trivilo01"
1009309,"mullira01"
1012555,"stoddbo01"
7619,"reynoma01"
1006848,"kennesn01"
1013337,"vanatru01"
1002935,"daisege01"
1005387,"harrebu01"
14137,"lopesti01"
1009214,"morrijo01"
1001458,"brocklo01"
29839,"sheehem01"
1000442,"bakeral01"
1753,"brunter01"
1003132,"dedmoje01"
1006078,"howarea01"
1185,"stephga01"
1007041,"knighjo02"
1014319,"yancyhu01"
5524,"bumgama01"
1012973,"thomafa01"
1014041,"willito01"
1011191,"roquera01"
2570,"carsoro01"
85,"ennisjo01"
1012666,"sucheji01"
7554,"hoffpja01"
19409,"dunnida01"
1012987,"thomami01"
1009969,"palme01"
1008068,"manniri01"
1012884,"taylope01"
1001870,"campaji01"
1009129,"mooreto01"
11200,"calhoko01"
17919,"happia01"
1007741,"longto02"
1011999,"simpswa01"
1008287,"maxwech01"
1007130,"kozaral01"
1012781,"sweetle01"
1010096,"payntge01"
1006216,"hurdlcl01"
1005081,"groombo01"
21623,"wolfrgr01"
11899,"pederjo01"
1000261,"andrest01"
1618,"pembeda01"
1006028,"hornetr01"
14897,"palkada01"
1006998,"kleveja01"
5231,"mazzavi01"
8501,"farquda01"
1005200,"haguejo01"
2695,"reedke01"
18401,"acunaro01"
8963,"hawksbl01"
1000239,"anderre01"
1003910,"falcope01"
4083,"rogerma01"
1005126,"guindbo01"
1001389,"brenndo01"
1013250,"tylerfr01"
4412,"omallry01"
1009547,"newsodi01"
8362,"baileho02"
1008807,"methebu01"
1009134,"moosebo01"
24763,"leahyky01"
8346,"burtoja01"
1000131,"allarbr01"
1938,"germaju01"
1010028,"parsoch01"
1003370,"donahji02"
1013301,"urreajo01"
18900,"taverle01"
1002830,"crowswo01"
1003656,"eccleha01"
1004848,"goochjo01"
1000639,"basined01"
1010125,"peersja01"
1002906,"curtive01"
17811,"zamorda01"
1002085,"catonho01"
1010124,"peelho01"
1013918,"wickefl01"
1004778,"glenned01"
1007066,"kobacni01"
22318,"hernajo03"
1011359,"sackibr01"
1013627,"waresbu01"
1002891,"currimu01"
21319,"montebr01"
1005266,"hambrro01"
1012036,"skinnal01"
12982,"faulkan01"
1842,"bootcch01"
1007398,"lawrebr01"
24728,"burromi01"
1002486,"comorad01"
7441,"daviswa01"
1001494,"brownbo01"
1000920,"besanfr01"
1012478,"stembje01"
1002083,"cathete01"
1000280,"apontlu01"
1003797,"epperal01"
1000919,"beruman01"
1010272,"phelaar01"
1002282,"clarkgi01"
1000965,"bildiem01"
8786,"nakamno01"
1008986,"mintogr01"
1012552,"stockot01"
1001646,"bulliji01"
4034,"gamelma01"
1008990,"miranan01"
19996,"leedy01"
1007604,"lillabi01"
21746,"fermijo01"
13768,"jankotr01"
29629,"svansma01"
1002107,"cervbo01"
1002226,"churchi01"
1002477,"combege01"
1006463,"johnsja01"
1014346,"yinglea01"
1014406,"zacheel01"
1003978,"felskjo01"
1002254,"clancbu01"
1004053,"finkhe01"
1009090,"mooreba02"
1008641,"mcmilge01"
21018,"perezfr01"
1004598,"gehrilo01"
1013659,"washiu_01"
1011119,"roecl01"
1004998,"greenja01"
2660,"cecilbr01"
2156,"nageocl01"
1007868,"lynchto01"
1013681,"watsomo01"
1011791,"shankho01"
1008451,"mcderte01"
3600,"brittch01"
6885,"desmoia01"
1010109,"pearsfr01"
1012148,"smithha01"
24641,"macivwi01"
14128,"gallojo01"
1002842,"cruzju01"
1882,"hillsh01"
5057,"flandyo01"
1005515,"hawkiwy01"
1006397,"jenniro01"
29575,"sweentr01"
8070,"parismi01"
1007229,"laabsch01"
1000566,"barneje01"
1011290,"ruelmu01"
5716,"rodrijo05"
707,"ruschgl01"
33294,"halvose01"
1001903,"canalge01"
1005453,"hartmch01"
1002691,"coxbi01"
1003977,"felscha01"
1006894,"kielyjo01"
1799,"adkinjo01"
1010769,"reedje01"
1011978,"simmoal01"
1007463,"leepeda01"
1001143,"boleyjo01"
1011113,"rodriru01"
1004735,"gilmole01"
2032,"phillpa01"
20157,"battema01"
1003078,"davissp01"
1010928,"richmle01"
1011402,"samulik01"
1005602,"heiseri01"
1007689,"lockech01"
1011391,"salvoma01"
1003176,"dellaja01"
1002354,"clinemo01"
1012678,"suliker01"
1258,"lambmi01"
13006,"waldimi01"
1008450,"mcdersa01"
1000380,"avilabo01"
1005463,"hartsro01"
1000335,"ashburi01"
1009582,"niekrjo01"
1009623,"noonape01"
1003890,"fabribu01"
1007303,"landrke01"
1009163,"morenan01"
1012868,"taylodw01"
1001294,"brackgi01"
25055,"eatonna01"
1008867,"millafe01"
11694,"kinghni01"
2147,"hennse01"
1001866,"camniho01"
1002472,"coloncr01"
17877,"kennebr02"
1004307,"frasivi01"
1004153,"fletcpa01"
26420,"parisky01"
1012222,"smykafr01"
2468,"difelma01"
1008847,"mielkga01"
1001174,"bonnefr01"
1009951,"pagejo01"
8039,"komater01"
1001077,"blockbr01"
1001060,"blatnjo01"
1012293,"southcl01"
1011922,"shokeed01"
1007896,"mabebo01"
1002185,"childbi01"
4300,"alberma01"
1008231,"matarle01"
1013975,"willibi01"
1000832,"bengobe01"
1011516,"schalge01"
1008909,"millejo05"
1010037,"paschbi01"
8743,"hackeer01"
16153,"slateau01"
3284,"sanchan01"
2136,"peralda01"
1152,"drewj.01"
1686,"hammoro01"
15507,"harvehu01"
1010027,"parsoca01"
1008546,"mcgresc01"
1005711,"hernaru01"
11863,"riverya01"
1009813,"o'neiji01"
1011809,"sharpmi01"
1006584,"jonesri01"
1001524,"brownja03"
1305,"hinsker01"
1642,"rodrifr03"
3812,"petitgr01"
1009415,"myerbu01"
1013914,"whittwa01"
1011382,"salisha01"
1009292,"mulle01"
1000159,"allensl01"
13265,"zuninmi01"
4450,"tollest01"
1012207,"smithst01"
16925,"garciar01"
1000057,"adamska01"
1011073,"robinje02"
13897,"heinety01"
1011004,"riverlu02"
1310,"loaizes01"
22810,"contrro01"
1014116,"wiltsho01"
25805,"sabolbl01"
1001103,"bobbra01"
1011848,"sheehto02"
22207,"halldl01"
13154,"hernama02"
27497,"callity01"
1006879,"kesslhe01"
1003358,"doherjo02"
1027,"dehaako01"
1008456,"mcdoned01"
1005564,"heathmi02"
1530,"beltrfr01"
1009610,"nixonwi01"
19349,"ferguca01"
1009202,"morrido01"
1008457,"mcdoned02"
7960,"herrmfr01"
2565,"paterjo01"
1010113,"pechige01"
1009675,"obandsh01"
1012720,"summeki01"
1003075,"davisro02"
1007369,"lasorto01"
1010480,"powelal01"
16512,"kineris01"
10310,"wheelza01"
1012926,"terryad01"
17181,"lopezyo01"
5717,"speigle01"
13690,"romansa01"
1007135,"kralija01"
3131,"balenwl01"
1003438,"douthta01"
1010687,"ramsemi02"
22209,"huffsa01"
1004763,"glaznwh01"
8623,"solando01"
1008169,"martihe01"
1008865,"militsa01"
15654,"mckinbi01"
1006143,"huenkal01"
1013302,"urylo01"
1005661,"henribo01"
1005472,"hasbrzi01"
1013249,"tyackji01"
1000599,"barrema02"
1205,"fasansa01"
1005834,"hillypa01"
1000478,"baldwfr01"
25476,"edenca01"
1000320,"arnolsc01"
1009506,"nelsome01"
1001492,"brownal01"
15519,"barrefr02"
1002175,"cheliit01"
10835,"mariomi01"
1009938,"pacioto01"
1011687,"scottle01"
1008824,"meyerda01"
1013447,"voigtol01"
17478,"stoketr01"
7183,"rosenbj01"
1013235,"turneti01"
1009863,"ortizro01"
1001106,"bochtbr01"
1007358,"larosvi01"
19647,"fostema01"
1001717,"burnspa01"
1000030,"ackerji01"
3970,"mujiced01"
1009409,"mussero01"
1006013,"hopkibu01"
1919,"hollida02"
23150,"bidoos01"
1422,"riggaje01"
1006314,"jackstr01"
1010605,"quinnja01"
6732,"almonzo01"
1014057,"wilshte01"
1002011,"carswfr01"
10232,"igarary01"
1009777,"olivege01"
6335,"quintom01"
1001302,"bradlal01"
1014398,"yuhased01"
1003411,"dorisha01"
1006376,"jeffcge01"
1000054,"adamsji01"
1013646,"warwica01"
2022,"mcleama01"
1011579,"schmicu01"
1003739,"ellioha01"
1012776,"sweenje02"
1000132,"allenbe01"
16466,"honeybr01"
1004890,"gorsijo01"
1000184,"alstowa01"
1000463,"bakerne01"
1008482,"mcenawi01"
1009056,"monrojo01"
1004901,"gouldch01"
1002088,"caudibi01"
1003362,"dolanjo01"
1008416,"mccorji01"
1005357,"hargeal01"
1006628,"josepri01"
1006310,"jacksro02"
1009078,"monzoda01"
11846,"martile01"
1009315,"muncejo01"
12976,"hedgeau01"
1007643,"linzyfr01"
1010751,"redfepe01"
1013944,"wilheha01"
1009559,"nichodo01"
1006787,"kelloal01"
26214,"murphch01"
1009268,"moutoja01"
1010699,"rappgo01"
1002616,"corcoja01"
8276,"bowkejo01"
1012047,"sladego01"
6848,"nunezed02"
1011526,"scharni01"
1001461,"brodist01"
1012810,"taffjo01"
1005797,"highed01"
1007996,"maierbo01"
1009676,"oberbhe01"
1011492,"scanlmo01"
1006355,"jamiech01"
1004428,"gagnied01"
1809,"schmabr01"
1004457,"gallawi01"
1014229,"woodmda01"
6781,"martish01"
1008898,"millege01"
1003054,"davisha02"
1009720,"o'conpa02"
3830,"nolasri01"
1002703,"coxji01"
1012465,"steinge01"
1011977,"simasbi01"
1004555,"garryji01"
1005986,"holtobr01"
1002551,"conwach01"
1001284,"boylado01"
1007063,"knoxjo01"
1002374,"coateji01"
1005904,"hoffmfr01"
6741,"cabrace01"
1007496,"leinhbi01"
7677,"ramirne01"
1627,"tayloaa01"
1011689,"scottmi01"
1000573,"barnero01"
1010029,"parsodi01"
1412,"cairomi01"
1008012,"malavjo01"
1001533,"brownju01"
24750,"germafr02"
1006279,"irwinjo01"
1003160,"delahto01"
1014374,"youngdo01"
1004260,"fostest01"
2144,"marsosa01"
1010930,"richtal01"
1008823,"meyerch01"
1003654,"ebertde01"
4400,"denorch01"
1316,"parrist01"
1013769,"wellsjo01"
1064,"baldwja01"
1005666,"henrybi02"
1011096,"rodgebi01"
1008067,"manniji02"
1004123,"fitzsto01"
1001128,"bohnch01"
1908,"gonzaad01"
1006312,"jackssa01"
1011151,"roigto01"
1007054,"knottjo01"
1011442,"santijo01"
1002958,"dalyto02"
1008201,"martito01"
1001575,"bruckan01"
1003123,"decindo01"
1009288,"muirjo01"
22294,"liberma01"
19245,"okeych01"
1014438,"zientbe01"
1005396,"harribi01"
1012683,"sullibi03"
1009730,"o'donha01"
5003,"diekmja01"
1009459,"nashke01"
1014459,"zoskyed01"
3086,"morelmi01"
19890,"riverem01"
1003139,"deesh01"
1009696,"o'brijo02"
1008623,"mclelwa01"
1005623,"hemphbr01"
1000867,"bergebi01"
1001897,"campisa01"
6319,"garkory01"
1002204,"chouibo01"
1002695,"coxda01"
1008595,"mckeojo01"
1002336,"clemeed01"
1012669,"suderpe01"
17,"haynena01"
22261,"thompbu01"
1009432,"naborja01"
1002233,"ciasda01"
1003738,"elliogl01"
1006898,"kileyjo01"
15496,"aveliab01"
1000438,"bairddo01"
1006974,"kirscha01"
1006261,"ingrach01"
1006759,"keetori01"
1006333,"jaeckja01"
1010765,"reedeni01"
1007451,"leeco01"
1014063,"wilsobi02"
104,"maddugr01"
1001868,"campabe01"
2436,"serraal01"
1007125,"koukajo01"
1000914,"berteha01"
1012508,"steveda01"
1012994,"thomast01"
1004888,"gormljo01"
1005595,"heinkdo01"
1005217,"halbred01"
1005128,"guinnsk01"
31616,"morgada01"
2111,"munozar01"
1008876,"millebo03"
13530,"chacial01"
1821,"laforpe01"
1010325,"piercbi01"
1002692,"coxbi02"
1000021,"abernwo01"
28,"palmeor01"
1003025,"davidcl01"
1910,"gramaal01"
1003125,"deckege01"
1018,"youngke01"
1001966,"carlyro01"
7105,"reyesan01"
8879,"lavarry01"
1014288,"wrighme01"
1004497,"garcich01"
1008526,"mcginji01"
6310,"escobal02"
1013527,"walkemi01"
1004961,"gravefr01"
1003027,"davidho01"
21523,"indiajo01"
1001435,"brinkbi01"
1007637,"linkeed01"
1009489,"neighbo01"
27493,"hindsre01"
1008331,"mcauldi01"
1008327,"mcandja01"
1007131,"krachjo01"
1004797,"goeckbi01"
1007974,"magrato01"
4523,"peterad02"
1006122,"hubbebi01"
13125,"colege01"
16947,"hillde01"
1009278,"muelldo01"
1008417,"mccorji02"
1014305,"wyckowe01"
9425,"fistedo01"
1004102,"fiskema01"
1133,"snowj.01"
1008761,"mendomi01"
1003960,"faustch01"
1000499,"balsato01"
26467,"matoslu02"
1004860,"goodsed01"
1005669,"henrydu01"
22449,"rodrini01"
1005411,"harriea01"
1003533,"duffyhu01"
1006280,"irwinto01"
1013175,"tremebi01"
989,"foggjo01"
1009959,"paglimi01"
1013565,"walshau01"
1009997,"parkebi01"
1593,"cashke01"
16110,"ponceda01"
1008921,"millepa01"
1001641,"bukerha01"
11902,"alberha01"
1003541,"duggaji01"
3332,"valdelu01"
1001657,"burcher01"
1003860,"evansba02"
1005240,"hallda01"
233,"gintema01"
1006286,"jablora01"
1012986,"thomale03"
1000822,"bellte01"
9134,"flowety01"
1009340,"murchti01"
15145,"topaju01"
1006990,"kleeol01"
1002956,"dalysu01"
1004429,"gagnoch01"
1003597,"durrere01"
1011604,"schooje01"
1013519,"walkege02"
13273,"stripro01"
2173,"nievefe01"
1010840,"reploan01"
1010758,"redusga01"
1008239,"mathejo01"
1006558,"jonesgo01"
20565,"tetreja01"
1007917,"mackeer01"
1005795,"highan01"
1005734,"herrmma01"
1010657,"rainst01"
1003525,"duffaji01"
1005331,"hansff.01"
1000773,"beenean01"
3919,"durange01"
1001968,"carmage01"
12917,"bundydy01"
1000950,"bielaos01"
1010501,"powerle01"
213,"sanchre01"
14942,"knappan01"
1014373,"youngdi01"
17117,"davisau01"
1013629,"warmocy01"
1011676,"scottdi03"
1009444,"nalewfr01"
1001403,"breuema01"
9866,"roech01"
665,"mulhote01"
836,"mendora01"
1012691,"sullifr01"
1004742,"ginsbjo01"
19495,"shawami01"
13415,"nesbian01"
1004321,"freemji01"
1009698,"o'bripe01"
1009248,"mossch01"
1000941,"bevilmo01"
1010702,"raschvi01"
1013296,"urbanbi01"
7603,"sikorbr01"
1005902,"hoffmda01"
1010186,"perezro01"
1001346,"brandbu01"
1010914,"richake01"
1008624,"mcleoji01"
2237,"boyerbl01"
1001681,"burkeja01"
1002828,"crowljo01"
1007384,"lautebi01"
13369,"gonzaer01"
1002132,"chanded01"
30011,"encarch01"
1946,"ramirel01"
1008487,"mcfaral01"
1002899,"curticl01"
1012797,"swormle01"
1001038,"blakesh01"
1012407,"stankjo01"
1006557,"jonesga01"
20060,"fishmja01"
969,"roajo01"
1740,"roachja01"
3193,"minerza01"
10061,"raleybr01"
22896,"sosale01"
1007195,"kucekja01"
1009664,"nuttedi01"
1011913,"shirlst01"
1011138,"rogerst01"
1001638,"buhneja01"
1000370,"austde01"
1014203,"womacdo01"
1010393,"pleisbi01"
1259,"lewisco01"
1001375,"brechha01"
1112,"felizpe01"
11847,"martich02"
7175,"ventejo01"
1005115,"gubicma01"
1012913,"tennaji01"
1000716,"beardda01"
1012722,"sundaar01"
1000447,"bakerda01"
86,"fostejo01"
5401,"peacobr01"
1002216,"chrisll01"
1003789,"enrigja01"
1000163,"allisan01"
19392,"mckinza01"
2060,"chacigu01"
6865,"manshje01"
1005084,"grossem01"
1011428,"sandtto01"
2918,"paganan01"
2830,"snidetr01"
16219,"davisjd01"
1010783,"reganjo01"
1014410,"zahnge01"
1002186,"childcu01"
1011345,"ryanke01"
1003727,"ellamro01"
1009750,"o'halgr01"
1007333,"lansige01"
1003840,"estocge01"
1011699,"scuddsc01"
1179,"robinke02"
1004637,"gernedi01"
1382,"benarma01"
1012701,"sullijo05"
33098,"mccusca01"
1008244,"mathiro01"
4730,"reedje03"
15564,"whitety01"
1011981,"simmoha01"
1005875,"hocked01"
1003519,"dubucje01"
1002291,"clarkji02"
1010280,"phillad01"
1000111,"alcarlu01"
1000634,"bartovi01"
2951,"ravinjo01"
1013872,"whitefr01"
1004154,"fletcsa01"
1754,"millema02"
1001283,"boyerke01"
1013934,"wiginfr01"
1707,"youngja01"
1011756,"servasc01"
21992,"dovalca01"
23802,"seiglan01"
1010517,"preibme01"
1002683,"covenja01"
18475,"spitzsh01"
19290,"arozara01"
19966,"dalbebo01"
9385,"reidry01"
1003917,"falloge01"
1005968,"hollyje01"
1012676,"suklaed01"
1014404,"zachach02"
1007639,"lintobo01"
1009967,"palicer01"
1013865,"whitedo02"
1011737,"selmadi01"
1009689,"o'bridi01"
1002642,"corriph01"
1006456,"johnsfo01"
1008102,"marchph01"
1009486,"neibaga01"
1012017,"siskdo01"
22650,"diazjo03"
26448,"mcdontr01"
1014006,"williji02"
7781,"iwamuak01"
18337,"anderni01"
13750,"hernael02"
1012888,"taylosc01"
1006500,"johnsro04"
1011117,"rodriwi01"
10745,"rosentr01"
1002481,"comeljo01"
660,"kinkami01"
1010049,"pastoji01"
1005944,"holdsfr01"
1003930,"farismo01"
27562,"wellsau01"
1005230,"hallajo01"
1001287,"boyleha01"
1009761,"oldhajo01"
1012268,"solomed01"
5124,"castiwi01"
1010214,"perrypa01"
1001418,"brideji01"
2929,"lockeje01"
1012674,"suhrgu01"
1008981,"minnido01"
1012063,"slaybsc01"
13424,"verhadr01"
1003668,"edench01"
588,"baileco01"
1013673,"watkisc01"
1009310,"mullise01"
1014192,"wolfer01"
21513,"wardth01"
1003212,"dentbu01"
2160,"tiffete01"
1008292,"mayda01"
19844,"toroab01"
1007076,"koenele01"
1003833,"essegch01"
1011879,"shermda02"
22925,"adonjo01"
1011371,"sagmoma01"
3942,"knottjo02"
1281,"teixema01"
12005,"martini02"
1010519,"prendmi01"
5999,"tatajo01"
11400,"torrero01"
834,"mcmilbi01"
12520,"johnser04"
1002693,"coxbo01"
19552,"davisja03"
1010986,"rislebi01"
8587,"susdost01"
1014099,"wilsoni01"
1001911,"candito01"
1010727,"rayjo01"
1008431,"mccreto01"
1014454,"zipfebu01"
1000789,"belchti01"
1010566,"pulidal01"
18497,"parkby01"
1010673,"ramirra01"
2643,"bergmdu01"
1008726,"meeleph01"
1008934,"milleru02"
9700,"wellsca01"
1007672,"livelja01"
23264,"smithca05"
1001497,"brownbo04"
1006933,"kingke01"
1003765,"emersch01"
1013621,"wardpe01"
23265,"boltoco01"
1010858,"reyesgi01"
9922,"rodriyo01"
1009381,"murrabi01"
1009586,"nielssc01"
3344,"boggsmi01"
11982,"shawtr01"
1004551,"garrigi01"
1007432,"leardbi01"
9077,"cainlo01"
1010964,"rileser01"
1009166,"morenle01"
1010363,"pipgrge01"
687,"hammoje01"
905,"byrneer01"
1014377,"youngha01"
1411,"minorda01"
4464,"baxtemi01"
1012333,"sperapa01"
1011440,"santape01"
5542,"dayde01"
1001239,"bournra01"
1003313,"dimicfr01"
1004519,"gardnbi01"
499,"sparkst01"
1000428,"bailema01"
1003354,"doefr01"
1011069,"robinja01"
1008712,"mearepa01"
2099,"bynumfr01"
1008746,"melenlu01"
1001679,"burkefr01"
1003008,"daughdo01"
1001384,"bremehe01"
1013590,"waltero01"
1003812,"erickro01"
109,"fordda03"
14344,"olsonma02"
1010810,"reinhar01"
29521,"loutory01"
1012752,"swaimcy01"
5481,"paredji01"
1001206,"boromre01"
9698,"ryalru01"
1006370,"javieal01"
1004549,"garricl01"
1008352,"mccabti01"
1012904,"tejadwi01"
3516,"hosmeer01"
3769,"hinckmi01"
1002225,"churcbu01"
1000289,"archefr01"
1006932,"kingji01"
1656,"baldero01"
1002663,"cottich01"
1011846,"sheehji01"
1007683,"loberfr01"
668,"perezod01"
1006496,"johnsre01"
1014349,"yochira01"
939,"suttola01"
1010024,"parromi01"
1010844,"resslla01"
1014179,"wohlfji01"
1009063,"monteau01"
1001761,"butchha01"
1013290,"uppje01"
1012548,"stobbch01"
1008716,"medinra01"
1001428,"briggjo01"
19577,"heathni01"
6605,"mccoypa01"
1003881,"ewingbu01"
1005920,"hogange01"
1001726,"burrial01"
1005278,"hamilto01"
1001229,"botzbo01"
33834,"waltean01"
1007947,"maddoel01"
1010868,"reynoda01"
1007885,"lyonspa01"
8493,"lambjo02"
1004130,"flairal01"
1005692,"hermabi01"
1004431,"gailled01"
15769,"bautira01"
1011419,"sandere01"
9689,"tholejo01"
1215,"jamesde01"
1007057,"knowlbi01"
8536,"cloydty01"
2364,"rodrilu01"
1011273,"rozemda01"
1004152,"fletcge01"
1032,"gantro01"
1000470,"bakertr01"
6382,"pomerst01"
1013779,"wentzja01"
16524,"mcbrory01"
1013894,"whitest01"
1012803,"tabbje01"
1011666,"schypje01"
1004634,"gerkist01"
1011193,"rosadlu01"
1004667,"gibsofr01"
1003327,"distedu01"
1001883,"campbji03"
1006253,"ignasga01"
1004050,"fineto01"
6240,"dovede01"
7230,"webbjo01"
2923,"montalu01"
1007775,"lovesl01"
1009396,"murrara01"
1009115,"mooreji02"
1000937,"bevenbi01"
30661,"fuentdi01"
1009872,"osborwa01"
1005853,"hintojo01"
1005995,"hoodwa01"
1007811,"lucidco01"
1012449,"steelbi01"
1004692,"gilbejo02"
35041,"caglija01"
1008325,"mcanaer01"
7938,"horwibr01"
496,"santaju01"
1001178,"bookebu01"
1000922,"bessedo01"
19983,"capelco01"
11437,"biddlje01"
13066,"hernate01"
1012447,"stechch01"
1010270,"pfylmo01"
1609,"infanom01"
1005893,"hoeftbi01"
1003522,"dudlecl01"
1014264,"worthri01"
1005580,"heflibr01"
13356,"starlbu01"
1006903,"killeev01"
1011734,"sellep01"
1005785,"higdobi01"
1643,"ryanmi03"
1007750,"lopesda01"
1013701,"weaveji03"
123,"ariasal01"
22164,"henrypa01"
1011603,"schomot01"
1002018,"cartejo01"
1008040,"malonjo01"
1009148,"moranha01"
1004638,"gerneed01"
1002045,"casiala01"
6448,"adducji02"
1008257,"matthst01"
1008636,"mcmanjo01"
1000215,"anderal01"
1000352,"atkinja01"
1010329,"piercja01"
1005524,"hayesbi01"
1005208,"hainehi01"
26299,"jungjo01"
6046,"pagnoma01"
1012827,"tappete01"
1006019,"hoppebi01"
11265,"schoojo01"
2819,"ridgwje01"
1001806,"cabreal02"
13613,"marteke01"
3207,"lopezpe01"
1006795,"kellybo01"
13834,"millsal02"
26247,"ribalor01"
1011469,"savagji01"
1005186,"hadlebu01"
1008411,"mccorbi01"
1001417,"brickra01"
1009182,"morgara01"
1010760,"reedbi01"
4984,"peterbr02"
1000338,"ashke01"
5529,"cletoma01"
1005929,"hogrige01"
27573,"workmga01"
14169,"zimmeky01"
1014356,"yorkto02"
1010299,"phillto01"
1007630,"lindsdo01"
1001166,"bonhati01"
5514,"monteje01"
4697,"carrice01"
1001567,"brownwa01"
1012331,"spenctu01"
1009113,"mooreje01"
1004786,"glockno01"
656,"izturce01"
1002590,"coonwi01"
1506,"jimenja01"
1002471,"colmafr01"
1007385,"lauzege01"
1010839,"repasbo01"
21111,"yajurmi01"
1009874,"osgooch01"
1001438,"brinked01"
1003171,"delgapu01"
19225,"whitemi03"
1010132,"peitzjo01"
1002479,"combsme01"
2039,"bookech01"
12984,"bradlja02"
15947,"stanery01"
837,"mussimi01"
18395,"blanktr01"
1006775,"kelleha03"
14078,"wachami01"
1005297,"handiji01"
1001483,"brougca01"
1002021,"cartepa01"
1000003,"aasedo01"
1007693,"locklst01"
2408,"bartobr01"
1007847,"lushjo01"
26191,"strowka01"
1000383,"ayalabe01"
1005451,"hartlmi01"
1009870,"osboroz01"
1005499,"haughga01"
1008100,"marbefi01"
1003617,"dykesji01"
1696,"gerutjo01"
7016,"kuoho01"
1771,"diazma02"
1011161,"rollire01"
1002093,"cavarph01"
1000723,"bearnla01"
1001480,"brossfr01"
1014464,"zupofr01"
11867,"bochybr02"
12119,"skolema01"
1011617,"schroal01"
1006282,"isaleor01"
1002564,"cookan01"
24986,"selbyco01"
2412,"enrigba01"
6270,"giarrto01"
1007627,"lindsbi02"
1009305,"mulliji01"
1002901,"curtifr01"
1003646,"eastoja01"
1011278,"rublear01"
1007338,"lapoida01"
1010562,"puhlte01"
19610,"ruizke01"
10336,"heathsl01"
1010823,"reitzke01"
31,"ramirju02"
1012636,"struval01"
539,"swindrj01"
1449,"germaes01"
1002832,"crumca01"
1006189,"hundlra01"
5352,"solarya01"
7242,"belloed01"
1003155,"delahed01"
1043,"lampkto01"
8895,"roblema01"
1006624,"jorgepi01"
15481,"vielmen01"
1004665,"gibsoch02"
1011373,"sainjo01"
1014423,"zavarcl01"
15690,"cordeji01"
1009914,"owchibo01"
27758,"harriky01"
1010127,"peetech01"
1013833,"wheeled02"
1010846,"retteme01"
1013572,"walshji01"
1011002,"riverji01"
1001177,"booeev01"
1003300,"dillast01"
1007164,"krichpa01"
1000326,"arrigge01"
16306,"reyesge01"
5098,"valdejo02"
1002716,"craddwa01"
1012517,"stewabu01"
8553,"parrage01"
23800,"meadopa01"
1002809,"crossle01"
1007899,"macdobi01"
1008438,"mcculph01"
28824,"basalsa01"
6580,"joaquwa01"
1012855,"taylobe02"
336,"larsobr01"
17585,"yamamjo01"
1004535,"garibbo01"
1005579,"heffndo01"
1001289,"boyleja01"
1002763,"crespfe01"
1014376,"youngge02"
5305,"preslal01"
1011285,"rudoldo01"
1001573,"brucebo01"
1003571,"dunnian01"
1003264,"diazed01"
1004078,"fishech01"
1004195,"foleycu01"
1008249,"matteal01"
1007789,"lowege01"
26364,"smallet01"
1408,"sweenma01"
1003678,"edmoned01"
1001634,"buffich01"
372,"burksel01"
1008617,"mclaupa01"
4301,"wilsoju10"
1013794,"wertzde01"
1603,"germafr01"
1005,"reyesal01"
1002412,"colebe01"
23794,"groshjo01"
1003772,"emslibo01"
12703,"bauertr01"
13608,"smithma05"
11738,"villach01"
1009317,"muncrbo01"
120,"wheelda01"
1000158,"allenro02"
24607,"bowlajo01"
1007433,"learfr01"
1013752,"welchdo01"
1005786,"higgibi01"
19960,"trammta01"
8796,"villael01"
1005243,"halleja01"
19205,"scholje01"
1002904,"curtija01"
1004507,"garcimi03"
13259,"headlo01"
1010147,"penaji01"
1000268,"angelno01"
1006952,"kinslto01"
19516,"espinra01"
1006738,"keedypa01"
1004588,"gebripe01"
17920,"ponceco01"
1007573,"lewanda01"
1009814,"o'neijo01"
2932,"burnsmi01"
1002003,"carroow01"
1012081,"smartj.01"
1002760,"cregebe01"
1011975,"silveto01"
14168,"berrijo01"
11440,"barbajo01"
1012438,"statojo01"
1001954,"carlfr01"
1954,"alexama02"
689,"houstty01"
1009569,"nichoro02"
1012135,"smithel02"
988,"fettemi01"
1012349,"spoljpa01"
1010815,"reisibu01"
1000227,"anderge01"
30028,"seymobo01"
1004257,"fostero01"
3412,"rodrigu02"
1004293,"francti01"
5905,"marshse01"
1691,"garciro01"
1006614,"jordari01"
1008640,"mcmicgr01"
1013159,"trautjo01"
1013854,"whitebi02"
1010845,"restedi01"
8624,"yabuke01"
31855,"thomaco03"
1008925,"millera04"
1001159,"bondwa01"
1781,"nivarra01"
1001912,"caneijo01"
1103,"wrighro02"
1001409,"breweto01"
1007138,"kramera01"
1013454,"vonohda01"
265,"benesal01"
1007745,"loonebr01"
1005050,"griffpu01"
1002345,"clenddo01"
1006319,"jacobbu01"
1002635,"cornute01"
1007942,"maddeki01"
1013105,"tolsoch01"
1009402,"murtada01"
1010921,"richbla01"
1011315,"russeji01"
1006488,"johnsol01"
1009478,"necciro01"
1011930,"shortch01"
1014154,"wiseni01"
1004852,"goodedw01"
10019,"thompta01"
1004362,"frinkfr01"
1010170,"peppebo01"
1004289,"francea01"
19618,"hicksjo03"
1009775,"oliveda01"
1009834,"ormege01"
6032,"anderjo03"
1000825,"benavfr01"
1011122,"roepr01"
6007,"hoeyja02"
1008912,"milleko01"
1001047,"blankco01"
1006470,"johnsjo02"
4020,"petityu01"
3211,"ladenty01"
1013981,"willicy01"
1008584,"mckeeji01"
2207,"gilje01"
13470,"simslu01"
1006528,"jonesbi02"
27599,"hurtuja01"
1010193,"perkicy01"
10080,"butleke01"
3100,"garciha01"
1005518,"hawlesc01"
1010881,"rhoadbo01"
4366,"saundjo01"
1000190,"altobjo01"
1007795,"lowrydw01"
1013464,"wachtpa01"
1011884,"sherrno01"
1005317,"hannajo01"
13403,"penafe01"
9325,"hugheja02"
1009204,"morried01"
1002700,"coxge01"
10390,"fieldda01"
1004877,"gordosi01"
1013531,"walkero01"
1003697,"eganbe01"
451,"speieju01"
913,"giambje01"
4454,"englije01"
1008335,"mcavoto01"
1008883,"milleda01"
1003150,"dejesiv01"
2142,"galljo01"
1009748,"ogrodjo01"
29614,"stevech02"
1011312,"russeha01"
1102,"wilsoda01"
24580,"grayjo03"
1000449,"bakerdo01"
818,"giambja01"
1008242,"mathica01"
24336,"rojasjo03"
1012984,"thomale01"
1010698,"rappea01"
2085,"madribo01"
12997,"breweco01"
1011998,"simpsst01"
1013856,"whitebu01"
1012507,"stevech01"
1004628,"gerenbo01"
1010777,"reesera01"
1003676,"edmonbo01"
3768,"buddery01"
1006760,"keffefr01"
963,"nickldo01"
1011298,"ruizch01"
1012154,"smithha07"
21622,"mccarja02"
18054,"haggesa01"
1007302,"landrjo01"
20017,"mastrmi01"
1008634,"mcmanfr01"
12452,"bradfch02"
1002932,"dailyco01"
4592,"bohntj01"
1001422,"bridwal01"
1004671,"gibsopa01"
1003752,"ellisru01"
6008,"navarre01"
1011166,"romanjo02"
1014369,"youngcy01"
21646,"marchra01"
18345,"tuckeky01"
1014043,"williwa01"
19932,"stephtr01"
1014364,"youngbo01"
1000469,"bakerto02"
1014261,"worthcr01"
1005424,"harrimi01"
1000481,"baldwje01"
6880,"noonani01"
1003803,"erautjo01"
11543,"diazda01"
1005514,"hawkian01"
8253,"bucknbi02"
1006473,"johnsjo05"
1188,"veresda01"
1003073,"davispe01"
1779,"quinlro01"
1014260,"worthal01"
683,"figuene01"
15130,"anderdr02"
1012067,"sloanto01"
8392,"descada01"
1000831,"bengera01"
1702,"johnsre02"
24493,"kloffad01"
1013494,"waitsri01"
1002941,"daleybi01"
1003976,"felleja01"
15605,"valdeph01"
1000147,"allenja02"
1006660,"kaatji01"
1006856,"keougjo01"
5930,"markani01"
1008620,"mclauwa01"
16530,"dubonma01"
3479,"hietpjo01"
1006091,"howarwi01"
1010100,"pearcdi01"
1009819,"o'neipe01"
1013641,"warremi01"
1006912,"kimbage01"
215,"stensde01"
1000953,"bierblo01"
1010021,"parrila02"
70,"parrajo01"
1006779,"kellemi02"
2015,"gissech01"
1014174,"wittmi01"
1014434,"zickbo01"
1008510,"mcgeeda02"
1002277,"clarkda05"
3892,"reddijo01"
1002217,"chrislo01"
1008972,"minarru01"
13743,"friedma01"
1005035,"grievto01"
1005094,"grother01"
1011465,"sauveri01"
3201,"liriafr01"
1000700,"baylodo01"
1013967,"willhni01"
1002819,"crousri01"
12385,"tropeni01"
1010778,"reeseri01"
1003693,"edwarsh01"
1006034,"horstos01"
15258,"carlesh01"
1006669,"kainedo01"
1005609,"heldwo01"
1261,"menchke01"
12161,"bogaexa01"
6216,"betande01"
787,"delatjo01"
1002360,"clontbr01"
1006157,"hugheji03"
1000070,"addybo01"
1007844,"lusadsc01"
1001337,"braital01"
1004820,"gomezch01"
1011714,"sedgwdu01"
8532,"wootero01"
1003774,"encarlu01"
1008004,"maisefr01"
1008677,"mcquahe01"
1000818,"bellmja01"
1002019,"cartela01"
1012858,"taylobi03"
1001689,"burkemi01"
12784,"smithbu03"
2280,"laporma01"
1002613,"corbicl01"
1008021,"malleje01"
1006139,"hudsona01"
2591,"taylomi01"
1011816,"shawal01"
1014400,"yvarssa01"
1001511,"browndr01"
9450,"raynojo01"
1003365,"dolele01"
1000661,"batesjo01"
1009679,"oberlfr01"
1003153,"dekonbi01"
1010898,"ricele01"
1003807,"erickha01"
1012239,"snydebe01"
11449,"gracema02"
794,"reamebr01"
1001251,"bowerbi01"
12092,"goodrni01"
27867,"smithca06"
1000168,"allisdo01"
1006364,"jarvira01"
1005721,"herrejo01"
5247,"lawribr01"
1009423,"myershy01"
22191,"myersto01"
19558,"hartlge01"
4552,"herreda01"
1005256,"hallma01"
1002268,"clarkbo03"
1007865,"lynchje01"
23590,"brownbe02"
19826,"smithri01"
1012437,"statoda01"
24988,"leeev01"
1026,"daveyto01"
1011731,"selbaki01"
1001862,"camillo01"
1012284,"sosael01"
14241,"maddoau01"
14899,"willita01"
1010738,"readyra01"
1009373,"murphpa01"
1009654,"novoara01"
9911,"cartech02"
1008055,"manguan01"
1007316,"langedi01"
3470,"muntesc01"
1005793,"higgipi01"
1007707,"lohrho01"
1008251,"matteed01"
1012266,"solanju01"
1002601,"coopewa01"
2625,"salmobr01"
1007989,"mahonal01"
929,"magnami01"
7185,"forsylo01"
1010813,"reisbo01"
20399,"maderlu01"
25961,"carpeke01"
1004676,"gickge01"
19716,"maydu01"
1010680,"ramoske01"
1486,"tarasto01"
7577,"krausma01"
1001550,"brownol01"
1011049,"robersk01"
1013229,"turneji01"
1007083,"kokosdi01"
1007117,"koskibi01"
1010091,"paxtomi01"
1013737,"weilmca01"
1003028,"davidma01"
1005687,"heredub01"
2530,"alonsyo01"
1000265,"andruwi01"
1004186,"flynnjo02"
1001804,"cabelen01"
1005261,"hallsch01"
1006880,"kesteri01"
1002556,"conwaow01"
1010942,"ricofr01"
1003733,"elliobo01"
1006702,"karlobi01"
1010659,"rajsiga01"
17075,"gomezmi01"
1001488,"browebo01"
19805,"castada01"
1002144,"chapmfr01"
1005219,"halebo01"
1012323,"spencgl01"
1001543,"brownma03"
1004957,"gratebe01"
1006284,"iviemi01"
1562,"cepicma01"
1003431,"doughto01"
18592,"perezhe02"
1002827,"crowled01"
19818,"palacjo01"
1004470,"gamblbo01"
1004773,"gleesji01"
1543,"hyzduad01"
1000071,"aderhmo01"
1001590,"brunege01"
1002847,"cuccial01"
1003477,"drakede01"
1012444,"stearbi01"
1009616,"nolanga01"
16532,"musgrha01"
1008225,"massemi01"
2859,"detwiro01"
1009518,"nettlji01"
1006220,"hurleje02"
1011806,"sharodi01"
3223,"roberty01"
1009252,"mossma01"
1008703,"meadch01"
19262,"hampsga01"
1008875,"millebo02"
1001140,"boldebi01"
6576,"stockro01"
1006085,"howarle01"
1013568,"walshda01"
1010540,"pritcbu01"
1012550,"stockle01"
1008355,"mccahbi01"
2072,"guthrje01"
1001879,"campbhu01"
1000597,"barrejo01"
1004026,"fieldce01"
1012183,"smithmi05"
16507,"altavda01"
1012439,"statzji01"
1012533,"stielfr01"
17611,"clarkta01"
1008937,"milleto02"
1006136,"hudsoje01"
19675,"marveja01"
1010267,"pfistda01"
1001987,"carream01"
1006493,"johnsra02"
3832,"buschma01"
1013128,"torredi01"
30182,"warrewi01"
1008039,"malonji01"
699,"nomurta01"
1007485,"lehewji01"
1011366,"sadowte01"
1005769,"hickeja01"
1005000,"greenji02"
4986,"esposmi01"
1005057,"grigsde01"
7553,"grubeja01"
1001616,"bucheje01"
31166,"kjershe01"
31468,"perkija01"
1005425,"harrimi02"
1003499,"drewska01"
1012178,"smithma02"
1005011,"greensc01"
1004537,"garlalo01"
1010503,"powerph01"
1002278,"clarkea01"
1002335,"clemedo01"
1428,"knottga01"
18353,"camerda01"
1006828,"kendafr01"
1011934,"shouncl01"
30160,"fittsri01"
11420,"mayayu01"
9337,"crottmi01"
19268,"dunnju01"
1009932,"pabsted01"
26123,"batybr01"
275,"deshide01"
1004219,"fordge01"
16313,"munozya01"
1014425,"zdebjo01"
1002553,"conwaja01"
1003975,"fellebo01"
1005104,"grubbto01"
1001988,"carreca01"
20926,"garcide02"
1008926,"millera05"
9456,"buchtry01"
1010003,"parkeha01"
1013390,"vealco01"
1007039,"knighja01"
1004899,"goulate01"
1011094,"rodasri01"
7189,"harrije02"
607,"ibanera01"
1067,"boonebr01"
1000753,"beckge01"
6697,"socolmi01"
1010145,"penahi01"
4440,"bowdemi01"
1013827,"wheatwo01"
1009542,"newmafr01"
1007417,"laynehi01"
1008993,"misurmi01"
1011886,"shetrba01"
1004919,"graffjo01"
962,"myersbr01"
1014285,"wrighjo01"
895,"seoja01"
1001059,"blatest01"
1010544,"proesge01"
1007883,"lyonsha01"
7436,"allenbr01"
9948,"dunnmi01"
1000456,"bakerge01"
31394,"baldwbr01"
1014300,"wuestya01"
4604,"lindsma01"
1007185,"krukomi01"
1007026,"knappch01"
27514,"hurtky01"
1013039,"thornlo01"
1000609,"barrofr02"
1014375,"youngge01"
1009861,"ortizju01"
1004038,"figueje01"
1008406,"mcconge01"
3646,"magnutr01"
1307,"hudsoor01"
25705,"harridu01"
1001037,"blakeli01"
568,"millewa04"
1000197,"alvaror01"
15197,"asuajca01"
1012054,"slatoji01"
1002754,"creedpa01"
1001410,"breweto02"
21497,"bakerlu01"
33322,"shawma01"
1004326,"freemma02"
1006918,"kimmbr01"
1001736,"burtoel01"
13047,"kawasmu01"
1666,"carradj01"
1012470,"steinra01"
1004309,"frazijo01"
1006191,"hunnebi01"
1000303,"arlinst01"
1010779,"reesst01"
1007304,"landrla01"
1000646,"bassljo01"
1001165,"bonhabi01"
1000658,"batesdi01"
18854,"meyerbe02"
1005645,"hendrti01"
1002739,"crawfge01"
1010803,"reilljo01"
3913,"gathrjo01"
1005407,"harrich02"
1013960,"wilkiri01"
1000670,"batteea01"
1000357,"atwoobi01"
1007154,"kreitra01"
1003283,"dickswa01"
1007201,"kuhaufr01"
1004328,"freesge02"
1004108,"fitzgho01"
4257,"huffda01"
1000052,"adamsgl01"
10430,"givenmy01"
1004127,"flahema01"
1000523,"barbawa01"
20997,"bazared01"
1006219,"hurleje01"
1012423,"staplda01"
1003166,"dela_je01"
1002273,"clarkda01"
1003985,"fergubo01"
1004253,"fostela01"
1003317,"dinnebi01"
1010426,"polonjo01"
1005558,"heathbi01"
26536,"bernawa01"
1000683,"baumafr01"
15118,"sherfji01"
1536,"fredeke01"
1004717,"gilleto01"
16211,"cronke01"
1013313,"valdema01"
1007044,"knisepe01"
1001612,"bubseha01"
1001295,"brackja01"
778,"guerrvl01"
27690,"wiemejo01"
1004350,"fridlji01"
1009174,"morgacy01"
1001105,"bocekmi01"
1009447,"napleal01"
1006980,"kitsoch01"
1005083,"grossdo01"
6947,"mulveke01"
1013066,"tillmbo01"
18699,"neideni01"
20042,"cruzje01"
1007031,"kneppbo01"
1009123,"mooremo01"
2862,"kunzed01"
1004930,"grahale01"
1004360,"friespe01"
31354,"crookji01"
590,"bergebr01"
1014237,"woodsga01"
21455,"bubickr01"
33704,"kayfucj01"
1013928,"wieneja01"
1000715,"beanjo01"
1012128,"smithea03"
11270,"altheaa01"
1006498,"johnsro02"
3688,"litscje01"
1010948,"riddljo02"
21045,"martise01"
1755,"bumpna01"
1001794,"byrdje01"
1011721,"seeryem01"
1004238,"forsyed01"
7206,"rupejo01"
1003022,"davidan01"
1678,"colyest01"
1013713,"webbsk01"
3220,"machije01"
1001340,"brancal01"
1002351,"cliftfl01"
1011859,"shellji01"
1002654,"costejo01"
870,"coreyma02"
1002578,"coolbsc01"
1229,"standja01"
1005135,"gulleto01"
1002248,"citarra01"
1007601,"liebhgl01"
1006201,"huntege01"
1009966,"palagmi01"
1013108,"tombean01"
1005492,"hathahi01"
1006320,"jacobel01"
1000416,"bahrefr01"
911,"dyeje01"
1005527,"hayesja01"
33280,"matthbr01"
1000076,"adkinhe01"
1009576,"niebech01"
1008318,"mazzile01"
14885,"valaipa01"
1005060,"grimbo01"
1001124,"boggswa01"
15859,"tarplst01"
1013763,"welfol01"
1013125,"torkere01"
9331,"donalja01"
3425,"burrebr01"
1001240,"bourqpa01"
326,"graveda01"
17952,"jayty01"
1008805,"metcato01"
1006641,"juddra01"
6819,"rossro01"
1013372,"varnepe01"
6827,"maxweju01"
1011502,"schaapa01"
621,"quinnma01"
1003648,"eastwra01"
1007345,"larkian01"
1003931,"farlebo01"
1000686,"baumgge01"
1014025,"willimi02"
20632,"luciael01"
5975,"papeljo01"
1004574,"gatinfr01"
1013148,"toyji01"
19447,"sandopa02"
6256,"stanscr01"
31701,"tidwebl01"
1004698,"gilbewa01"
17466,"fillmhe01"
1005354,"hardyre01"
1007583,"lewisji02"
1012634,"strunam01"
1009818,"o'neipa01"
17553,"moorean02"
297,"ojedaau01"
1012739,"suthega01"
1013474,"wadete01"
1004217,"fordda02"
1383,"loretma01"
223,"biddlro01"
1005956,"hollibo01"
1002795,"croniji01"
1002245,"cisarge01"
1010079,"paulaca01"
1000033,"acostcy01"
1006838,"kenneed01"
1013216,"tueroos01"
19197,"smithwi05"
1005036,"griffal01"
1469,"ozunapa01"
9227,"ueharko01"
17677,"sprinje01"
1012160,"smithja03"
1822,"sanchfe01"
1006693,"kaneto01"
1009443,"naktepe01"
1003470,"doziebu01"
15007,"riosya01"
1005969,"holmabr01"
1011037,"roberji01"
1011704,"searcst01"
1001740,"burwebi01"
9776,"kipnija01"
1003681,"edmonsa01"
1006871,"kerrdi01"
16348,"moyaga01"
1003973,"felixha01"
22558,"kelenja01"
1177,"pujolal01"
5615,"brasiry01"
1000199,"alvarro01"
1007514,"lemaydi01"
1290,"bowlebr01"
1004042,"filesed01"
1003621,"eaddydo01"
1012693,"sulliha02"
1011263,"roxbuji01"
18819,"ibanean01"
1000524,"barbebr01"
1000277,"antonjo02"
1007875,"lyonru01"
1010282,"phillbi02"
1005422,"harrijo04"
1009646,"nortofr01"
1000455,"bakerfr03"
1004237,"forstto01"
1216,"johnsru01"
3164,"colliti01"
1003521,"duckwji01"
1005842,"hindssa01"
1006790,"kellsk01"
1003747,"ellisdo01"
1014227,"woodke01"
1007267,"lamacal01"
1003582,"duranda01"
1008936,"milleto01"
1005255,"halljo02"
12907,"polangr01"
19422,"servebr01"
5440,"loch02"
1003573,"dunnja01"
1005988,"holtro01"
19312,"quantca01"
1001588,"brummgr01"
1001079,"blockte01"
1006295,"jacksda02"
1005226,"haleyfr01"
1008685,"mcquihu01"
1005339,"hardeme01"
1011908,"shirear01"
1010573,"purneje01"
1012010,"singljo01"
1001344,"brancro01"
1006037,"hortoto01"
1001211,"bosetri01"
1004087,"fishege01"
1000880,"bergmo01"
1010146,"penaje01"
1000314,"armstmi01"
1007747,"lopatar01"
1010602,"quinlto01"
1006402,"jesseda01"
1006405,"jeterjo01"
25332,"rodrien01"
1010664,"ramazbo01"
1012549,"stockke01"
25782,"pagespe02"
16337,"gordoni01"
1012935,"teschal01"
1008098,"marange01"
5746,"oflaher01"
411,"vizquom01"
1001934,"carbijo01"
1013574,"walshji03"
1000460,"bakerje01"
1005306,"haneyla01"
1012432,"starrch01"
11487,"rodrijo06"
8790,"figueco01"
1003268,"diazmi01"
1004592,"gedmari01"
18126,"wadela01"
5157,"silvawa01"
12235,"manesse01"
1010288,"philldi01"
1002157,"charlch01"
1011950,"siebepa01"
1005327,"hanseje01"
1001119,"bogarjo01"
900,"velanjo01"
1009370,"murphle01"
20074,"sanchmi01"
1013530,"walkeos01"
10323,"ortegra01"
1000926,"beswiji01"
1012146,"smithge04"
1002377,"cobbjo01"
1002600,"coopesc01"
17359,"taylojo02"
1008037,"maloned01"
1011792,"shanldo01"
1309,"leshebr01"
1007,"sauersc01"
7947,"gearrco01"
1012380,"staggst01"
1008066,"manniji01"
1012196,"smithre01"
7799,"butlejo04"
1003379,"dondele01"
11402,"waldrky02"
1011175,"romoen01"
1009920,"owensfr01"
1011062,"robinea01"
1001580,"bruggfr01"
1004426,"gaglira01"
1013052,"thurmma01"
1008943,"millibo01"
1010090,"pawlost01"
1012301,"spalddi01"
1000022,"aberscl01"
1014083,"wilsoha01"
23221,"grovemi01"
18015,"dejonpa01"
1005139,"gumbead01"
1000933,"bettshu01"
1005192,"hafeyto01"
19,"kennead01"
1001678,"burkeed01"
26048,"gipsosa01"
1012302,"spangal01"
1009222,"morrip.01"
1010828,"remyje01"
1001548,"brownmy01"
1011876,"sherlmo01"
1001908,"candaca01"
2157,"leoneju01"
1012603,"stratsc01"
1006452,"johnsel01"
1006384,"jelicch01"
1010953,"riesgni01"
1009470,"nayloro01"
3277,"yabutya01"
1003858,"evansar01"
18806,"steckdr01"
255,"thomafr04"
1115,"guzmaed01"
1008333,"mcaulik01"
1009144,"moranbi02"
1003159,"dela_mi01"
1014354,"yorkru01"
1006038,"hortowi01"
1007701,"loftudi01"
7322,"lewissc02"
1003635,"easlemi01"
1007704,"loganbo01"
1006309,"jacksro01"
1002251,"clairda01"
1004215,"fordcu01"
1008901,"millehu01"
21587,"salazce01"
9176,"perezau01"
1007734,"longji02"
5879,"karstje01"
1001944,"careyma01"
1000877,"berghma01"
1677,"victosh01"
1012598,"stranpa01"
1004246,"fosteal01"
1001066,"blaylma01"
1000995,"bishomi01"
1004285,"foxxji01"
1594,"chrisry01"
1012420,"stantle01"
1012515,"stewaan01"
12555,"cingrto01"
1012614,"stricel01"
1003716,"einerda01"
1003295,"dignast01"
2076,"loganno01"
1013428,"villeis01"
20123,"sotoju01"
13145,"belljo02"
1007307,"lanedi01"
16754,"nittovi01"
8422,"daviser02"
1009367,"murphjo03"
1013145,"townsha01"
1013848,"whitast01"
1009666,"nycech01"
1008317,"mazzeme01"
1012731,"suscege02"
1011320,"russepa01"
1009915,"owenda01"
1000689,"baumgro01"
1004622,"georgos01"
16390,"wieckbr01"
7754,"fiersmi01"
1007748,"lopated01"
1011102,"rodried01"
1013463,"vukovjo01"
19244,"irvinco01"
1005740,"hershmi01"
1003001,"dassofr01"
1010141,"penaan01"
1745,"burkhmo01"
1002911,"cusicto01"
15179,"wrighda04"
8056,"frazije01"
3246,"burgoam01"
1014276,"wrighed01"
1013623,"wardpr01"
1000237,"andermi01"
14412,"hudsojo03"
1002491,"comstke01"
1011061,"robindo01"
1014255,"workmch01"
13510,"ramirjo01"
1012315,"spehrti01"
19682,"sheffjo01"
1003398,"donovmi01"
3455,"smithgr02"
1000486,"baldwre01"
1004728,"gillpge01"
1001444,"britobe01"
1006110,"howsedi01"
1001476,"brookto01"
709,"sexsori01"
1012551,"stockmi01"
25420,"zeferry01"
1001253,"bowerfr01"
1005373,"harmote01"
1676,"calerki01"
1006794,"kellybi03"
1007146,"krausle02"
1013441,"visnejo01"
13906,"johnssh01"
1008612,"mclauji01"
5284,"carides01"
1001964,"carltst01"
1007091,"kommefr01"
25569,"aluja01"
1012670,"sudhowi01"
1009372,"murphmo01"
1000697,"baxtemo01"
21956,"castima03"
19311,"mcclare01"
4003,"hicksbr01"
1003999,"fernana01"
1013156,"trambre01"
2204,"goslimi01"
1000468,"bakerto01"
1007124,"koufasa01"
7498,"lucydo01"
1848,"grabojo02"
1001162,"bonetju01"
9875,"robintr01"
1002568,"cookedu01"
1009354,"murphda04"
22630,"monteke01"
1012285,"sosajo01"
1010464,"posesc01"
1006745,"keegaed01"
1013743,"weisal01"
1003915,"fallobo01"
3704,"schumsk01"
1008657,"mcnambo01"
1012045,"skubebo01"
18300,"suarean01"
1008714,"medicdo01"
1000671,"battege01"
20332,"gonzalu03"
6288,"curtico01"
1000551,"barklre01"
21197,"nunezda01"
1002905,"curtijo01"
1000300,"ariasru01"
1012352,"spottji01"
19251,"alonspe01"
1002380,"cocanja01"
17307,"liberlu01"
11571,"dominjo01"
22915,"vargaca01"
1011342,"ryanjo01"
1000667,"batisra01"
1009407,"musseje01"
1007999,"mainal01"
1011995,"simpsha01"
1014213,"wooddo01"
1005868,"hobbigl01"
1009026,"moffesa01"
1004837,"gonzaju01"
1009516,"nessja01"
1007831,"lummi01"
1011455,"saturlu01"
1001308,"bradlge02"
1003095,"daybo01"
1011635,"schulja01"
1009321,"mungova01"
1007505,"leiussc01"
1012090,"smithal04"
16572,"joeco01"
2169,"astacez01"
1009941,"pactwjo01"
1009015,"mizelvi01"
3359,"rayro01"
1001354,"branodu01"
876,"guthrma01"
1010518,"prendji01"
1000181,"alstode01"
1000005,"abbated01"
1002712,"crabbro01"
1002786,"cromawa01"
1000213,"amorvi01"
1014050,"willsda01"
6962,"kalisry01"
1004965,"graych02"
1012199,"smithre04"
12304,"bassich01"
1004103,"fislewe01"
1005894,"hoelsar01"
1002615,"corcoar01"
1004593,"gedneco01"
2158,"dobbsgr01"
1001259,"bowleem01"
1013913,"whittpo01"
4676,"mortoch02"
1005338,"harbibi01"
1004437,"gaisefr01"
1012255,"snydere01"
1011020,"robelto01"
1002871,"cumbejo01"
1004452,"gallaja01"
21270,"bouchse01"
21922,"laosa01"
516,"darenvi01"
15679,"tellero01"
1007518,"lemonch01"
12,"fabrejo01"
941,"tejadmi01"
23091,"pinaro01"
1014029,"willipa01"
1012489,"stephbu01"
1010305,"piattwi01"
1000192,"alusige01"
1006193,"huntdi01"
1014027,"willine01"
1006211,"huntra01"
1005827,"hillke01"
1004743,"gionfal01"
7059,"shielja02"
1003623,"eagantr01"
1006245,"huttoma01"
1002264,"clarkar01"
13453,"butleed01"
13932,"ennsdi01"
1006563,"jonesja01"
1000817,"bellmi02"
1002669,"coughde01"
1009403,"muserto01"
1013838,"wheelri01"
17092,"acevedo01"
1008843,"middlji01"
17548,"wardta01"
1005356,"hargast01"
1011547,"schemmi01"
15890,"severlu01"
1009922,"owensja02"
1002387,"cocrege01"
1006997,"klepfed01"
1006057,"housefr01"
13473,"smithdw02"
1013507,"walkbo01"
1004995,"greenge01"
1000798,"bellbi01"
1011150,"rohwera01"
10330,"sotogi01"
1006276,"irwinar01"
1004632,"gerheal01"
1000435,"bainlo01"
20450,"hicklbr01"
16155,"skogler01"
801,"vazquja01"
26790,"chivian01"
1011970,"silveal01"
21298,"jacksan01"
1005510,"hawesro01"
10285,"smokejo01"
1006129,"hudgeda01"
8243,"sammocl01"
1011979,"simmobr01"
14225,"puigya01"
2416,"mazalu01"
1003446,"dowlida01"
1502,"greenni01"
1008681,"mcquemo01"
1010965,"rileybi01"
1008954,"millsch01"
1881,"szumija01"
14523,"severpe01"
15988,"grullde01"
10343,"loupaa01"
1008891,"milleed02"
1007395,"lawlomi01"
1001900,"campofr01"
1000327,"arroyfe01"
1003918,"falsepe01"
853,"vandejo02"
1012393,"stallvi01"
1009744,"ogeach01"
1000993,"bisholl01"
1012836,"tatele01"
1010995,"rittewh01"
2783,"moneljo01"
27,"ortizra02"
8598,"dumatph01"
9720,"colemlo01"
1003703,"eganwi01"
1002401,"cohenhy01"
3094,"woodyma01"
1013192,"trostmi01"
1003227,"desauge01"
1011711,"sechrdo01"
1010998,"ritzke01"
1007680,"llewecl01"
1007930,"maclebi01"
1013009,"thompfu01"
1010149,"penaju01"
19261,"hamilia01"
1578,"bardjo01"
1878,"sledgte01"
1011888,"shevlji01"
1005416,"harrigr02"
7416,"lowema01"
1006079,"howarel01"
1007675,"livinmi01"
1007299,"landrdo01"
1002584,"coonebi01"
1008227,"masteda01"
1008111,"markedu01"
138,"fordybr01"
955,"estrajo01"
1007296,"landiji01"
30140,"maddety01"
1014333,"yeargal01"
15103,"powelbo02"
1013199,"troybu01"
1005290,"hamribe01"
1000238,"andermi02"
4913,"parkeja02"
22217,"campulu01"
1007075,"koellbr01"
1014433,"zettlge01"
1008322,"mcaleji01"
1000829,"benedbr01"
4747,"grandcu01"
710,"sheetbe01"
1012250,"snydeji01"
17489,"watkisp01"
1001768,"butlead01"
1008638,"mcmanpa01"
1008871,"millebi02"
20492,"mizeca01"
1013938,"wilbote01"
1003093,"dawsore01"
11828,"paxtoja01"
1009740,"o'farbo01"
1000369,"ausanjo01"
1004559,"garvine01"
1000444,"bakerbo01"
1002896,"curryto01"
1005867,"hobaued01"
24282,"tengka01"
1505,"herreal01"
1008338,"mcbeepr01"
1006412,"jimenju01"
1007126,"koupalo01"
1014112,"wilsowi01"
1729,"almonhe01"
10028,"bethach01"
1003919,"faltest01"
1000721,"beardte01"
1006867,"kernege01"
1009589,"niemara01"
1009122,"mooremi01"
1003886,"eyricge01"
1014444,"zimmehe01"
2066,"farrier01"
1007434,"learki01"
1002328,"clayke01"
1001395,"brenzbi01"
1270,"perryhe01"
1000674,"battlho01"
69,"oropeed01"
17754,"baezsa01"
4329,"dejonjo01"
1003335,"dixonto01"
1014274,"wrighda01"
6457,"oconnmi01"
33838,"rodriya01"
1636,"leecl02"
1007551,"lerchra01"
1008263,"mattimi01"
996,"manzajo01"
1006109,"howleda01"
1011739,"selphca01"
1013978,"willibr01"
1009906,"ouellph01"
1001582,"brumbcl01"
1005945,"holdsji01"
1007840,"lunteha01"
20034,"owenhu01"
682,"dejeami01"
21547,"monteco01"
1008047,"maltzgo01"
12508,"bandyje01"
1008181,"martima01"
5971,"violape01"
1007245,"laddpe01"
1002885,"curledo01"
1010175,"perazlu01"
1008759,"mendoca01"
1109,"bondsba01"
1003880,"ewingbo01"
1008234,"mathebo01"
1004445,"gallaal01"
728,"guzmacr01"
1005059,"grillst01"
1005985,"holtji01"
1004402,"fulmewa01"
1402,"delluda01"
3158,"threeer01"
1001946,"careyro01"
10233,"chapmar01"
1728,"sorenza01"
2196,"woodsja01"
1001647,"bulloer01"
1003222,"derriji01"
1002626,"coreyma01"
1011654,"schwabi01"
23301,"junkja01"
1004580,"gawch01"
795,"schnebr01"
1013665,"waterst01"
1012938,"tettedi01"
7503,"pattoda01"
1012274,"sommebi01"
1006644,"judgejo01"
17536,"burrry01"
1004765,"gleasbi02"
24584,"stievjo01"
1000762,"bedfoge01"
1003698,"egandi01"
490,"powelbr01"
1010190,"perkibr01"
1011655,"schwabi02"
5913,"garcile02"
1004805,"goldemi01"
22913,"moralfr02"
15378,"lloydky01"
3044,"billibr02"
19264,"hatchto01"
11716,"tepesni01"
1012592,"straijo01"
1008093,"mapelro01"
1008905,"millejo01"
1237,"zambrvi01"
1007347,"larkige01"
273,"cruzju02"
1013366,"vargaan01"
7146,"hudsoda01"
583,"affelje01"
33541,"crewsdy01"
1010527,"priceja01"
1943,"greinza01"
1008442,"mcdante01"
2203,"belisro01"
1923,"devordo01"
1012503,"sterljo01"
1006012,"hopesa01"
5178,"frierer01"
10091,"takahhi01"
1013571,"walshed02"
1004451,"gallagi01"
1011535,"schefbo01"
14282,"coatsja01"
1013484,"wagnehe02"
1005299,"handlge01"
1001597,"brushbo01"
1005644,"hendrja01"
1012711,"sullisl01"
1012801,"szotkke01"
1003496,"drewca01"
898,"trachst01"
1010453,"porteir01"
1011891,"shielpe01"
1004603,"geiseda01"
1002852,"cuellch01"
1007371,"lathaar01"
1006591,"jonessh01"
1010352,"pillisq01"
1002256,"clantuk01"
1001940,"cardobe01"
174,"arrojro01"
2487,"easleed01"
9235,"diazju02"
1000474,"balcebo01"
462,"cornena01"
1006299,"jackshe01"
1007633,"lindsro01"
27465,"torkesp01"
6021,"saitota01"
7358,"martimi02"
1005218,"haldejo01"
944,"zitoba01"
1000178,"alouje01"
840,"pettian01"
1009631,"normada01"
1007535,"leonaje01"
1004950,"grantji02"
17678,"bregmal01"
23324,"tarnofr01"
1012594,"strambo01"
27271,"burgoju01"
1002783,"croftar01"
1002487,"comptcl01"
1005368,"harledi02"
1004954,"graperi01"
1011646,"schulwe02"
107,"mossda01"
13854,"bemboan01"
169,"seguida01"
1000385,"aydelja01"
1181,"simonja01"
1005808,"hillbi01"
12272,"brookaa01"
18795,"uriasra01"
1009234,"mortoke01"
1008587,"mckeero01"
60,"johnsra05"
25979,"nunezna01"
1002574,"cookpa01"
1011587,"schmipe01"
1001521,"brownik01"
1009030,"moharge01"
2505,"congeha01"
1007903,"macey01"
1003098,"daype01"
1001378,"breedda01"
23460,"hughebr01"
1012157,"smithhe01"
1009243,"mosesjo01"
1002726,"cramedi01"
1006638,"joypo01"
1009250,"mossido01"
1012617,"stricjo01"
1008401,"mccluha01"
1012997,"thomava01"
13167,"garciro02"
1000148,"allenje01"
1000618,"barryri01"
1007767,"loudech01"
1010429,"ponceca01"
27462,"martiau01"
1010508,"pozoar01"
1006328,"jacobsp01"
3132,"watsoto01"
1006945,"kinlowa01"
1012348,"spohral01"
1012381,"stahlch01"
2006,"haadya01"
638,"beirnke01"
1003603,"duvalmi01"
1003094,"daybi01"
4620,"thatcjo01"
1002410,"colcoto01"
1011980,"simmocu01"
1003484,"drapemi01"
1003591,"durhajo02"
1009308,"mullipa01"
30113,"patrich01"
1013896,"whitewa02"
1598,"davisja02"
1004546,"garresc01"
1001473,"brookik01"
5099,"vanderi01"
18251,"warrear01"
12530,"maronni01"
1004502,"garciki01"
1007170,"krohru01"
103,"lopezja01"
4950,"hernadi01"
1546,"munrope01"
1009280,"muellhe01"
1004739,"gingbi01"
1009110,"moorege03"
1010042,"paskedo01"
1004085,"fisheed02"
35333,"burnsch01"
1007799,"lozadwi01"
1005280,"hamlilu01"
1003552,"duncada01"
1002057,"castibo01"
8433,"davisik02"
1011799,"shannre01"
3248,"diazro01"
1003997,"fernafr01"
1013826,"wheatma01"
1001319,"bradsjo01"
616,"garneco01"
19612,"bichebo01"
20165,"matijjj01"
1009271,"mowremi01"
1001265,"bowmabo01"
11165,"florera02"
6943,"hochelu01"
1010593,"quellge01"
1002853,"cuellmi01"
10095,"delarda01"
6003,"constjo01"
1014088,"wilsoji01"
1006047,"hottmke01"
2748,"orrpe01"
1001208,"borowha01"
3677,"ondrulo01"
5508,"evelada01"
1001228,"bottoji01"
19528,"robsoja01"
1000908,"berryke01"
1014327,"yatesal01"
1005706,"hernake01"
1014001,"willigu02"
1013021,"thompmi02"
1004979,"grbael01"
1007527,"lennopa01"
23307,"snideco01"
1003550,"dunbama01"
1012388,"stalege01"
1006676,"kalbfch01"
17796,"tatedi01"
2151,"encared01"
1000902,"berrych02"
1012985,"thomale02"
1003332,"dixonle01"
1011162,"rolliri01"
1011099,"rodiner01"
15267,"rhameja01"
5364,"marshbr01"
1006246,"huttoto01"
8353,"annade01"
1000032,"acklefr01"
6343,"adamsry01"
11464,"brownga02"
1009141,"moralwi01"
1004337,"frencji01"
11470,"wolteto01"
3118,"guzmaje01"
1013723,"wedgeer01"
7409,"scrugxa01"
1009085,"moonwa01"
1311,"lopezfe01"
1011988,"simondo01"
1003694,"edwarwa01"
1010010,"parkifr01"
12180,"alfarjo01"
26469,"wendzda01"
1009791,"olsongr01"
1002006,"carroto01"
1001198,"bordejo01"
1012339,"spiesha01"
27506,"kimha01"
1010324,"piercan01"
1003146,"deinipe01"
22323,"dejesan01"
1024,"crespce01"
1009949,"paganda01"
7024,"gonzami03"
10297,"bellch02"
3727,"garcijo01"
1007351,"larkist02"
1010195,"perkoha01"
1014096,"wilsomo01"
15885,"romerfe01"
1615,"mckayco01"
1005457,"hartmj_01"
1001358,"brantje01"
1004917,"gradymi01"
7019,"valdeme01"
1002717,"cradlri01"
1899,"aquingr01"
1001518,"brownga01"
1005925,"hoganwi01"
12178,"tapiado01"
1010976,"riosju01"
9059,"axforjo01"
1802,"telemam01"
1010303,"phylebi01"
1012728,"surhori01"
1149,"coellro01"
1889,"bentzch01"
1010196,"perkojo01"
1002826,"crowlbi01"
1009524,"neunjo01"
9929,"rufda01"
1001735,"burtfr01"
1855,"campsh01"
601,"georgch02"
1003568,"dunleja01"
1012189,"smithpa03"
1013404,"verasqu01"
1012620,"strikjo01"
1006484,"johnslo01"
1010493,"powelma01"
1009257,"motada01"
1014331,"yeagejo01"
1014281,"wrighha01"
1014471,"mccaf01"
15809,"arrueba01"
1008839,"michajo02"
1000608,"barrofr01"
1010880,"rhinebi01"
1012979,"thomago01"
1013359,"vannjo01"
1008248,"matospa01"
1000299,"ariasge01"
1000846,"bennepu01"
1010483,"powelda01"
1003630,"earlho01"
1009269,"moutoly01"
1011905,"shipkbi01"
1002817,"croucza01"
6428,"accarje01"
1006177,"hulswru01"
1004854,"goodfmi01"
7411,"adamsau01"
1008429,"mccreed01"
23811,"ariaslu01"
750,"reedri01"
1014191,"wolfepo01"
1008135,"marshcu01"
1003120,"debusad01"
1008495,"mcfaror01"
1003705,"eggleda01"
1011759,"sevcijo01"
4342,"hoffpmi01"
1008070,"manniti01"
1002033,"casege01"
1005350,"hardyha01"
1007239,"lacorfr01"
1000103,"albercy01"
1001948,"careyto01"
1009571,"nichosi01"
1011168,"romanro01"
1005582,"heganji01"
4251,"drewst01"
1011114,"rodrist01"
1011736,"sellsda01"
1012075,"smallji01"
1008907,"millejo03"
33,"schoesc01"
1008647,"mcmulge01"
1000157,"allenro01"
1002445,"collibi01"
1003302,"dillibo01"
21780,"ruizes01"
1010495,"powelra01"
1003577,"dunnst01"
7513,"waldrky01"
1005134,"gulledo01"
1007663,"littlja01"
1003994,"fernach01"
1051,"peavyja01"
1008236,"matheed01"
1007265,"lallyda01"
1008009,"maksumi01"
1005726,"herriar01"
1006646,"judsoho01"
3179,"navardi01"
2115,"brownan01"
1008961,"millswi01"
1008390,"mcclape01"
1001716,"burnsoy01"
1003559,"dundogu01"
915,"harvich01"
1014436,"zieglge01"
1013365,"vanzaik01"
30016,"rockjo01"
1005533,"haynehe01"
6785,"millean01"
23691,"tenajo01"
1003639,"easteja01"
12649,"dickeal01"
1003592,"durhale01"
8476,"mejiaje01"
1011443,"santijo02"
1324,"thurmco01"
5551,"harrima01"
1014239,"woodsjo01"
1002146,"chapmgl01"
1011558,"schialo01"
1012675,"sukefcl01"
1006041,"hoskida01"
19913,"sanchje02"
1003527,"duffijo01"
4754,"kominsh01"
20493,"beerse01"
1011695,"scottto01"
1014466,"zuverge01"
1006620,"jordato01"
11003,"gattiev01"
1009786,"olmstfr01"
1004720,"gillha01"
1003613,"dyerdu01"
1114,"goodwto01"
1010750,"redfebu01"
1012795,"swishst01"
1006481,"johnsla02"
1002617,"corcojo01"
16061,"booseca01"
11651,"tateyyo01"
1014413,"zalusja01"
1005001,"greenjo01"
7038,"torreal01"
1597,"davisjj01"
1011331,"rutnemi01"
1001391,"brennji02"
1803,"lindeto01"
1005870,"hobbsjo01"
1011013,"roachme01"
736,"kieltbo01"
1002036,"caseyda01"
1005010,"greenri02"
13896,"flexech01"
1002467,"colliwi01"
1006512,"johnswa02"
1006666,"kahlni01"
1006852,"kented01"
27694,"sternju01"
1013114,"tompkro01"
1012842,"tatumji01"
8421,"wilkad01"
7365,"tolbema01"
1006716,"kauffdi01"
506,"abadan01"
1002298,"clarkmi01"
4560,"baylijo01"
1009303,"mulligr01"
1008519,"mcgilbi02"
1013994,"williea01"
395,"mcdonjo03"
1006359,"jansera01"
1012825,"tappawa01"
1757,"harenda01"
1325,"walkepe01"
3815,"latosma01"
1000545,"barkegl01"
1013116,"toneyfr01"
8218,"mosquju01"
1011357,"saboch01"
4897,"kazmisc01"
1973,"bergju01"
1011847,"sheehto01"
1009024,"moellro01"
1010530,"pricejo02"
1010072,"pattige01"
1008628,"mcmahdo01"
1005418,"harrije01"
1011146,"rohnda01"
1005395,"harribe02"
1013759,"welchmi03"
1153,"edmonji01"
1002519,"connest01"
12779,"burnsan01"
1006615,"jordari02"
4911,"thompbr01"
1012048,"slaglji01"
1014091,"wilsojo01"
10067,"telisto01"
1011571,"schluno01"
1002594,"coopedo01"
88,"furcara02"
18311,"fulmeca01"
13397,"selmasa01"
1007711,"loiseri01"
1009209,"morriha02"
3462,"whelake01"
901,"walkety01"
1001724,"burrebu01"
1013992,"willido01"
1000948,"bickhda01"
1101,"suzukic01"
4063,"reckean01"
1013709,"webbele01"
1001893,"campbvi01"
3126,"mendolu01"
1006298,"jacksgr01"
1008388,"mccheha01"
1010066,"pattejo01"
23135,"salazed01"
1013697,"weavefl01"
1685,"neumi01"
1013645,"warwibi01"
1009779,"olivena01"
1000961,"bignege01"
25688,"devanca01"
1007397,"lawrebo01"
1014084,"wilsohe01"
1004895,"gossedi01"
1001604,"bryande01"
1009815,"o'neijo02"
1014066,"wilsoch01"
2131,"majewga01"
1001063,"blauvhe01"
1000236,"anderla02"
1013921,"widmaal01"
10767,"adamsla01"
4946,"dukesel01"
1008718,"medvisc01"
1935,"youklke01"
1005962,"hollmst01"
1012237,"snoveco01"
1003825,"eshelva01"
1083,"kayeju01"
1008320,"mcafebi01"
1002946,"daleyto01"
1010259,"pezolla01"
1014171,"witteje01"
9787,"baronst01"
276,"duncaco01"
1010740,"reamsle01"
2113,"doumiry01"
1000565,"barneho01"
1012523,"stewajo01"
1013262,"ueckebo01"
1009588,"niemabu01"
1005137,"gulligl01"
1012919,"terlebo01"
1009876,"ostdiha01"
1013134,"torremi01"
1010218,"perzast01"
7290,"elmorja01"
1002388,"codirch01"
1005095,"grother02"
22361,"holdeco01"
324,"fernaja01"
1011926,"shorebi01"
1004142,"fleetfr01"
1006114,"hoytla01"
1001082,"blomdbe01"
15873,"manaese01"
7422,"hagenbr01"
1005647,"henglmo01"
1012296,"sowdejo01"
1013085,"titusjo01"
1006421,"johnsau01"
1005912,"hoffmra01"
21574,"littlbr02"
1012587,"stovira01"
19296,"callal02"
1010369,"piscima01"
1004594,"geejo01"
1004591,"gedeojo01"
1013661,"waslega01"
1004677,"gideobr01"
10386,"contrca01"
4086,"cordier01"
1011974,"silvelu01"
1009808,"o'neifr01"
20572,"clemeko01"
1003921,"fannicl01"
15585,"fordmi01"
1012521,"stewagl01"
1009467,"navarti01"
1007995,"mahonmi01"
1004178,"floydbu01"
16403,"mejiafr01"
1006796,"kellybr01"
1586,"allenlu01"
1001847,"callani01"
1010360,"pinsova01"
18206,"dinini01"
1004204,"fondyde01"
1007908,"machake01"
15853,"dygesje01"
1012705,"sullima01"
1011282,"ruddejo01"
1004012,"ferrida01"
29844,"hicksli01"
8739,"schleda01"
1007137,"krameja01"
1002300,"clarkot01"
1000987,"bischjo01"
1005686,"heredgi01"
14914,"hurshja01"
1004514,"gardero01"
12763,"devench02"
1006409,"jimenel01"
1009099,"moorech02"
7550,"mcgeeja01"
1736,"reyesjo01"
23479,"sandeca01"
1605,"hallbi03"
7718,"grayje02"
1009124,"moorera01"
10706,"copelsc01"
1010089,"pawlojo01"
1012251,"snydeji02"
1113,"fultzaa01"
1417,"santira01"
899,"vaughmo01"
28142,"garcijh01"
1013177,"trenwge01"
19813,"leblach01"
1006913,"kimbane01"
571,"oswalro01"
1002447,"collich01"
11936,"panikjo01"
7706,"jenseky01"
985,"brownad01"
3142,"chiriro01"
2895,"mcallza01"
1006885,"keyji01"
1010059,"patteda02"
1014312,"wynnema01"
30161,"rodrica02"
1009816,"o'neimi01"
1004189,"flythst01"
1005850,"hinslje01"
1009587,"niemabo01"
1003194,"demetst01"
1010457,"porteod01"
13367,"piscost01"
1001958,"carloci01"
31349,"scottvi01"
20468,"ynoahu01"
1007876,"lyonsal01"
1014204,"womacsi01"
1004660,"gibbsja01"
1010284,"phillbu02"
1471,"petribe01"
20039,"morejad01"
1008278,"maurero01"
23493,"snydeni01"
349,"rijojo01"
1007559,"leslisa01"
3507,"rienzan01"
1006977,"kisinru01"
29950,"leasujo01"
1000281,"appleed01"
13420,"kochma01"
1003637,"eastca01"
1003508,"drissmi01"
1012738,"suthedi01"
1006479,"johnske04"
1001250,"bowensa02"
1013836,"wheelge02"
25376,"mearsni01"
1008509,"mcgeeda01"
1022,"bynummi01"
11604,"neverdo01"
18555,"allenlo01"
1000389,"ayraubo01"
1014401,"zabalad01"
1007997,"mailhem01"
1009352,"murphda02"
1434,"bankswi01"
1008285,"maxvida01"
1009820,"o'neist01"
1005437,"harstos01"
1003556,"duncata01"
1008211,"mashoda01"
1007436,"learyja01"
1007402,"lawru01"
9542,"clevest01"
30055,"povicca01"
1012635,"strusst01"
9919,"morriaj01"
1002200,"chittne01"
1004205,"fonsele01"
24995,"siskev01"
3319,"lopezar02"
1007142,"krausch01"
1007217,"kuseled01"
3124,"belowdu01"
1006994,"kleinnu01"
1005597,"heintto01"
1005343,"hardich01"
1008540,"mcgrabo01"
1004458,"gallemi01"
1005215,"hajekda01"
1001475,"brookma01"
1008497,"mcgafan01"
278,"farnsky01"
1002028,"carysc01"
1008241,"mathete01"
1298,"escobke01"
11260,"spencjo01"
1010694,"randowi01"
1002167,"chavaos01"
1009622,"nonnere01"
7244,"moorety01"
27646,"ortizlu03"
1009149,"moranhe01"
1003876,"eversjo01"
1012905,"tekulke01"
1001107,"bochtdo01"
17479,"flaheja01"
1306,"huckake01"
5827,"florewi01"
1003847,"etherbo01"
27967,"laraan01"
1001800,"byrnemi01"
1008952,"millsbr01"
31695,"beavedy01"
1010345,"pikeja01"
1004159,"flickle01"
1009440,"nagyst01"
1011755,"serumga01"
1002064,"castiju02"
1008496,"mcfetja01"
1008373,"mccarjo01"
1008656,"mcnalmi01"
1009004,"mitchke01"
10071,"villajo01"
1002427,"colemjo04"
1007368,"laslebi01"
1013823,"whalibe01"
1004128,"flahepa01"
1002183,"chiamsc01"
1008441,"mcdanli01"
1009719,"o'conpa01"
26668,"delacel01"
1013954,"wilkibo01"
1008414,"mccorha01"
1003737,"ellioge01"
1005072,"grineda01"
1013275,"umbacar01"
8241,"roberda08"
1010794,"reidje01"
6550,"sttuemi01"
10259,"beltrom01"
2457,"clarkdo01"
1008339,"mcbrial01"
1007621,"lindewa01"
1002341,"clemewa01"
1000031,"ackerto01"
16623,"allengr01"
1004248,"fosteed02"
1000188,"altizda01"
1006453,"johnser01"
1000288,"archdma01"
1002232,"ciardma01"
1007835,"lunddo01"
19683,"brossmi01"
1005020,"greggha01"
1008957,"millsfr01"
1001349,"brandja01"
1004109,"fitzgjo02"
998,"meadobr01"
1003958,"faulkji01"
1004538,"garlawa01"
1812,"serafda01"
1001639,"buicede01"
1013664,"waterfr02"
1009441,"nahemsa01"
1008075,"manonra01"
1011079,"robinya01"
1013614,"wardji01"
1003787,"ennisru01"
1000571,"barnere02"
1743,"hartbo01"
1002342,"clemoch01"
1007149,"krawcra01"
4182,"herrejo03"
19625,"mackida01"
5417,"altuvjo01"
526,"loopebr01"
1155,"hackmlu01"
11562,"castile01"
19753,"loaisjo01"
1003510,"dropowa01"
7888,"flahery01"
1004868,"goodwpe01"
1000971,"billijo01"
1044,"lankfra01"
1007019,"klusmbi01"
1012023,"sittoca01"
25862,"davisno01"
512,"burnea.01"
1008940,"millewa03"
1013973,"williar01"
1013679,"watsojo01"
1014242,"woodspi01"
3422,"murraaj01"
1008949,"millsal01"
1610,"josefe01"
1004251,"fosteke01"
2520,"lynnla01"
1009853,"ortajo01"
1011324,"russoma01"
1004687,"gilbebu01"
1002811,"crothdo01"
1008484,"mcfadba01"
1008235,"mathech01"
1006082,"howariv01"
10258,"martira04"
1008927,"millere01"
19779,"blancda02"
12981,"gallaca01"
29946,"hartwgr01"
5261,"crosbca01"
1005158,"guzmado01"
1010949,"ridgwja01"
1010865,"reynoch01"
31764,"blubaaj01"
1008277,"maupiha01"
1006268,"iorgga01"
1003101,"dealco01"
1011248,"routcph01"
1010611,"quinnta01"
1005937,"holbera01"
1011452,"sassema01"
1005538,"haywore01"
1011899,"shinaza01"
1012931,"terryya01"
1002089,"caulfja01"
2167,"johnsda06"
1007011,"klingsc01"
1002521,"conneto01"
1004764,"gleasbi01"
1010316,"pickeri01"
7026,"castrra02"
1007642,"linzph01"
1012261,"soderst01"
12037,"bertijo01"
5028,"schulbo02"
23449,"karchri01"
1007511,"lemanda01"
1001570,"browsc01"
1012684,"sullibi04"
1005475,"haslimi01"
1007113,"koringe01"
1010018,"parnhru01"
1010211,"perryge01"
1008935,"millest01"
18333,"youngal01"
30133,"hurtebr01"
1012840,"tatisra01"
1010315,"pickeol01"
1001699,"burnejo01"
1008604,"mclaned01"
3203,"martean01"
1001702,"burnsbr01"
3361,"sanchga01"
1003218,"derbyge01"
10326,"jenkich01"
1011494,"scanlpa02"
1006640,"juddos01"
1002295,"clarkle01"
1010416,"polchlo01"
22116,"danneha01"
1011746,"senseco01"
1001890,"campbro01"
13157,"delmoni01"
1002078,"castrlu01"
1010165,"pentzge01"
1009158,"morehse01"
1009798,"o'malto01"
1005717,"herndla01"
19159,"burdiza01"
1011111,"rodriro01"
1008182,"martima02"
19292,"alvarar01"
21544,"shugach01"
5861,"motteja01"
1001783,"butlero01"
1009368,"murphjo04"
1002330,"clearma01"
1014294,"wrighru01"
1013307,"vahreha01"
1003228,"deshaji01"
378,"diazei01"
1010834,"reninji01"
1006218,"hurledi01"
18140,"flaaja01"
1011725,"seguidi01"
591,"berroan01"
1002275,"clarkda03"
20454,"chishja01"
1006811,"kellypa02"
1013152,"tracyji01"
1010692,"randdi01"
1010691,"randasa01"
1007857,"lydysc01"
1005091,"grosswa01"
6842,"campbbr02"
1006044,"hosteda01"
1011170,"rombedu01"
2116,"perezbe01"
14244,"blackra01"
150,"lopezro02"
271,"clemema01"
1008260,"mattibo01"
1003257,"deweyma01"
1003640,"eastelu01"
1004498,"garcida01"
10807,"saladty01"
1425,"bushho01"
8103,"schwimi01"
1002203,"choji01"
1002947,"dalledo01"
1009824,"onsloja01"
1003555,"duncapa01"
1006531,"jonesbo02"
12106,"markepa01"
392,"magruch01"
1709,"welleto01"
1008131,"marsaar01"
1010911,"richaje01"
1011971,"silvech01"
1004800,"goffje01"
1001050,"blankke01"
5275,"cervefr01"
1007462,"leemi01"
1009595,"nieveme01"
1000175,"alomalu01"
21535,"kaiseco01"
1001397,"bressed01"
1008792,"merrill02"
1007788,"lowedi01"
3878,"stewach01"
17285,"sheffju01"
21212,"francjp01"
1006251,"hynespa01"
1009653,"noviklo01"
1012422,"stantto01"
1922,"villaed01"
1001101,"boardch01"
1011609,"schrapa01"
1006849,"kennete01"
1005583,"heganmi01"
6688,"rodrifr04"
1014052,"willski01"
1003458,"doyleco01"
1009225,"morrito02"
1009612,"noboaju01"
16221,"zimmebr01"
1001376,"breckbi01"
10510,"cervehu01"
1698,"lairdge01"
17381,"gagema01"
1011477,"sawyeri01"
1001920,"cantrgu01"
1007531,"leonade01"
1008635,"mcmanji01"
11761,"robindr01"
6527,"zeidjo01"
18146,"kaczmke01"
1004131,"flanach01"
6616,"figuepe01"
19481,"ferguty01"
1003140,"defatto01"
1014470,"gormato04"
10155,"troutmi01"
1007613,"lindbem01"
1009492,"neillto01"
1011696,"scranji01"
1000505,"bandosa01"
1012406,"stanked01"
20277,"abbotco01"
1001617,"bucheji01"
1008453,"mcdilal01"
1008176,"martijo02"
12138,"brettry01"
1013122,"toppiru01"
1010103,"pearcfr02"
1013315,"valdepe01"
2829,"pinama01"
1003060,"davisjo02"
401,"rincori01"
1010187,"perezsa01"
1002713,"crablge01"
1006506,"johnsti01"
6176,"bakersc02"
1010761,"reedbo01"
26202,"manguja01"
1013801,"westehu01"
9927,"gardnbr01"
8893,"martida02"
1001264,"bowmabi01"
4830,"ramired01"
1001881,"campbji01"
1011157,"rolfere01"
557,"frankwa01"
1010962,"rigneto01"
1000979,"birdre01"
1008097,"marakpa01"
19671,"sharpst01"
2185,"edlefst01"
9847,"mccutan01"
1000849,"bensoal01"
21481,"hjellse01"
8610,"moralke01"
7320,"foxma01"
1009533,"newfima01"
13611,"bettsmo01"
1003265,"diazed02"
1005307,"haneyto01"
6013,"adamecr01"
3767,"richada02"
1012563,"stonedw01"
1010143,"penael01"
4738,"meyerdr01"
1013170,"treadra01"
2766,"taschja01"
1009348,"murphcl01"
1008915,"millele01"
4511,"teahema01"
1011422,"sandesc01"
1011764,"sewarfr01"
26295,"dunnol01"
1007964,"mageele01"
1013338,"vanbroz01"
1010625,"rabbjo01"
1012174,"smithle01"
1004515,"gardiar01"
1001830,"caldwmi01"
1000821,"bellru01"
1000337,"ashfotu01"
1000176,"alomasa01"
1003855,"eustafr01"
15504,"westbja02"
6597,"castoko01"
16201,"anderju01"
1010906,"richafr01"
1011408,"sanchlu01"
1014048,"wills01"
5180,"villabr02"
1001366,"braunst01"
6358,"costash01"
27688,"kochaja01"
1001196,"borchge01"
1013201,"truaxfr01"
1010039,"pascuca02"
21290,"gilbrlu01"
1005887,"hodgesh01"
1005039,"griffde01"
1009162,"morelra01"
1904,"larocad01"
1011407,"sanchis01"
1007107,"kopliho01"
1005975,"holmech01"
1004241,"fosnoje01"
9780,"smithbl01"
27781,"leonpe01"
1012012,"singtfr01"
11376,"choicmi01"
19334,"hernaya01"
1008745,"melenjo01"
1014217,"woodge01"
1005140,"gumbebi01"
1004606,"geissem01"
1999,"woodja02"
2760,"rundlri01"
1008798,"mesnest01"
1010854,"revento01"
1005239,"hallch02"
1003780,"englecl01"
2141,"narvech01"
1002768,"crimch01"
1001797,"byrnebo01"
1004080,"fishech03"
1013949,"wilhojo01"
1009691,"o'brige01"
27695,"vanbebr01"
6397,"odorija01"
1010616,"quintca01"
25078,"alldrca01"
9756,"haleda02"
1013459,"vowinri01"
1002070,"castivi01"
1005574,"hedgpha01"
1000092,"ainsmed01"
12790,"alcanra01"
1001148,"bollija01"
1013858,"whitech01"
1002022,"carteso01"
6182,"coutljo01"
1000423,"bailege01"
7243,"costech01"
1003564,"dunklda01"
1004983,"greenal01"
1002337,"clemeed02"
21483,"mcclash01"
1003809,"erickjo01"
1004323,"freemju01"
1012847,"tauscwa01"
1012625,"strobal01"
549,"biggicr01"
1006686,"kanefr01"
919,"hiljuer01"
1011512,"schafjo01"
1004190,"fodgege01"
1000458,"bakerho01"
3802,"atilalu01"
1003378,"donaljo01"
1000809,"bellgu01"
16505,"chapmma01"
1014389,"youngra01"
21170,"jimenda01"
18498,"maedake01"
7407,"guerrja01"
1467,"motagu01"
1002807,"crossje01"
1003323,"dischge01"
8211,"hillst01"
1012540,"stimmar01"
9308,"phegljo01"
1013526,"walkema01"
1006766,"kelihmi01"
1529,"backebr01"
1003722,"elberki01"
1014158,"wisneja01"
1003340,"dobbsjo01"
1005535,"haywara01"
1000042,"adamsbe01"
1003872,"everibi01"
1005248,"halliji01"
1013476,"wagenwo01"
22277,"allenni02"
1002332,"clemebo01"
1014282,"wrighji01"
1007749,"lopatst01"
1645,"searsto01"
1012218,"smithza01"
9417,"medlekr01"
1004162,"flintsi01"
1005123,"guevagi01"
1004185,"flynnjo01"
1012802,"tabakje01"
1007481,"legggr01"
1011461,"saunddo01"
1007488,"lehrcl01"
1013907,"whitnfr01"
1003318,"dioriro01"
10607,"brentbr01"
1009883,"osterfr01"
1013575,"walshjo01"
1098,"sasakka01"
1001154,"boltoro01"
1013381,"vaughfa01"
1003822,"eschela01"
1012804,"taberjo01"
1006962,"kirbyjo01"
1002675,"coumbfr01"
1013775,"welzeto01"
1001838,"callabe01"
1005125,"guilloz01"
1006356,"janesje01"
1013868,"whiteed02"
1014421,"zaskeje01"
1000143,"allenha02"
1012698,"sullijo02"
1005838,"himesja01"
1005862,"hittbr01"
802,"vidrojo01"
1001030,"blairfo01"
1012977,"thomaga01"
17171,"tomasya01"
1007648,"lipskbo01"
1003019,"davenlu01"
1011072,"robinje01"
8631,"phelpco01"
1005955,"hollial01"
1001637,"buhlbo01"
29634,"wagnewi01"
1005313,"hanlobi01"
26429,"lawerco01"
10181,"merceme01"
1009799,"o'marol01"
23733,"duranez01"
1009901,"ottenji01"
1009450,"naranch01"
1008092,"manzara01"
1005505,"hausmto01"
3882,"youngch04"
19453,"andersh01"
5963,"paulxa01"
21844,"garrebr01"
8202,"harrijo05"
1008910,"milleke01"
6656,"hoeslj01"
1010471,"pottene01"
1004727,"gilljo01"
1011385,"sallesl01"
1012873,"tayloha01"
1012929,"terryra01"
13218,"fulmemi01"
1007726,"long01"
29868,"chandbu01"
1004582,"gearda01"
1000591,"barrebi01"
1006035,"hortoel01"
1008463,"mcdonji03"
1013862,"whitede03"
1009022,"moellde01"
1009483,"negraro01"
1011350,"ryanro02"
1002488,"comptja01"
1012314,"speerki01"
1009064,"montefe01"
1009339,"murchsi01"
1009008,"mitchmo01"
1008838,"michajo01"
1007419,"lazarda01"
1010708,"rathga01"
1004409,"furilca01"
596,"horstje01"
1012238,"snowch01"
1005636,"hendest01"
1007624,"lindqca01"
1007915,"mackde01"
1006564,"jonesja02"
1010434,"pooleji01"
1009964,"palacre01"
1012753,"swanan01"
1002583,"coombja01"
1007221,"kustuju01"
20334,"dohyky01"
25650,"stoudle01"
1012121,"smithdi01"
1007837,"lundgde01"
1011005,"rivermi01"
155,"mcguiry01"
1005381,"harpeja02"
7274,"stammcr01"
19362,"akinke01"
1007332,"lansfjo01"
1006244,"huttoji01"
1012021,"sislege01"
1002917,"cyperal01"
1008448,"mcdermi03"
5424,"dolsifr01"
1012408,"stankto01"
1009428,"myersri01"
1013869,"whiteel01"
1008950,"millsar01"
8021,"boggsbr01"
14335,"herredi01"
26208,"fitzgty01"
1004398,"fulleve01"
1009164,"morenjo01"
747,"princto01"
9356,"brownba01"
1013593,"waltoje01"
1013765,"wellmbr01"
1013822,"whalebi01"
320,"encarju01"
1013553,"wallami01"
1003611,"dyckji01"
8588,"freiral01"
1004134,"flanast01"
4685,"troncra01"
19260,"fraleja01"
1002490,"comptpe01"
1004045,"fillida01"
1003731,"ellinbr01"
1000046,"adamsbo04"
12174,"bonifjo01"
1001538,"brownle02"
1010682,"ramsaro01"
1379,"foxan01"
9654,"blazemi01"
1011718,"seelbch01"
15089,"marksma01"
1000362,"auerbri01"
17723,"boltsk01"
3167,"martica03"
6178,"sanchto01"
12927,"nimmobr01"
1010570,"purdijo01"
18032,"mathima01"
1013936,"wilbede01"
1008974,"minched01"
1007013,"klippjo01"
1010826,"remneal01"
1004263,"fournhe01"
1003875,"eversho01"
134,"drisktr01"
1010787,"rehgwa01"
1001581,"bruhemi01"
1003409,"dorgaje01"
1004229,"foremfr01"
27676,"pasquvi01"
1014054,"willste01"
1001122,"boggsra01"
1006621,"jorgear01"
9272,"davisch02"
1000546,"barkele01"
1003864,"evansda01"
277,"estrele01"
1011562,"schinbi01"
1005322,"hannipa01"
1007321,"langma01"
1002950,"dalrycl01"
19643,"johnsda07"
1006270,"iottho01"
1007477,"leflewa01"
1924,"henslma01"
1007301,"landrje01"
1012991,"thomare01"
1009206,"morrifr01"
1012216,"smithwi02"
3547,"friasca01"
1010137,"peltzjo01"
1008527,"mcginjo01"
1009058,"monroza01"
1010999,"riverbe01"
9072,"patteer01"
31318,"hoglugu01"
19291,"galleza01"
1008919,"milleot02"
1003363,"dolanjo02"
31431,"beckjo01"
1004059,"finnelo01"
1007597,"lickejo01"
1118,"estrama01"
5995,"kouzmke01"
1002493,"conatcl01"
1013093,"tocajo01"
1000830,"benesjo01"
8822,"wheelze01"
1012761,"swanska01"
1008362,"mccange01"
1010213,"perryji01"
1002532,"connojo04"
415,"wrighja02"
1012330,"spencto01"
1197,"brownem01"
1089,"mechegi01"
15071,"mcgowky01"
1007889,"lyonsto01"
1001692,"burketi01"
32157,"tongjo01"
1011963,"sigmatr01"
1012626,"strohjo01"
1007890,"lysanri01"
1006086,"howarma01"
27474,"meyerma01"
1005154,"guthch01"
2027,"riversa01"
1009419,"myersel01"
1010210,"perryga01"
1001133,"bokeldi01"
1233,"vaughgr01"
1009936,"pacioji01"
11854,"moyast01"
2498,"weeksje01"
1011219,"roserbu01"
5588,"maiermi01"
9869,"garrist01"
1014003,"williho01"
1000859,"benzito01"
1004944,"grangje01"
1006773,"kelleha01"
13012,"andrejo03"
1001031,"blairpa01"
1000895,"berojo01"
20379,"zuberty01"
1012812,"talbobo01"
1008693,"mcswepa01"
1013518,"walkege01"
1010179,"perezca01"
540,"smithma03"
1011972,"silveda01"
3376,"hundlni01"
1010045,"pasqumi01"
1013354,"vanegti01"
1012815,"taltoti01"
1006000,"hooksal01"
1009686,"o'brida01"
2209,"hampsju01"
5718,"bannibr01"
4381,"tupmama01"
1003417,"dorseca01"
1011444,"santoal01"
1011531,"scheefr01"
1001390,"brennji01"
1005877,"hockeor01"
1002156,"charbjo01"
14111,"haaseer01"
1012742,"sutkogl01"
1003041,"davisch01"
12797,"pompeda01"
1001835,"calhoje01"
1001454,"brobepe01"
8029,"johnsro07"
1000939,"bevilbr01"
8368,"pattotr01"
7466,"swarzan01"
15675,"gonzami05"
1001186,"boonege01"
1006106,"howesh01"
1004296,"frankfr01"
1014314,"wyrosjo01"
1009638,"northbi01"
1004250,"fostege01"
1001115,"boehljo01"
1006435,"johnsch02"
1005375,"harpebi01"
22036,"rondoan01"
17942,"rosaad01"
1011325,"rustedi01"
1003723,"elderge01"
1007086,"kolbga01"
1007620,"lindely01"
1662,"lintodo01"
1011589,"schmiwi01"
1011340,"ryanja04"
2092,"leicejo01"
1007298,"landrce01"
1014188,"wolfeed01"
1008579,"mckayda01"
10261,"ogandal01"
1004056,"finlebo01"
10815,"profaju01"
1012246,"snydege01"
1012065,"sleatlo01"
2152,"bergowi01"
1007725,"lonerwa01"
2279,"lindsjo01"
1004018,"fettelo01"
1011363,"sadowbo02"
1001421,"bridgto01"
1011749,"seoanma01"
1002512,"connafr02"
1006207,"huntewi01"
23312,"nodary01"
1008817,"meusebo01"
1002646,"cortba01"
1014411,"zahnipa01"
1009114,"mooreji01"
1001677,"burkeda01"
1013461,"vuckope01"
1007982,"mahanar01"
1009615,"nokesma01"
1009618,"nolanth01"
1002585,"coonebo01"
1007447,"leebi02"
1008962,"milnaal01"
12774,"diazja01"
1004984,"greenbi01"
274,"cunnawi01"
1006016,"hopkima01"
1009329,"munozno01"
1006352,"jamesle01"
1010524,"pressto01"
26440,"gustory01"
25377,"singebr01"
1008850,"miggila01"
1004701,"giledo01"
14719,"buttrty01"
1005214,"hajduch01"
1508,"marotmi01"
1003479,"drakelo01"
1008029,"malloji01"
1004244,"fossge01"
1245,"dicker.01"
1007849,"lutenlu01"
1009087,"moorean01"
1010972,"ringji01"
1005009,"greenpu01"
1007140,"kraneed01"
4591,"stoneto01"
1010176,"perazos01"
5878,"munizca01"
13713,"barraky01"
1006699,"kargeed01"
1850,"edwarmi02"
1005718,"hernoto01"
1000091,"aingeda01"
1005876,"hockege01"
1011593,"schneda02"
1010074,"pattima01"
1008966,"milnepe01"
1006495,"johnsra04"
1013584,"waltech01"
1003851,"eubanue01"
1009522,"neuerte01"
1003813,"ermerca01"
10762,"dickeco01"
1007108,"koppejo01"
1004271,"fowleje01"
1006236,"hutchch01"
632,"steinbl01"
16426,"estrath01"
1377,"mccraqu01"
1790,"atkinga01"
1005347,"hardtja01"
1007300,"landrho01"
21955,"rodriye01"
1527,"yatesty01"
1013453,"vonkofr01"
14212,"haderjo01"
1004158,"flickel01"
1010107,"pearsal01"
1011475,"sawatca01"
22982,"lopezjo04"
1007730,"longda02"
29921,"arrigsp01"
1006145,"huffmi01"
1008033,"malmbha01"
25413,"waltena01"
20275,"arauzjo01"
1004176,"flowewe01"
15855,"suerowa01"
1002224,"christi01"
21032,"claseem01"
1000613,"barrst01"
1011249,"rowanda01"
1009201,"morrida01"
1004737,"gilrojo01"
11156,"kellyme01"
1009040,"molitpa01"
738,"koskico01"
5158,"martevi01"
1012459,"stefejo01"
863,"bacsimi02"
1007576,"lewisbe01"
1008570,"mcintfr01"
1004052,"finigji01"
1006423,"johnsbe01"
1010968,"rileyji02"
1002637,"correed01"
1010169,"peplope01"
1001477,"brosisc01"
26259,"biggehu01"
1000359,"aubreha01"
1013758,"welchmi02"
1004150,"fletcel01"
1008254,"matthda01"
1014328,"ydeem01"
1005736,"herrsri01"
1002762,"crespcr01"
589,"beltrca01"
8130,"langwma01"
1008057,"mangule01"
1004587,"gebhabo01"
1005067,"grimjo01"
1007708,"lohrkja01"
1014450,"zinnfr01"
21558,"vierlma01"
11132,"griffaj01"
1006054,"housech01"
1007735,"longjo01"
1000293,"arciajo01"
1002428,"colemjo05"
18551,"sanchal04"
1002051,"cassija01"
1400,"uguetlu01"
19477,"degotal01"
1009464,"naultda01"
1000690,"baumgst01"
1012094,"smithbi02"
1004421,"gaedeed01"
1012030,"skalsjo01"
29878,"burkese01"
1006087,"howarmi01"
7399,"butlebi03"
10315,"tonkimi01"
1003992,"fermira01"
1005444,"hartfbr01"
20022,"roberkr01"
1007619,"lindejo01"
26517,"marteno01"
1012486,"stephbe01"
1014076,"wilsofr01"
1010262,"pfeffbi01"
1003345,"dobsopa01"
1002694,"coxca01"
1013018,"thomple01"
1003979,"feltote01"
1012322,"spencge01"
5212,"marteal01"
16279,"claysa01"
1012616,"stricji01"
1013373,"varshga01"
1007574,"lewis01"
926,"lidleco01"
1006313,"jacksso01"
1007089,"kolseka01"
1012292,"southbi02"
9167,"olivele01"
2082,"machaal01"
1059,"villabr01"
1569,"stephjo03"
1011328,"rutheji01"
1008774,"merceja01"
1011406,"sanchce01"
1007654,"liskaad01"
1012709,"sullipa01"
1004829,"gonzada01"
800,"tucket.01"
11479,"mitchbr01"
1000881,"bergmse01"
1014045,"williwo01"
1008324,"mcallsp01"
15830,"davisjo06"
1005260,"hallru01"
1007794,"lowrepe01"
1010811,"reinhar02"
1007373,"lathaju01"
1003440,"dowdjo01"
1000604,"barrijo01"
1009726,"odombl01"
1853,"machaan01"
1230,"sturtta01"
1002101,"cedendo01"
27863,"jonesja09"
1004981,"greys01"
1008185,"martino01"
1013376,"vatchji01"
117,"surhob.01"
1368,"bailean01"
1014249,"woodwbo01"
1013605,"wardch02"
6740,"giavojo01"
1007502,"leithbi01"
1009898,"o'tooma01"
1856,"wuertmi01"
1009684,"o'bribu01"
1002690,"cowlejo01"
1006805,"kellyjo04"
1008240,"mathene01"
1011085,"roccomi01"
25180,"schneda04"
1003843,"estraho01"
1008458,"mcdonha01"
1013142,"tovarce01"
1005770,"hickeji01"
1004063,"fireost01"
1006854,"kenwobi01"
1002662,"cotteto01"
1013716,"weberjo01"
1001087,"blottja01"
1005019,"greggda01"
1000536,"barera01"
1012049,"slagljo01"
1773,"mitrese01"
1006504,"johnsst01"
4426,"nippedu01"
1000982,"birkora01"
16472,"hoskirh01"
1005639,"hendrdo01"
22514,"casastr01"
1002893,"curryge01"
14509,"rodride01"
10698,"oltmi01"
4403,"kratzer01"
1009895,"otisha01"
23426,"lazarma01"
5712,"reynogr01"
1011762,"severri01"
1007640,"lintro01"
4756,"bakerjo01"
1001602,"bryanbi01"
190,"garcino01"
17954,"hillisa01"
1005325,"hansedo01"
17182,"kangju01"
1014180,"wojcijo01"
1005043,"griffiv01"
1006457,"johnsfr01"
1012877,"tayloha05"
16725,"trevijo01"
2658,"messera01"
1012755,"swandma01"
1010052,"patekfr01"
26151,"stoweky01"
1013567,"walshco01"
5235,"turneju01"
1002755,"creegma01"
1004277,"foxhe01"
1008665,"mcnearu01"
1012750,"swaciha01"
1001833,"calhobi01"
15343,"graniza01"
1010449,"porteda01"
1009023,"moelljo01"
1004699,"gilbrbi01"
1009731,"o'donjo01"
1008065,"mannija01"
19677,"sotogr01"
1007928,"macksh01"
19938,"whiteaa01"
1000912,"bertafr01"
17594,"kellemi03"
1576,"pelloki01"
6220,"grahaty01"
1007269,"lamanfr02"
9901,"volstch01"
1003779,"englech01"
1288,"bergda01"
1011872,"sheripa01"
1013030,"thomptu01"
1003865,"evansdw01"
1008200,"martiti01"
1006162,"hughete01"
1010987,"ritchcl01"
1004033,"fifieja01"
1014019,"willima01"
17696,"newmake01"
31612,"palmqca01"
1004325,"freemma01"
1011054,"robinbi02"
1005335,"hansool01"
1003514,"drummti01"
1011287,"rudoler01"
1013055,"tibbsja01"
1011661,"schweal01"
3011,"crozier01"
1011480,"saxol01"
1005992,"honeyri01"
12198,"hagerja01"
1010506,"powervi01"
29704,"fulfobr01"
1013129,"torrefe01"
1006561,"joneshe02"
1007632,"lindsji01"
1001566,"brownto05"
1012247,"snydege02"
1005194,"hafnefr01"
1005584,"hegmabo01"
1013299,"urbanto01"
4264,"melanma01"
1005749,"hessot01"
680,"casanra01"
1009992,"parenfr01"
1011821,"shawdu01"
1003014,"davanje01"
3048,"basakch01"
1000756,"beckmji01"
1008619,"mclauto01"
1005132,"gulanmi01"
1010447,"portebo03"
1006581,"jonespe01"
1001131,"boiscbr01"
2650,"brownco01"
1012758,"swanru01"
4881,"gomezca01"
329,"hayneji01"
5552,"romakja01"
1013319,"valdesa01"
18603,"sandsdo01"
1012321,"spencda01"
766,"cabreor01"
1013933,"wightbi01"
4961,"talbomi01"
1005638,"hendrcl01"
1004227,"fordwh01"
1011851,"sheerch01"
25878,"carroco02"
1004206,"fontejo01"
6317,"rogeres01"
1002731,"craneed01"
1004669,"gibsoki01"
16098,"gushuta01"
1012389,"staleha01"
1006099,"howelja02"
1000231,"anderji01"
1013513,"walkedu01"
743,"miltoer01"
1008502,"mcgarch01"
1006485,"johnsma05"
7952,"daleyma01"
18421,"cyrty01"
1006123,"hubbeca01"
1679,"utleych01"
1257,"kolbda01"
4436,"walljo02"
458,"aceveju01"
1007366,"lashefr01"
1005511,"hawkebi01"
204,"nixontr01"
1013613,"wardja01"
14444,"ryuhy01"
8841,"penara02"
454,"uribeju01"
1873,"hollima01"
5812,"davisbl01"
1013746,"weissga01"
1014122,"windlbi01"
1005835,"hilsech01"
1009552,"nichoal01"
1002099,"cedenan01"
1003551,"dunbato01"
1009800,"o'meato01"
1001629,"budnimi01"
1000527,"barbeda01"
1692,"webbbr01"
19273,"garrest01"
1891,"sheltch01"
1007212,"kuntzru01"
17179,"rossmbu01"
31475,"hendelo01"
1011459,"sauerha01"
1012060,"slaugen01"
1014166,"whitesh01"
1011288,"rudolke01"
1009567,"nichore01"
1005699,"hernach01"
1008166,"martifr02"
1012245,"snydefr01"
15157,"yacabji01"
1011681,"scottge01"
652,"grissma02"
1003261,"diazbo01"
1008434,"mcculch01"
1010685,"ramsefe01"
1014141,"winseto01"
1012496,"stephjo01"
1005117,"guerrju01"
1001261,"bowlist01"
2205,"kroegjo01"
484,"paquecr01"
1006204,"huntele01"
14382,"wangwe01"
13313,"jankojo01"
1002913,"cutshge01"
1013422,"vickeru01"
1003111,"deanto01"
1005351,"hardyja01"
957,"downsma01"
11038,"kiermke01"
1014068,"wilsocr01"
1007246,"ladedo01"
10200,"barnhtu01"
1012546,"stirnsn01"
1003767,"emerysp01"
23667,"francwa01"
1010984,"risbesw01"
1006487,"johnsmi02"
9460,"straida01"
1011514,"schalar01"
1000748,"becker01"
5337,"marticr01"
1004750,"gladdda01"
1013616,"wardjo02"
1008695,"mctigbi01"
1009161,"morelke01"
1004210,"footeba01"
1006911,"kilromi01"
1003972,"felixgu01"
1007386,"lavagco01"
1003278,"dicksja01"
1002644,"corsiji01"
1010726,"rayji01"
1013800,"westdi01"
4443,"shealry01"
1014447,"zimmejo01"
1001522,"brownja01"
7734,"parrja01"
1008141,"marshjo01"
1012440,"staubru01"
8249,"tanketa01"
1003502,"drillle01"
1009322,"munizma01"
1013358,"vanlawi01"
1000350,"atkinbi01"
1004200,"foleyto02"
1004882,"gormahe01"
1009356,"murphda06"
308,"almanca01"
24679,"donovbr01"
7215,"loughda01"
1001419,"bridgma01"
1001028,"blairbu01"
1005466,"hartucl01"
1011425,"sandhe01"
1000923,"bessehe01"
20253,"jaxgr01"
1002671,"coughma01"
1014343,"yewcito01"
1012906,"telghda01"
1006183,"humphbi01"
1008741,"mejiaro02"
31500,"rittery01"
1000594,"barredi01"
1523,"thamema01"
2434,"cruzne02"
813,"choatra01"
1012834,"tatebe01"
1012930,"terrysc01"
1011489,"scanlbo01"
1004970,"grayga01"
1000592,"barrebi02"
1003923,"fanniji01"
1002596,"coopega02"
1002723,"craigro01"
33703,"mcleano01"
1010897,"riceji01"
1010203,"perrige01"
1840,"chapmtr01"
373,"cabrejo02"
17282,"kopecmi01"
27753,"hornba01"
1009472,"neaglja01"
1006703,"karlsc01"
1004222,"fordhto01"
958,"leetr01"
2070,"velazgi01"
1012179,"smithmi01"
1009273,"moyered01"
1000642,"bassdo01"
1006696,"kappejo01"
1004795,"godwijo01"
1009550,"newtodo01"
1370,"furbuch01"
1001150,"bollogr01"
1003857,"evansal01"
1008542,"mcgrajo01"
1014077,"wilsoga01"
1001401,"bretthe01"
14416,"marteyu01"
1008903,"milleja02"
1005076,"grobco01"
2255,"prietch01"
19266,"widenta01"
13271,"shaffri01"
3990,"volqued01"
1002383,"cochrgo01"
1006930,"kingha01"
1006327,"jacobra01"
1003704,"eggerel01"
1001530,"brownjo02"
1011818,"shawbe01"
1007816,"ludwier01"
24765,"lavasbr01"
1000698,"bayha01"
31505,"stewasa02"
1001,"osikke01"
1006808,"kellymi01"
507,"almanar01"
1002371,"coachpe01"
1009251,"mossle01"
1010346,"pikeje01"
1014092,"wilsojo02"
20237,"iveyty01"
1004536,"garibda01"
1010661,"rakowed01"
1013247,"twombcy01"
17583,"diplama01"
1515,"riedljo01"
1001805,"cabreal01"
11205,"eatonad02"
1004731,"gilmapi01"
1011550,"schenjo01"
1005281,"hammaat01"
1012024,"sivespe01"
1001632,"buelofr01"
1002910,"cusicja01"
5530,"turleni01"
1011744,"semprra01"
1013346,"vancujo01"
1011855,"sheldro01"
1008413,"mccorfr01"
1007223,"kutinjo01"
1005455,"hartmi01"
31490,"mecklwa01"
1003480,"drakely01"
27668,"eiserbr01"
1007681,"loanebo01"
1009465,"navarja01"
1004752,"gladdji01"
1006685,"kampoal01"
1012976,"thomafr03"
21132,"diazal03"
9069,"bleicje01"
1600,"eckener01"
1001392,"brennto01"
1002344,"clemove01"
1455,"klassda01"
3551,"richacl01"
1005404,"harribu03"
26171,"gillico01"
1003749,"ellisji01"
729,"hawkila01"
33980,"pintajo01"
1007278,"lambra01"
1012155,"smithha08"
1006841,"kenneji01"
1012102,"smithbo04"
11424,"ranauan01"
1009609,"nixonru01"
1011542,"scheiri02"
1006806,"kellyki01"
1000717,"beardge01"
1003892,"faedole01"
1013729,"wehmehe01"
1011403,"sanbegu01"
17793,"wingetr01"
1001630,"buechst01"
1011776,"seyfrgo01"
1012126,"smithea01"
1009957,"pageva01"
1013961,"wilkiro01"
1003187,"demaral01"
1008583,"mckeefr01"
5692,"guevaca01"
